algorithm,signal_type,distance_m,sample_id,error_m,est_x_m,est_y_m,freq_band_Hz
CBF,projector,1,bubble 01 1000Hz .wav,1.968894,-1.888889,0.444444,1000-12000
MVDR,projector,1,bubble 01 1000Hz .wav,1.001542,-0.055556,0.000000,1000-12000
MUSIC,projector,1,bubble 01 1000Hz .wav,1.388889,0.833333,2.111111,1000-12000
MUSIC_CSDM,projector,1,bubble 01 1000Hz .wav,0.680981,-0.666667,1.138889,1000-12000
CBF,projector,1,bubble 02 1000Hz .wav,1.960450,-1.833333,0.305556,1000-12000
MVDR,projector,1,bubble 02 1000Hz .wav,1.000386,-0.027778,0.000000,1000-12000
MUSIC,projector,1,bubble 02 1000Hz .wav,1.372402,1.111111,0.194444,1000-12000
MUSIC_CSDM,projector,1,bubble 02 1000Hz .wav,1.308212,1.305556,1.083333,1000-12000
CBF,projector,1,bubble 03 1000Hz .wav,1.950783,-1.833333,0.333333,1000-12000
MVDR,projector,1,bubble 03 1000Hz .wav,1.001542,-0.055556,0.000000,1000-12000
MUSIC,projector,1,bubble 03 1000Hz .wav,1.701942,0.750000,2.527778,1000-12000
MUSIC_CSDM,projector,1,bubble 03 1000Hz .wav,1.051527,-0.222222,2.027778,1000-12000
CBF,projector,1,bubble 04 1000Hz .wav,1.872684,-1.750000,0.333333,1000-12000
MVDR,projector,1,bubble 04 1000Hz .wav,1.000386,-0.027778,0.000000,1000-12000
MUSIC,projector,1,bubble 04 1000Hz .wav,3.933278,0.361111,4.916667,1000-12000
MUSIC_CSDM,projector,1,bubble 04 1000Hz .wav,3.366731,0.638889,4.305556,1000-12000
CBF,projector,1,bubble 05 1000Hz .wav,2.039729,-1.777778,0.000000,1000-12000
MVDR,projector,1,bubble 05 1000Hz .wav,1.000386,-0.027778,0.000000,1000-12000
MUSIC,projector,1,bubble 05 1000Hz .wav,0.580017,-0.166667,0.444444,1000-12000
MUSIC_CSDM,projector,1,bubble 05 1000Hz .wav,0.752055,-0.055556,0.250000,1000-12000
CBF,projector,1,bubble 06 1000Hz .wav,1.963400,-1.777778,0.166667,1000-12000
MVDR,projector,1,bubble 06 1000Hz .wav,1.001542,-0.055556,0.000000,1000-12000
MUSIC,projector,1,bubble 06 1000Hz .wav,3.092454,-2.916667,2.027778,1000-12000
MUSIC_CSDM,projector,1,bubble 06 1000Hz .wav,0.512197,0.333333,0.611111,1000-12000
CBF,projector,1,bubble 07 1000Hz .wav,1.991494,-1.722222,0.000000,1000-12000
MVDR,projector,1,bubble 07 1000Hz .wav,1.000386,-0.027778,0.000000,1000-12000
MUSIC,projector,1,bubble 07 1000Hz .wav,4.037823,-1.861111,4.583333,1000-12000
MUSIC_CSDM,projector,1,bubble 07 1000Hz .wav,0.599640,-0.138889,0.416667,1000-12000
CBF,projector,1,bubble 08 1000Hz .wav,1.967522,-1.694444,0.000000,1000-12000
MVDR,projector,1,bubble 08 1000Hz .wav,0.918349,-0.055556,0.083333,1000-12000
MUSIC,projector,1,bubble 08 1000Hz .wav,1.533826,0.888889,2.250000,1000-12000
MUSIC_CSDM,projector,1,bubble 08 1000Hz .wav,2.598225,0.277778,3.583333,1000-12000
CBF,projector,1,bubble 09 1000Hz .wav,1.943651,-1.666667,0.000000,1000-12000
MVDR,projector,1,bubble 09 1000Hz .wav,0.973808,-0.055556,0.027778,1000-12000
MUSIC,projector,1,bubble 09 1000Hz .wav,1.184389,-0.916667,0.250000,1000-12000
MUSIC_CSDM,projector,1,bubble 09 1000Hz .wav,2.546633,-1.138889,3.277778,1000-12000
CBF,projector,1,bubble 10 1000Hz .wav,1.943651,-1.666667,0.000000,1000-12000
MVDR,projector,1,bubble 10 1000Hz .wav,1.000386,-0.027778,0.000000,1000-12000
MUSIC,projector,1,bubble 10 1000Hz .wav,2.203042,2.194444,0.805556,1000-12000
MUSIC_CSDM,projector,1,bubble 10 1000Hz .wav,2.041619,0.527778,2.972222,1000-12000
CBF,projector,1,bubble 11 1000Hz .wav,1.943651,-1.666667,0.000000,1000-12000
MVDR,projector,1,bubble 11 1000Hz .wav,1.000386,-0.027778,0.000000,1000-12000
MUSIC,projector,1,bubble 11 1000Hz .wav,0.202225,-0.055556,0.805556,1000-12000
MUSIC_CSDM,projector,1,bubble 11 1000Hz .wav,0.055556,0.000000,1.055556,1000-12000
CBF,projector,1,bubble 12 1000Hz .wav,1.896228,-1.611111,0.000000,1000-12000
MVDR,projector,1,bubble 12 1000Hz .wav,1.000386,-0.027778,0.000000,1000-12000
MUSIC,projector,1,bubble 12 1000Hz .wav,2.525182,1.611111,2.944444,1000-12000
MUSIC_CSDM,projector,1,bubble 12 1000Hz .wav,0.385901,0.194444,0.666667,1000-12000
CBF,projector,1,bubble 13 1000Hz .wav,1.849257,-1.555556,0.000000,1000-12000
MVDR,projector,1,bubble 13 1000Hz .wav,0.973808,-0.055556,0.027778,1000-12000
MUSIC,projector,1,bubble 13 1000Hz .wav,1.118034,0.500000,0.000000,1000-12000
MUSIC_CSDM,projector,1,bubble 13 1000Hz .wav,0.944853,0.027778,1.944444,1000-12000
CBF,projector,1,bubble 14 1000Hz .wav,5.000694,-0.083333,6.000000,1000-12000
MVDR,projector,1,bubble 14 1000Hz .wav,0.918349,-0.055556,0.083333,1000-12000
MUSIC,projector,1,bubble 14 1000Hz .wav,0.549972,0.388889,0.611111,1000-12000
MUSIC_CSDM,projector,1,bubble 14 1000Hz .wav,3.082833,2.805556,2.277778,1000-12000
CBF,projector,1,bubble 15 1000Hz .wav,5.000309,-0.055556,6.000000,1000-12000
MVDR,projector,1,bubble 15 1000Hz .wav,1.000386,-0.027778,0.000000,1000-12000
MUSIC,projector,1,bubble 15 1000Hz .wav,0.687184,-0.166667,0.333333,1000-12000
MUSIC_CSDM,projector,1,bubble 15 1000Hz .wav,0.141639,0.027778,0.861111,1000-12000
CBF,projector,1,bubble 16 1000Hz .wav,5.000694,-0.083333,6.000000,1000-12000
MVDR,projector,1,bubble 16 1000Hz .wav,1.000386,-0.027778,0.000000,1000-12000
MUSIC,projector,1,bubble 16 1000Hz .wav,1.150013,-0.694444,0.083333,1000-12000
MUSIC_CSDM,projector,1,bubble 16 1000Hz .wav,2.288255,-2.250000,1.416667,1000-12000
CBF,projector,1,bubble 17 1000Hz .wav,5.000309,-0.055556,6.000000,1000-12000
MVDR,projector,1,bubble 17 1000Hz .wav,1.000386,-0.027778,0.000000,1000-12000
MUSIC,projector,1,bubble 17 1000Hz .wav,1.961237,-1.555556,2.194444,1000-12000
MUSIC_CSDM,projector,1,bubble 17 1000Hz .wav,2.806793,2.805556,0.916667,1000-12000
CBF,projector,1,bubble 18 1000Hz .wav,5.000694,-0.083333,6.000000,1000-12000
MVDR,projector,1,bubble 18 1000Hz .wav,0.918349,-0.055556,0.083333,1000-12000
MUSIC,projector,1,bubble 18 1000Hz .wav,0.323942,-0.166667,1.277778,1000-12000
MUSIC_CSDM,projector,1,bubble 18 1000Hz .wav,0.177865,-0.111111,0.861111,1000-12000
CBF,projector,1,bubble 19 1000Hz .wav,5.000077,-0.027778,6.000000,1000-12000
MVDR,projector,1,bubble 19 1000Hz .wav,1.000386,-0.027778,0.000000,1000-12000
MUSIC,projector,1,bubble 19 1000Hz .wav,1.223484,1.222222,1.055556,1000-12000
MUSIC_CSDM,projector,1,bubble 19 1000Hz .wav,3.850004,2.694444,3.750000,1000-12000
CBF,projector,1,bubble 20 1000Hz .wav,5.000077,-0.027778,6.000000,1000-12000
MVDR,projector,1,bubble 20 1000Hz .wav,1.000386,-0.027778,0.000000,1000-12000
MUSIC,projector,1,bubble 20 1000Hz .wav,0.559017,0.500000,1.250000,1000-12000
MUSIC_CSDM,projector,1,bubble 20 1000Hz .wav,0.918349,-0.055556,1.916667,1000-12000
CBF,projector,2,bubble 01 1000Hz .wav,3.162278,3.000000,1.000000,1000-12000
MVDR,projector,2,bubble 01 1000Hz .wav,2.023206,-0.305556,0.000000,1000-12000
MUSIC,projector,2,bubble 01 1000Hz .wav,0.492223,0.138889,1.527778,1000-12000
MUSIC_CSDM,projector,2,bubble 01 1000Hz .wav,1.433990,-1.027778,3.000000,1000-12000
CBF,projector,2,bubble 02 1000Hz .wav,2.639327,1.722222,0.000000,1000-12000
MVDR,projector,2,bubble 02 1000Hz .wav,2.023206,-0.305556,0.000000,1000-12000
MUSIC,projector,2,bubble 02 1000Hz .wav,1.325207,0.722222,0.888889,1000-12000
MUSIC_CSDM,projector,2,bubble 02 1000Hz .wav,1.250000,0.000000,0.750000,1000-12000
CBF,projector,2,bubble 03 1000Hz .wav,1.925303,-1.333333,0.611111,1000-12000
MVDR,projector,2,bubble 03 1000Hz .wav,2.012308,-0.222222,0.000000,1000-12000
MUSIC,projector,2,bubble 03 1000Hz .wav,1.250000,0.000000,0.750000,1000-12000
MUSIC_CSDM,projector,2,bubble 03 1000Hz .wav,3.790929,-0.555556,5.750000,1000-12000
CBF,projector,2,bubble 04 1000Hz .wav,1.622565,-1.277778,1.000000,1000-12000
MVDR,projector,2,bubble 04 1000Hz .wav,2.023206,-0.305556,0.000000,1000-12000
MUSIC,projector,2,bubble 04 1000Hz .wav,1.945436,1.333333,0.583333,1000-12000
MUSIC_CSDM,projector,2,bubble 04 1000Hz .wav,1.329276,-0.583333,3.194444,1000-12000
CBF,projector,2,bubble 05 1000Hz .wav,2.025493,-1.500000,0.638889,1000-12000
MVDR,projector,2,bubble 05 1000Hz .wav,0.372678,0.166667,1.666667,1000-12000
MUSIC,projector,2,bubble 05 1000Hz .wav,1.003466,0.666667,1.250000,1000-12000
MUSIC_CSDM,projector,2,bubble 05 1000Hz .wav,2.373009,1.861111,0.527778,1000-12000
CBF,projector,2,bubble 06 1000Hz .wav,2.621286,-1.694444,4.000000,1000-12000
MVDR,projector,2,bubble 06 1000Hz .wav,3.004626,3.000000,2.166667,1000-12000
MUSIC,projector,2,bubble 06 1000Hz .wav,1.667592,0.055556,0.333333,1000-12000
MUSIC_CSDM,projector,2,bubble 06 1000Hz .wav,1.057017,-0.055556,0.944444,1000-12000
CBF,projector,2,bubble 07 1000Hz .wav,4.411772,1.861111,6.000000,1000-12000
MVDR,projector,2,bubble 07 1000Hz .wav,2.012308,-0.222222,0.000000,1000-12000
MUSIC,projector,2,bubble 07 1000Hz .wav,0.100154,0.055556,1.916667,1000-12000
MUSIC_CSDM,projector,2,bubble 07 1000Hz .wav,1.166997,0.027778,0.833333,1000-12000
CBF,projector,2,bubble 08 1000Hz .wav,2.161854,-1.916667,3.000000,1000-12000
MVDR,projector,2,bubble 08 1000Hz .wav,0.528508,0.527778,1.972222,1000-12000
MUSIC,projector,2,bubble 08 1000Hz .wav,1.862976,-0.083333,0.138889,1000-12000
MUSIC_CSDM,projector,2,bubble 08 1000Hz .wav,4.062209,2.361111,5.305556,1000-12000
CBF,projector,2,bubble 09 1000Hz .wav,2.867980,-2.055556,0.000000,1000-12000
MVDR,projector,2,bubble 09 1000Hz .wav,1.170958,0.444444,0.916667,1000-12000
MUSIC,projector,2,bubble 09 1000Hz .wav,3.484202,2.027778,4.833333,1000-12000
MUSIC_CSDM,projector,2,bubble 09 1000Hz .wav,4.001543,0.111111,6.000000,1000-12000
CBF,projector,2,bubble 10 1000Hz .wav,2.867980,-2.055556,0.000000,1000-12000
MVDR,projector,2,bubble 10 1000Hz .wav,2.156135,-0.805556,0.000000,1000-12000
MUSIC,projector,2,bubble 10 1000Hz .wav,1.495879,-0.388889,3.444444,1000-12000
MUSIC_CSDM,projector,2,bubble 10 1000Hz .wav,1.155369,-0.527778,0.972222,1000-12000
CBF,projector,2,bubble 11 1000Hz .wav,2.908056,-2.111111,0.000000,1000-12000
MVDR,projector,2,bubble 11 1000Hz .wav,1.298741,-0.861111,1.027778,1000-12000
MUSIC,projector,2,bubble 11 1000Hz .wav,1.257692,0.861111,1.083333,1000-12000
MUSIC_CSDM,projector,2,bubble 11 1000Hz .wav,1.798919,-0.416667,0.250000,1000-12000
CBF,projector,2,bubble 12 1000Hz .wav,3.073181,-2.333333,0.000000,1000-12000
MVDR,projector,2,bubble 12 1000Hz .wav,2.108185,-0.666667,0.000000,1000-12000
MUSIC,projector,2,bubble 12 1000Hz .wav,2.770128,1.916667,0.000000,1000-12000
MUSIC_CSDM,projector,2,bubble 12 1000Hz .wav,1.172275,0.944444,1.305556,1000-12000
CBF,projector,2,bubble 13 1000Hz .wav,3.031216,-2.277778,0.000000,1000-12000
MVDR,projector,2,bubble 13 1000Hz .wav,1.629682,-0.805556,0.583333,1000-12000
MUSIC,projector,2,bubble 13 1000Hz .wav,1.886027,-1.305556,0.638889,1000-12000
MUSIC_CSDM,projector,2,bubble 13 1000Hz .wav,1.530049,-0.416667,3.472222,1000-12000
CBF,projector,2,bubble 14 1000Hz .wav,2.004817,0.138889,0.000000,1000-12000
MVDR,projector,2,bubble 14 1000Hz .wav,1.915056,-0.777778,0.250000,1000-12000
MUSIC,projector,2,bubble 14 1000Hz .wav,1.650150,-0.972222,3.333333,1000-12000
MUSIC_CSDM,projector,2,bubble 14 1000Hz .wav,1.009981,0.861111,2.527778,1000-12000
CBF,projector,2,bubble 15 1000Hz .wav,3.010399,-2.250000,0.000000,1000-12000
MVDR,projector,2,bubble 15 1000Hz .wav,1.841941,-0.722222,0.305556,1000-12000
MUSIC,projector,2,bubble 15 1000Hz .wav,2.567154,0.583333,4.500000,1000-12000
MUSIC_CSDM,projector,2,bubble 15 1000Hz .wav,1.556795,-0.416667,0.500000,1000-12000
CBF,projector,2,bubble 16 1000Hz .wav,1.805556,0.444444,0.250000,1000-12000
MVDR,projector,2,bubble 16 1000Hz .wav,1.996332,-0.722222,0.138889,1000-12000
MUSIC,projector,2,bubble 16 1000Hz .wav,2.043131,1.416667,0.527778,1000-12000
MUSIC_CSDM,projector,2,bubble 16 1000Hz .wav,1.810890,0.138889,3.805556,1000-12000
CBF,projector,2,bubble 17 1000Hz .wav,1.610393,0.416667,0.444444,1000-12000
MVDR,projector,2,bubble 17 1000Hz .wav,1.898667,-0.666667,0.222222,1000-12000
MUSIC,projector,2,bubble 17 1000Hz .wav,1.602949,-0.250000,0.416667,1000-12000
MUSIC_CSDM,projector,2,bubble 17 1000Hz .wav,2.124591,1.583333,3.416667,1000-12000
CBF,projector,2,bubble 18 1000Hz .wav,1.695355,0.527778,0.388889,1000-12000
MVDR,projector,2,bubble 18 1000Hz .wav,1.024770,-0.861111,1.444444,1000-12000
MUSIC,projector,2,bubble 18 1000Hz .wav,1.354576,-0.638889,0.805556,1000-12000
MUSIC_CSDM,projector,2,bubble 18 1000Hz .wav,0.820738,-0.750000,1.666667,1000-12000
CBF,projector,2,bubble 19 1000Hz .wav,1.832491,0.444444,0.222222,1000-12000
MVDR,projector,2,bubble 19 1000Hz .wav,1.856961,-0.694444,0.277778,1000-12000
MUSIC,projector,2,bubble 19 1000Hz .wav,1.929506,-1.666667,2.972222,1000-12000
MUSIC_CSDM,projector,2,bubble 19 1000Hz .wav,1.920086,-0.472222,0.138889,1000-12000
CBF,projector,2,bubble 20 1000Hz .wav,1.152359,1.111111,1.694444,1000-12000
MVDR,projector,2,bubble 20 1000Hz .wav,2.083333,-0.583333,0.000000,1000-12000
MUSIC,projector,2,bubble 20 1000Hz .wav,1.554067,1.416667,2.638889,1000-12000
MUSIC_CSDM,projector,2,bubble 20 1000Hz .wav,1.172275,-0.944444,2.694444,1000-12000
CBF,projector,3,Amplitude_observation.wav,1.274452,-0.361111,1.777778,1000-12000
MVDR,projector,3,Amplitude_observation.wav,2.137265,-2.111111,3.333333,1000-12000
MUSIC,projector,3,Amplitude_observation.wav,2.028539,-0.055556,0.972222,1000-12000
MUSIC_CSDM,projector,3,Amplitude_observation.wav,0.111111,0.000000,2.888889,1000-12000
CBF,projector,3,bubble 01 1000Hz .wav,1.106239,-0.527778,2.027778,1000-12000
MVDR,projector,3,bubble 01 1000Hz .wav,1.968894,-1.888889,2.444444,1000-12000
MUSIC,projector,3,bubble 01 1000Hz .wav,0.251538,-0.027778,3.250000,1000-12000
MUSIC_CSDM,projector,3,bubble 01 1000Hz .wav,3.218868,1.166667,0.000000,1000-12000
CBF,projector,3,bubble 02 1000Hz .wav,1.045641,-0.666667,2.194444,1000-12000
MVDR,projector,3,bubble 02 1000Hz .wav,1.751763,-1.694444,2.555556,1000-12000
MUSIC,projector,3,bubble 02 1000Hz .wav,2.947718,-0.138889,0.055556,1000-12000
MUSIC_CSDM,projector,3,bubble 02 1000Hz .wav,2.733678,-2.472222,1.833333,1000-12000
CBF,projector,3,bubble 03 1000Hz .wav,1.142947,-0.500000,1.972222,1000-12000
MVDR,projector,3,bubble 03 1000Hz .wav,2.061553,-2.000000,2.500000,1000-12000
MUSIC,projector,3,bubble 03 1000Hz .wav,1.926505,-0.194444,1.083333,1000-12000
MUSIC_CSDM,projector,3,bubble 03 1000Hz .wav,1.711436,-1.666667,3.388889,1000-12000
CBF,projector,3,bubble 04 1000Hz .wav,1.078694,-0.611111,2.111111,1000-12000
MVDR,projector,3,bubble 04 1000Hz .wav,1.854466,-1.777778,2.472222,1000-12000
MUSIC,projector,3,bubble 04 1000Hz .wav,1.961237,-1.888889,2.472222,1000-12000
MUSIC_CSDM,projector,3,bubble 04 1000Hz .wav,2.663337,1.333333,5.305556,1000-12000
CBF,projector,3,bubble 05 1000Hz .wav,1.142947,-0.500000,1.972222,1000-12000
MVDR,projector,3,bubble 05 1000Hz .wav,2.542994,-2.527778,2.722222,1000-12000
MUSIC,projector,3,bubble 05 1000Hz .wav,2.555707,-2.027778,4.555556,1000-12000
MUSIC_CSDM,projector,3,bubble 05 1000Hz .wav,2.046150,1.361111,4.527778,1000-12000
CBF,projector,3,bubble 06 1000Hz .wav,1.033393,-0.611111,2.166667,1000-12000
MVDR,projector,3,bubble 06 1000Hz .wav,2.339278,-2.333333,2.833333,1000-12000
MUSIC,projector,3,bubble 06 1000Hz .wav,0.202225,0.055556,2.805556,1000-12000
MUSIC_CSDM,projector,3,bubble 06 1000Hz .wav,2.888889,-2.888889,3.000000,1000-12000
CBF,projector,3,bubble 07 1000Hz .wav,1.106239,-0.527778,2.027778,1000-12000
MVDR,projector,3,bubble 07 1000Hz .wav,2.219617,-2.194444,2.666667,1000-12000
MUSIC,projector,3,bubble 07 1000Hz .wav,2.426862,-1.333333,0.972222,1000-12000
MUSIC_CSDM,projector,3,bubble 07 1000Hz .wav,0.825893,-0.777778,3.277778,1000-12000
CBF,projector,3,bubble 08 1000Hz .wav,1.063203,-0.583333,2.111111,1000-12000
MVDR,projector,3,bubble 08 1000Hz .wav,1.970461,-1.833333,2.277778,1000-12000
MUSIC,projector,3,bubble 08 1000Hz .wav,2.073123,-0.638889,1.027778,1000-12000
MUSIC_CSDM,projector,3,bubble 08 1000Hz .wav,2.694874,-2.611111,2.333333,1000-12000
CBF,projector,3,bubble 09 1000Hz .wav,1.055921,-0.611111,2.138889,1000-12000
MVDR,projector,3,bubble 09 1000Hz .wav,2.361111,-2.361111,3.000000,1000-12000
MUSIC,projector,3,bubble 09 1000Hz .wav,1.766675,-1.694444,3.500000,1000-12000
MUSIC_CSDM,projector,3,bubble 09 1000Hz .wav,2.699165,-2.472222,1.916667,1000-12000
CBF,projector,3,bubble 10 1000Hz .wav,1.028153,-0.638889,2.194444,1000-12000
MVDR,projector,3,bubble 10 1000Hz .wav,2.311572,-2.305556,2.833333,1000-12000
MUSIC,projector,3,bubble 10 1000Hz .wav,2.539351,-0.861111,0.611111,1000-12000
MUSIC_CSDM,projector,3,bubble 10 1000Hz .wav,2.236930,-1.055556,1.027778,1000-12000
CBF,projector,3,bubble 11 1000Hz .wav,1.093259,-0.500000,2.027778,1000-12000
MVDR,projector,3,bubble 11 1000Hz .wav,1.862976,-1.750000,2.361111,1000-12000
MUSIC,projector,3,bubble 11 1000Hz .wav,2.861246,-0.027778,0.138889,1000-12000
MUSIC_CSDM,projector,3,bubble 11 1000Hz .wav,2.952818,1.944444,0.777778,1000-12000
CBF,projector,3,bubble 12 1000Hz .wav,1.024394,-0.666667,2.222222,1000-12000
MVDR,projector,3,bubble 12 1000Hz .wav,2.064732,-1.944444,2.305556,1000-12000
MUSIC,projector,3,bubble 12 1000Hz .wav,1.795270,-0.250000,1.222222,1000-12000
MUSIC_CSDM,projector,3,bubble 12 1000Hz .wav,1.943651,-1.666667,2.000000,1000-12000
CBF,projector,3,bubble 13 1000Hz .wav,1.095727,-0.555556,2.055556,1000-12000
MVDR,projector,3,bubble 13 1000Hz .wav,1.801277,-1.722222,2.472222,1000-12000
MUSIC,projector,3,bubble 13 1000Hz .wav,3.031343,-2.694444,4.388889,1000-12000
MUSIC_CSDM,projector,3,bubble 13 1000Hz .wav,1.849257,-1.000000,4.555556,1000-12000
CBF,projector,3,bubble 14 1000Hz .wav,1.040091,-0.583333,2.138889,1000-12000
MVDR,projector,3,bubble 14 1000Hz .wav,1.774737,-1.694444,2.472222,1000-12000
MUSIC,projector,3,bubble 14 1000Hz .wav,1.540102,-1.194444,3.972222,1000-12000
MUSIC_CSDM,projector,3,bubble 14 1000Hz .wav,0.820268,0.388889,2.277778,1000-12000
CBF,projector,3,bubble 15 1000Hz .wav,1.081908,-0.527778,2.055556,1000-12000
MVDR,projector,3,bubble 15 1000Hz .wav,1.705565,-1.638889,2.527778,1000-12000
MUSIC,projector,3,bubble 15 1000Hz .wav,0.701079,-0.583333,2.611111,1000-12000
MUSIC_CSDM,projector,3,bubble 15 1000Hz .wav,0.385901,0.194444,3.333333,1000-12000
CBF,projector,3,bubble 16 1000Hz .wav,1.196703,-0.444444,1.888889,1000-12000
MVDR,projector,3,bubble 16 1000Hz .wav,2.156851,-2.138889,2.722222,1000-12000
MUSIC,projector,3,bubble 16 1000Hz .wav,0.943218,-0.222222,3.916667,1000-12000
MUSIC_CSDM,projector,3,bubble 16 1000Hz .wav,0.931281,-0.277778,3.888889,1000-12000
CBF,projector,3,bubble 17 1000Hz .wav,1.022132,-0.694444,2.250000,1000-12000
MVDR,projector,3,bubble 17 1000Hz .wav,1.686914,-1.611111,2.500000,1000-12000
MUSIC,projector,3,bubble 17 1000Hz .wav,3.229040,1.194444,0.000000,1000-12000
MUSIC_CSDM,projector,3,bubble 17 1000Hz .wav,1.083689,-0.027778,1.916667,1000-12000
CBF,projector,3,bubble 18 1000Hz .wav,1.067187,-0.666667,2.166667,1000-12000
MVDR,projector,3,bubble 18 1000Hz .wav,2.283867,-2.277778,2.833333,1000-12000
MUSIC,projector,3,bubble 18 1000Hz .wav,2.251543,0.083333,5.250000,1000-12000
MUSIC_CSDM,projector,3,bubble 18 1000Hz .wav,1.029278,-1.027778,3.055556,1000-12000
CBF,projector,3,bubble 19 1000Hz .wav,1.028153,-0.638889,2.194444,1000-12000
MVDR,projector,3,bubble 19 1000Hz .wav,1.920086,-1.861111,2.527778,1000-12000
MUSIC,projector,3,bubble 19 1000Hz .wav,1.445512,-0.055556,1.555556,1000-12000
MUSIC_CSDM,projector,3,bubble 19 1000Hz .wav,0.716860,0.416667,2.416667,1000-12000
CBF,projector,1,bubble 01 11000Hz .wav,2.838367,2.777778,1.583333,1000-12000
MVDR,projector,1,bubble 01 11000Hz .wav,0.141639,-0.027778,0.861111,1000-12000
MUSIC,projector,1,bubble 01 11000Hz .wav,1.861940,-0.055556,2.861111,1000-12000
MUSIC_CSDM,projector,1,bubble 01 11000Hz .wav,0.168966,-0.027778,0.833333,1000-12000
CBF,projector,1,bubble 02 11000Hz .wav,2.838367,2.777778,1.583333,1000-12000
MVDR,projector,1,bubble 02 11000Hz .wav,0.141639,-0.027778,0.861111,1000-12000
MUSIC,projector,1,bubble 02 11000Hz .wav,1.422103,1.388889,1.305556,1000-12000
MUSIC_CSDM,projector,1,bubble 02 11000Hz .wav,0.062113,-0.027778,0.944444,1000-12000
CBF,projector,1,bubble 03 11000Hz .wav,2.838367,2.777778,1.583333,1000-12000
MVDR,projector,1,bubble 03 11000Hz .wav,0.141639,-0.027778,0.861111,1000-12000
MUSIC,projector,1,bubble 03 11000Hz .wav,1.422103,-0.305556,2.388889,1000-12000
MUSIC_CSDM,projector,1,bubble 03 11000Hz .wav,0.168966,-0.027778,0.833333,1000-12000
CBF,projector,1,bubble 04 11000Hz .wav,2.838367,2.777778,1.583333,1000-12000
MVDR,projector,1,bubble 04 11000Hz .wav,0.141639,-0.027778,0.861111,1000-12000
MUSIC,projector,1,bubble 04 11000Hz .wav,0.555556,0.000000,1.555556,1000-12000
MUSIC_CSDM,projector,1,bubble 04 11000Hz .wav,4.446614,-0.138889,5.444444,1000-12000
CBF,projector,1,bubble 05 11000Hz .wav,2.838367,2.777778,1.583333,1000-12000
MVDR,projector,1,bubble 05 11000Hz .wav,0.141639,-0.027778,0.861111,1000-12000
MUSIC,projector,1,bubble 05 11000Hz .wav,1.889706,-0.055556,2.888889,1000-12000
MUSIC_CSDM,projector,1,bubble 05 11000Hz .wav,4.668733,-0.138889,5.666667,1000-12000
CBF,projector,1,bubble 06 11000Hz .wav,2.838367,2.777778,1.583333,1000-12000
MVDR,projector,1,bubble 06 11000Hz .wav,0.141639,-0.027778,0.861111,1000-12000
MUSIC,projector,1,bubble 06 11000Hz .wav,0.611111,0.000000,1.611111,1000-12000
MUSIC_CSDM,projector,1,bubble 06 11000Hz .wav,4.696499,-0.138889,5.694444,1000-12000
CBF,projector,1,bubble 07 11000Hz .wav,2.838367,2.777778,1.583333,1000-12000
MVDR,projector,1,bubble 07 11000Hz .wav,0.141639,-0.027778,0.861111,1000-12000
MUSIC,projector,1,bubble 07 11000Hz .wav,0.716860,0.416667,0.416667,1000-12000
MUSIC_CSDM,projector,1,bubble 07 11000Hz .wav,0.062113,-0.027778,0.944444,1000-12000
CBF,projector,1,bubble 08 11000Hz .wav,2.838367,2.777778,1.583333,1000-12000
MVDR,projector,1,bubble 08 11000Hz .wav,0.141639,-0.027778,0.861111,1000-12000
MUSIC,projector,1,bubble 08 11000Hz .wav,0.283279,0.277778,1.055556,1000-12000
MUSIC_CSDM,projector,1,bubble 08 11000Hz .wav,4.334758,-0.111111,5.333333,1000-12000
CBF,projector,1,bubble 09 11000Hz .wav,2.838367,2.777778,1.583333,1000-12000
MVDR,projector,1,bubble 09 11000Hz .wav,0.141639,-0.027778,0.861111,1000-12000
MUSIC,projector,1,bubble 09 11000Hz .wav,0.039284,-0.027778,0.972222,1000-12000
MUSIC_CSDM,projector,1,bubble 09 11000Hz .wav,0.168966,-0.027778,0.833333,1000-12000
CBF,projector,1,bubble 10 11000Hz .wav,2.838367,2.777778,1.583333,1000-12000
MVDR,projector,1,bubble 10 11000Hz .wav,0.141639,-0.027778,0.861111,1000-12000
MUSIC,projector,1,bubble 10 11000Hz .wav,1.478498,-1.333333,1.638889,1000-12000
MUSIC_CSDM,projector,1,bubble 10 11000Hz .wav,4.613202,-0.138889,5.611111,1000-12000
CBF,projector,1,bubble 11 11000Hz .wav,2.838367,2.777778,1.583333,1000-12000
MVDR,projector,1,bubble 11 11000Hz .wav,0.141639,-0.027778,0.861111,1000-12000
MUSIC,projector,1,bubble 11 11000Hz .wav,2.001735,-0.083333,3.000000,1000-12000
MUSIC_CSDM,projector,1,bubble 11 11000Hz .wav,4.362526,-0.111111,5.361111,1000-12000
CBF,projector,1,bubble 12 11000Hz .wav,2.838367,2.777778,1.583333,1000-12000
MVDR,projector,1,bubble 12 11000Hz .wav,0.141639,-0.027778,0.861111,1000-12000
MUSIC,projector,1,bubble 12 11000Hz .wav,1.689656,1.666667,1.277778,1000-12000
MUSIC_CSDM,projector,1,bubble 12 11000Hz .wav,0.168966,-0.027778,0.833333,1000-12000
CBF,projector,1,bubble 13 11000Hz .wav,2.838367,2.777778,1.583333,1000-12000
MVDR,projector,1,bubble 13 11000Hz .wav,0.141639,-0.027778,0.861111,1000-12000
MUSIC,projector,1,bubble 13 11000Hz .wav,1.206016,-0.305556,2.166667,1000-12000
MUSIC_CSDM,projector,1,bubble 13 11000Hz .wav,0.062113,-0.027778,0.944444,1000-12000
CBF,projector,1,bubble 14 11000Hz .wav,2.838367,2.777778,1.583333,1000-12000
MVDR,projector,1,bubble 14 11000Hz .wav,0.141639,-0.027778,0.861111,1000-12000
MUSIC,projector,1,bubble 14 11000Hz .wav,4.228066,-0.222222,5.222222,1000-12000
MUSIC_CSDM,projector,1,bubble 14 11000Hz .wav,0.168966,-0.027778,0.833333,1000-12000
CBF,projector,1,bubble 15 11000Hz .wav,2.838367,2.777778,1.583333,1000-12000
MVDR,projector,1,bubble 15 11000Hz .wav,0.141639,-0.027778,0.861111,1000-12000
MUSIC,projector,1,bubble 15 11000Hz .wav,1.374930,1.361111,0.805556,1000-12000
MUSIC_CSDM,projector,1,bubble 15 11000Hz .wav,0.168966,-0.027778,0.833333,1000-12000
CBF,projector,1,bubble 16 11000Hz .wav,2.832789,2.777778,1.555556,1000-12000
MVDR,projector,1,bubble 16 11000Hz .wav,0.141639,-0.027778,0.861111,1000-12000
MUSIC,projector,1,bubble 16 11000Hz .wav,2.223784,-0.083333,3.222222,1000-12000
MUSIC_CSDM,projector,1,bubble 16 11000Hz .wav,4.306989,-0.111111,5.305556,1000-12000
CBF,projector,1,bubble 17 11000Hz .wav,2.832789,2.777778,1.555556,1000-12000
MVDR,projector,1,bubble 17 11000Hz .wav,0.141639,-0.027778,0.861111,1000-12000
MUSIC,projector,1,bubble 17 11000Hz .wav,0.931695,-0.416667,1.833333,1000-12000
MUSIC_CSDM,projector,1,bubble 17 11000Hz .wav,4.251452,-0.111111,5.250000,1000-12000
CBF,projector,1,bubble 18 11000Hz .wav,2.832789,2.777778,1.555556,1000-12000
MVDR,projector,1,bubble 18 11000Hz .wav,0.141639,-0.027778,0.861111,1000-12000
MUSIC,projector,1,bubble 18 11000Hz .wav,2.000771,-0.055556,3.000000,1000-12000
MUSIC_CSDM,projector,1,bubble 18 11000Hz .wav,0.168966,-0.027778,0.833333,1000-12000
CBF,projector,1,bubble 19 11000Hz .wav,2.832789,2.777778,1.555556,1000-12000
MVDR,projector,1,bubble 19 11000Hz .wav,0.141639,-0.027778,0.861111,1000-12000
MUSIC,projector,1,bubble 19 11000Hz .wav,0.039284,-0.027778,0.972222,1000-12000
MUSIC_CSDM,projector,1,bubble 19 11000Hz .wav,0.062113,-0.027778,0.944444,1000-12000
CBF,projector,1,bubble 20 11000Hz .wav,2.832789,2.777778,1.555556,1000-12000
MVDR,projector,1,bubble 20 11000Hz .wav,0.141639,-0.027778,0.861111,1000-12000
MUSIC,projector,1,bubble 20 11000Hz .wav,2.001735,-0.083333,3.000000,1000-12000
MUSIC_CSDM,projector,1,bubble 20 11000Hz .wav,4.306989,-0.111111,5.305556,1000-12000
CBF,projector,2,bubble 01 11000Hz .wav,1.939279,1.194444,0.472222,1000-12000
MVDR,projector,2,bubble 01 11000Hz .wav,0.536478,0.500000,2.194444,1000-12000
MUSIC,projector,2,bubble 01 11000Hz .wav,2.223784,-1.666667,3.472222,1000-12000
MUSIC_CSDM,projector,2,bubble 01 11000Hz .wav,2.479702,-0.416667,4.444444,1000-12000
CBF,projector,2,bubble 02 11000Hz .wav,1.939279,1.194444,0.472222,1000-12000
MVDR,projector,2,bubble 02 11000Hz .wav,0.536478,0.500000,2.194444,1000-12000
MUSIC,projector,2,bubble 02 11000Hz .wav,1.988586,-0.416667,3.944444,1000-12000
MUSIC_CSDM,projector,2,bubble 02 11000Hz .wav,1.750220,-0.027778,0.250000,1000-12000
CBF,projector,2,bubble 03 11000Hz .wav,1.939279,1.194444,0.472222,1000-12000
MVDR,projector,2,bubble 03 11000Hz .wav,0.536478,0.500000,2.194444,1000-12000
MUSIC,projector,2,bubble 03 11000Hz .wav,1.442306,-0.388889,3.388889,1000-12000
MUSIC_CSDM,projector,2,bubble 03 11000Hz .wav,1.750220,-0.027778,0.250000,1000-12000
CBF,projector,2,bubble 04 11000Hz .wav,1.939279,1.194444,0.472222,1000-12000
MVDR,projector,2,bubble 04 11000Hz .wav,0.536478,0.500000,2.194444,1000-12000
MUSIC,projector,2,bubble 04 11000Hz .wav,0.722222,0.277778,1.333333,1000-12000
MUSIC_CSDM,projector,2,bubble 04 11000Hz .wav,1.750220,-0.027778,0.250000,1000-12000
CBF,projector,2,bubble 05 11000Hz .wav,1.939279,1.194444,0.472222,1000-12000
MVDR,projector,2,bubble 05 11000Hz .wav,0.536478,0.500000,2.194444,1000-12000
MUSIC,projector,2,bubble 05 11000Hz .wav,1.694672,-0.027778,0.305556,1000-12000
MUSIC_CSDM,projector,2,bubble 05 11000Hz .wav,1.750220,-0.027778,0.250000,1000-12000
CBF,projector,2,bubble 06 11000Hz .wav,1.939279,1.194444,0.472222,1000-12000
MVDR,projector,2,bubble 06 11000Hz .wav,0.536478,0.500000,2.194444,1000-12000
MUSIC,projector,2,bubble 06 11000Hz .wav,1.335646,0.944444,1.055556,1000-12000
MUSIC_CSDM,projector,2,bubble 06 11000Hz .wav,1.750220,-0.027778,0.250000,1000-12000
CBF,projector,2,bubble 07 11000Hz .wav,1.939279,1.194444,0.472222,1000-12000
MVDR,projector,2,bubble 07 11000Hz .wav,0.925046,-0.694444,1.388889,1000-12000
MUSIC,projector,2,bubble 07 11000Hz .wav,2.509857,-2.222222,0.833333,1000-12000
MUSIC_CSDM,projector,2,bubble 07 11000Hz .wav,1.777995,-0.027778,0.222222,1000-12000
CBF,projector,2,bubble 08 11000Hz .wav,1.939279,1.194444,0.472222,1000-12000
MVDR,projector,2,bubble 08 11000Hz .wav,0.536478,0.500000,2.194444,1000-12000
MUSIC,projector,2,bubble 08 11000Hz .wav,1.836697,-0.111111,0.166667,1000-12000
MUSIC_CSDM,projector,2,bubble 08 11000Hz .wav,1.777995,-0.027778,0.222222,1000-12000
CBF,projector,2,bubble 09 11000Hz .wav,1.939279,1.194444,0.472222,1000-12000
MVDR,projector,2,bubble 09 11000Hz .wav,0.536478,0.500000,2.194444,1000-12000
MUSIC,projector,2,bubble 09 11000Hz .wav,1.602708,0.694444,0.555556,1000-12000
MUSIC_CSDM,projector,2,bubble 09 11000Hz .wav,1.777995,-0.027778,0.222222,1000-12000
CBF,projector,2,bubble 10 11000Hz .wav,1.939279,1.194444,0.472222,1000-12000
MVDR,projector,2,bubble 10 11000Hz .wav,0.536478,0.500000,2.194444,1000-12000
MUSIC,projector,2,bubble 10 11000Hz .wav,2.230021,-1.416667,0.277778,1000-12000
MUSIC_CSDM,projector,2,bubble 10 11000Hz .wav,1.777995,-0.027778,0.222222,1000-12000
CBF,projector,2,bubble 11 11000Hz .wav,1.939279,1.194444,0.472222,1000-12000
MVDR,projector,2,bubble 11 11000Hz .wav,0.536478,0.500000,2.194444,1000-12000
MUSIC,projector,2,bubble 11 11000Hz .wav,2.397594,-0.416667,4.361111,1000-12000
MUSIC_CSDM,projector,2,bubble 11 11000Hz .wav,0.237333,-0.083333,1.777778,1000-12000
CBF,projector,2,bubble 12 11000Hz .wav,1.939279,1.194444,0.472222,1000-12000
MVDR,projector,2,bubble 12 11000Hz .wav,0.536478,0.500000,2.194444,1000-12000
MUSIC,projector,2,bubble 12 11000Hz .wav,1.732496,-0.361111,3.694444,1000-12000
MUSIC_CSDM,projector,2,bubble 12 11000Hz .wav,0.211549,-0.083333,1.805556,1000-12000
CBF,projector,2,bubble 13 11000Hz .wav,1.939279,1.194444,0.472222,1000-12000
MVDR,projector,2,bubble 13 11000Hz .wav,0.982093,-0.694444,1.305556,1000-12000
MUSIC,projector,2,bubble 13 11000Hz .wav,1.186667,0.416667,0.888889,1000-12000
MUSIC_CSDM,projector,2,bubble 13 11000Hz .wav,0.475479,-0.055556,1.527778,1000-12000
CBF,projector,2,bubble 14 11000Hz .wav,1.939279,1.194444,0.472222,1000-12000
MVDR,projector,2,bubble 14 11000Hz .wav,0.982093,-0.694444,1.305556,1000-12000
MUSIC,projector,2,bubble 14 11000Hz .wav,2.119319,-0.388889,4.083333,1000-12000
MUSIC_CSDM,projector,2,bubble 14 11000Hz .wav,0.237333,-0.083333,1.777778,1000-12000
CBF,projector,2,bubble 15 11000Hz .wav,1.939279,1.194444,0.472222,1000-12000
MVDR,projector,2,bubble 15 11000Hz .wav,0.536478,0.500000,2.194444,1000-12000
MUSIC,projector,2,bubble 15 11000Hz .wav,1.528535,-0.500000,3.444444,1000-12000
MUSIC_CSDM,projector,2,bubble 15 11000Hz .wav,2.502622,-0.388889,4.472222,1000-12000
CBF,projector,2,bubble 16 11000Hz .wav,1.939279,1.194444,0.472222,1000-12000
MVDR,projector,2,bubble 16 11000Hz .wav,0.536478,0.500000,2.194444,1000-12000
MUSIC,projector,2,bubble 16 11000Hz .wav,0.789593,0.500000,1.388889,1000-12000
MUSIC_CSDM,projector,2,bubble 16 11000Hz .wav,2.452323,-0.416667,4.416667,1000-12000
CBF,projector,2,bubble 17 11000Hz .wav,1.939279,1.194444,0.472222,1000-12000
MVDR,projector,2,bubble 17 11000Hz .wav,0.536478,0.500000,2.194444,1000-12000
MUSIC,projector,2,bubble 17 11000Hz .wav,1.337955,1.000000,1.111111,1000-12000
MUSIC_CSDM,projector,2,bubble 17 11000Hz .wav,2.479702,-0.416667,4.444444,1000-12000
CBF,projector,2,bubble 18 11000Hz .wav,1.939279,1.194444,0.472222,1000-12000
MVDR,projector,2,bubble 18 11000Hz .wav,0.982093,-0.694444,1.305556,1000-12000
MUSIC,projector,2,bubble 18 11000Hz .wav,0.598352,-0.222222,1.444444,1000-12000
MUSIC_CSDM,projector,2,bubble 18 11000Hz .wav,1.657382,-0.388889,0.388889,1000-12000
CBF,projector,2,bubble 19 11000Hz .wav,1.939279,1.194444,0.472222,1000-12000
MVDR,projector,2,bubble 19 11000Hz .wav,0.536478,0.500000,2.194444,1000-12000
MUSIC,projector,2,bubble 19 11000Hz .wav,0.971825,0.500000,1.166667,1000-12000
MUSIC_CSDM,projector,2,bubble 19 11000Hz .wav,1.657382,-0.388889,0.388889,1000-12000
CBF,projector,2,bubble 20 11000Hz .wav,1.939279,1.194444,0.472222,1000-12000
MVDR,projector,2,bubble 20 11000Hz .wav,0.536478,0.500000,2.194444,1000-12000
MUSIC,projector,2,bubble 20 11000Hz .wav,1.633938,0.500000,0.444444,1000-12000
MUSIC_CSDM,projector,2,bubble 20 11000Hz .wav,2.511855,-0.444444,4.472222,1000-12000
CBF,projector,3,bubble 01 11000Hz .wav,3.058710,-2.527778,1.277778,1000-12000
MVDR,projector,3,bubble 01 11000Hz .wav,1.506416,0.138889,4.500000,1000-12000
MUSIC,projector,3,bubble 01 11000Hz .wav,2.439389,-1.222222,5.111111,1000-12000
MUSIC_CSDM,projector,3,bubble 01 11000Hz .wav,0.263523,-0.083333,3.250000,1000-12000
CBF,projector,3,bubble 02 11000Hz .wav,3.058710,-2.527778,1.277778,1000-12000
MVDR,projector,3,bubble 02 11000Hz .wav,1.506416,0.138889,4.500000,1000-12000
MUSIC,projector,3,bubble 02 11000Hz .wav,2.197256,-0.111111,0.805556,1000-12000
MUSIC_CSDM,projector,3,bubble 02 11000Hz .wav,1.583577,-0.027778,1.416667,1000-12000
CBF,projector,3,bubble 03 11000Hz .wav,3.058710,-2.527778,1.277778,1000-12000
MVDR,projector,3,bubble 03 11000Hz .wav,1.506416,0.138889,4.500000,1000-12000
MUSIC,projector,3,bubble 03 11000Hz .wav,0.794464,-0.638889,3.472222,1000-12000
MUSIC_CSDM,projector,3,bubble 03 11000Hz .wav,1.583577,-0.027778,1.416667,1000-12000
CBF,projector,3,bubble 04 11000Hz .wav,3.058710,-2.527778,1.277778,1000-12000
MVDR,projector,3,bubble 04 11000Hz .wav,1.506416,0.138889,4.500000,1000-12000
MUSIC,projector,3,bubble 04 11000Hz .wav,1.695355,-0.055556,1.305556,1000-12000
MUSIC_CSDM,projector,3,bubble 04 11000Hz .wav,1.583577,-0.027778,1.416667,1000-12000
CBF,projector,3,bubble 05 11000Hz .wav,3.058710,-2.527778,1.277778,1000-12000
MVDR,projector,3,bubble 05 11000Hz .wav,1.506416,0.138889,4.500000,1000-12000
MUSIC,projector,3,bubble 05 11000Hz .wav,3.383420,-2.944444,1.333333,1000-12000
MUSIC_CSDM,projector,3,bubble 05 11000Hz .wav,1.583577,-0.027778,1.416667,1000-12000
CBF,projector,3,bubble 06 11000Hz .wav,3.058710,-2.527778,1.277778,1000-12000
MVDR,projector,3,bubble 06 11000Hz .wav,1.506416,0.138889,4.500000,1000-12000
MUSIC,projector,3,bubble 06 11000Hz .wav,2.811462,1.388889,0.555556,1000-12000
MUSIC_CSDM,projector,3,bubble 06 11000Hz .wav,1.555804,-0.027778,1.444444,1000-12000
CBF,projector,3,bubble 07 11000Hz .wav,3.058710,-2.527778,1.277778,1000-12000
MVDR,projector,3,bubble 07 11000Hz .wav,1.478759,0.138889,4.472222,1000-12000
MUSIC,projector,3,bubble 07 11000Hz .wav,0.801715,-0.194444,2.222222,1000-12000
MUSIC_CSDM,projector,3,bubble 07 11000Hz .wav,0.263523,-0.083333,3.250000,1000-12000
CBF,projector,3,bubble 08 11000Hz .wav,3.058710,-2.527778,1.277778,1000-12000
MVDR,projector,3,bubble 08 11000Hz .wav,1.506416,0.138889,4.500000,1000-12000
MUSIC,projector,3,bubble 08 11000Hz .wav,1.557786,-0.083333,4.555556,1000-12000
MUSIC_CSDM,projector,3,bubble 08 11000Hz .wav,1.583577,-0.027778,1.416667,1000-12000
CBF,projector,3,bubble 09 11000Hz .wav,3.058710,-2.527778,1.277778,1000-12000
MVDR,projector,3,bubble 09 11000Hz .wav,1.506416,0.138889,4.500000,1000-12000
MUSIC,projector,3,bubble 09 11000Hz .wav,1.781463,1.750000,3.333333,1000-12000
MUSIC_CSDM,projector,3,bubble 09 11000Hz .wav,1.555804,-0.027778,1.444444,1000-12000
CBF,projector,3,bubble 10 11000Hz .wav,3.058710,-2.527778,1.277778,1000-12000
MVDR,projector,3,bubble 10 11000Hz .wav,1.506416,0.138889,4.500000,1000-12000
MUSIC,projector,3,bubble 10 11000Hz .wav,1.950981,0.916667,1.277778,1000-12000
MUSIC_CSDM,projector,3,bubble 10 11000Hz .wav,0.263523,-0.083333,3.250000,1000-12000
CBF,projector,3,bubble 11 11000Hz .wav,3.058710,-2.527778,1.277778,1000-12000
MVDR,projector,3,bubble 11 11000Hz .wav,1.506416,0.138889,4.500000,1000-12000
MUSIC,projector,3,bubble 11 11000Hz .wav,0.918349,0.916667,3.055556,1000-12000
MUSIC_CSDM,projector,3,bubble 11 11000Hz .wav,0.263523,-0.083333,3.250000,1000-12000
CBF,projector,3,bubble 12 11000Hz .wav,3.058710,-2.527778,1.277778,1000-12000
MVDR,projector,3,bubble 12 11000Hz .wav,1.506416,0.138889,4.500000,1000-12000
MUSIC,projector,3,bubble 12 11000Hz .wav,2.424477,0.750000,0.694444,1000-12000
MUSIC_CSDM,projector,3,bubble 12 11000Hz .wav,1.764272,-0.972222,4.472222,1000-12000
CBF,projector,3,bubble 13 11000Hz .wav,3.058710,-2.527778,1.277778,1000-12000
MVDR,projector,3,bubble 13 11000Hz .wav,1.506416,0.138889,4.500000,1000-12000
MUSIC,projector,3,bubble 13 11000Hz .wav,1.000000,0.000000,2.000000,1000-12000
MUSIC_CSDM,projector,3,bubble 13 11000Hz .wav,1.825953,-1.000000,4.527778,1000-12000
CBF,projector,3,bubble 14 11000Hz .wav,3.058710,-2.527778,1.277778,1000-12000
MVDR,projector,3,bubble 14 11000Hz .wav,1.506416,0.138889,4.500000,1000-12000
MUSIC,projector,3,bubble 14 11000Hz .wav,2.895425,-0.444444,0.138889,1000-12000
MUSIC_CSDM,projector,3,bubble 14 11000Hz .wav,1.741159,-0.972222,4.444444,1000-12000
CBF,projector,3,bubble 15 11000Hz .wav,3.058710,-2.527778,1.277778,1000-12000
MVDR,projector,3,bubble 15 11000Hz .wav,1.506416,0.138889,4.500000,1000-12000
MUSIC,projector,3,bubble 15 11000Hz .wav,1.789243,0.833333,1.416667,1000-12000
MUSIC_CSDM,projector,3,bubble 15 11000Hz .wav,1.764272,-0.972222,4.472222,1000-12000
CBF,projector,3,bubble 16 11000Hz .wav,3.058710,-2.527778,1.277778,1000-12000
MVDR,projector,3,bubble 16 11000Hz .wav,1.506416,0.138889,4.500000,1000-12000
MUSIC,projector,3,bubble 16 11000Hz .wav,0.580017,-0.166667,2.444444,1000-12000
MUSIC_CSDM,projector,3,bubble 16 11000Hz .wav,2.775833,-0.861111,0.361111,1000-12000
CBF,projector,3,bubble 17 11000Hz .wav,3.058710,-2.527778,1.277778,1000-12000
MVDR,projector,3,bubble 17 11000Hz .wav,1.506416,0.138889,4.500000,1000-12000
MUSIC,projector,3,bubble 17 11000Hz .wav,1.024394,1.000000,3.222222,1000-12000
MUSIC_CSDM,projector,3,bubble 17 11000Hz .wav,2.775833,-0.861111,0.361111,1000-12000
CBF,projector,3,bubble 18 11000Hz .wav,3.058710,-2.527778,1.277778,1000-12000
MVDR,projector,3,bubble 18 11000Hz .wav,1.506416,0.138889,4.500000,1000-12000
MUSIC,projector,3,bubble 18 11000Hz .wav,2.277947,-0.027778,5.277778,1000-12000
MUSIC_CSDM,projector,3,bubble 18 11000Hz .wav,2.775833,-0.861111,0.361111,1000-12000
CBF,projector,3,bubble 19 11000Hz .wav,3.058710,-2.527778,1.277778,1000-12000
MVDR,projector,3,bubble 19 11000Hz .wav,1.506416,0.138889,4.500000,1000-12000
MUSIC,projector,3,bubble 19 11000Hz .wav,2.213873,-2.111111,3.666667,1000-12000
MUSIC_CSDM,projector,3,bubble 19 11000Hz .wav,0.299176,-0.111111,3.277778,1000-12000
CBF,projector,3,bubble 20 11000Hz .wav,3.058710,-2.527778,1.277778,1000-12000
MVDR,projector,3,bubble 20 11000Hz .wav,1.506416,0.138889,4.500000,1000-12000
MUSIC,projector,3,bubble 20 11000Hz .wav,1.905564,-1.138889,4.527778,1000-12000
MUSIC_CSDM,projector,3,bubble 20 11000Hz .wav,0.263523,-0.083333,3.250000,1000-12000
CBF,projector,1,bubble 01 13000Hz .wav,4.218200,0.944444,5.111111,1000-12000
MVDR,projector,1,bubble 01 13000Hz .wav,0.492223,-0.472222,1.138889,1000-12000
MUSIC,projector,1,bubble 01 13000Hz .wav,1.557786,-1.333333,0.194444,1000-12000
MUSIC_CSDM,projector,1,bubble 01 13000Hz .wav,0.833333,0.000000,0.166667,1000-12000
CBF,projector,1,bubble 02 13000Hz .wav,1.197348,-1.194444,0.916667,1000-12000
MVDR,projector,1,bubble 02 13000Hz .wav,3.015521,1.555556,3.583333,1000-12000
MUSIC,projector,1,bubble 02 13000Hz .wav,0.667245,-0.027778,0.333333,1000-12000
MUSIC_CSDM,projector,1,bubble 02 13000Hz .wav,0.833333,0.000000,0.166667,1000-12000
CBF,projector,1,bubble 03 13000Hz .wav,0.629766,-0.472222,0.583333,1000-12000
MVDR,projector,1,bubble 03 13000Hz .wav,2.250686,-0.055556,3.250000,1000-12000
MUSIC,projector,1,bubble 03 13000Hz .wav,0.722222,0.000000,0.277778,1000-12000
MUSIC_CSDM,projector,1,bubble 03 13000Hz .wav,2.278455,-0.055556,3.277778,1000-12000
CBF,projector,1,bubble 04 13000Hz .wav,2.243819,2.083333,1.833333,1000-12000
MVDR,projector,1,bubble 04 13000Hz .wav,2.494748,-0.805556,3.361111,1000-12000
MUSIC,projector,1,bubble 04 13000Hz .wav,2.560985,1.055556,3.333333,1000-12000
MUSIC_CSDM,projector,1,bubble 04 13000Hz .wav,2.222917,-0.055556,3.222222,1000-12000
CBF,projector,1,bubble 05 13000Hz .wav,2.742554,-2.722222,0.666667,1000-12000
MVDR,projector,1,bubble 05 13000Hz .wav,2.389858,-0.805556,3.250000,1000-12000
MUSIC,projector,1,bubble 05 13000Hz .wav,0.733880,-0.361111,0.361111,1000-12000
MUSIC_CSDM,projector,1,bubble 05 13000Hz .wav,3.556532,0.083333,4.555556,1000-12000
CBF,projector,1,bubble 06 13000Hz .wav,0.862454,-0.222222,1.833333,1000-12000
MVDR,projector,1,bubble 06 13000Hz .wav,0.168966,-0.027778,0.833333,1000-12000
MUSIC,projector,1,bubble 06 13000Hz .wav,0.662603,0.555556,1.361111,1000-12000
MUSIC_CSDM,projector,1,bubble 06 13000Hz .wav,3.419488,0.138889,4.416667,1000-12000
CBF,projector,1,bubble 07 13000Hz .wav,0.931695,-0.416667,1.833333,1000-12000
MVDR,projector,1,bubble 07 13000Hz .wav,0.168966,-0.027778,0.833333,1000-12000
MUSIC,projector,1,bubble 07 13000Hz .wav,2.291456,1.166667,2.972222,1000-12000
MUSIC_CSDM,projector,1,bubble 07 13000Hz .wav,5.007710,-0.277778,6.000000,1000-12000
CBF,projector,1,bubble 08 13000Hz .wav,3.018590,2.916667,1.777778,1000-12000
MVDR,projector,1,bubble 08 13000Hz .wav,2.260947,2.027778,0.000000,1000-12000
MUSIC,projector,1,bubble 08 13000Hz .wav,2.724489,-0.111111,3.722222,1000-12000
MUSIC_CSDM,projector,1,bubble 08 13000Hz .wav,5.006246,-0.250000,6.000000,1000-12000
CBF,projector,1,bubble 09 13000Hz .wav,3.038462,-2.805556,2.166667,1000-12000
MVDR,projector,1,bubble 09 13000Hz .wav,2.406909,-0.777778,3.277778,1000-12000
MUSIC,projector,1,bubble 09 13000Hz .wav,4.084184,-0.083333,5.083333,1000-12000
MUSIC_CSDM,projector,1,bubble 09 13000Hz .wav,5.007710,-0.277778,6.000000,1000-12000
CBF,projector,1,bubble 10 13000Hz .wav,0.473039,0.305556,0.638889,1000-12000
MVDR,projector,1,bubble 10 13000Hz .wav,2.473626,-0.083333,3.472222,1000-12000
MUSIC,projector,1,bubble 10 13000Hz .wav,4.684160,-2.611111,4.888889,1000-12000
MUSIC_CSDM,projector,1,bubble 10 13000Hz .wav,2.195148,-0.055556,3.194444,1000-12000
CBF,projector,1,bubble 11 13000Hz .wav,0.871797,0.333333,0.194444,1000-12000
MVDR,projector,1,bubble 11 13000Hz .wav,2.442234,-0.805556,3.305556,1000-12000
MUSIC,projector,1,bubble 11 13000Hz .wav,4.667989,-0.111111,5.666667,1000-12000
MUSIC_CSDM,projector,1,bubble 11 13000Hz .wav,2.222917,-0.055556,3.222222,1000-12000
CBF,projector,1,bubble 12 13000Hz .wav,1.105891,1.083333,1.222222,1000-12000
MVDR,projector,1,bubble 12 13000Hz .wav,0.168966,-0.027778,0.833333,1000-12000
MUSIC,projector,1,bubble 12 13000Hz .wav,0.733354,0.305556,0.333333,1000-12000
MUSIC_CSDM,projector,1,bubble 12 13000Hz .wav,0.168966,-0.027778,0.833333,1000-12000
CBF,projector,1,bubble 13 13000Hz .wav,0.388889,0.000000,0.611111,1000-12000
MVDR,projector,1,bubble 13 13000Hz .wav,2.278455,-0.055556,3.277778,1000-12000
MUSIC,projector,1,bubble 13 13000Hz .wav,5.019791,1.138889,5.888889,1000-12000
MUSIC_CSDM,projector,1,bubble 13 13000Hz .wav,2.167379,-0.055556,3.166667,1000-12000
CBF,projector,1,bubble 14 13000Hz .wav,0.897527,0.333333,0.166667,1000-12000
MVDR,projector,1,bubble 14 13000Hz .wav,2.328202,-0.777778,3.194444,1000-12000
MUSIC,projector,1,bubble 14 13000Hz .wav,3.194927,-0.055556,4.194444,1000-12000
MUSIC_CSDM,projector,1,bubble 14 13000Hz .wav,2.380638,-0.777778,3.250000,1000-12000
CBF,projector,1,bubble 15 13000Hz .wav,0.388889,0.000000,0.611111,1000-12000
MVDR,projector,1,bubble 15 13000Hz .wav,2.275914,-0.777778,3.138889,1000-12000
MUSIC,projector,1,bubble 15 13000Hz .wav,1.337955,1.000000,0.111111,1000-12000
MUSIC_CSDM,projector,1,bubble 15 13000Hz .wav,2.250686,-0.055556,3.250000,1000-12000
CBF,projector,1,bubble 16 13000Hz .wav,1.301708,-0.833333,0.000000,1000-12000
MVDR,projector,1,bubble 16 13000Hz .wav,2.195148,-0.055556,3.194444,1000-12000
MUSIC,projector,1,bubble 16 13000Hz .wav,5.001234,-0.111111,6.000000,1000-12000
MUSIC_CSDM,projector,1,bubble 16 13000Hz .wav,2.111842,-0.055556,3.111111,1000-12000
CBF,projector,1,bubble 17 13000Hz .wav,0.933763,0.361111,0.138889,1000-12000
MVDR,projector,1,bubble 17 13000Hz .wav,2.249829,-0.777778,3.111111,1000-12000
MUSIC,projector,1,bubble 17 13000Hz .wav,5.001234,-0.111111,6.000000,1000-12000
MUSIC_CSDM,projector,1,bubble 17 13000Hz .wav,2.338123,-2.277778,1.527778,1000-12000
CBF,projector,1,bubble 18 13000Hz .wav,1.284103,-0.805556,0.000000,1000-12000
MVDR,projector,1,bubble 18 13000Hz .wav,2.556310,-0.833333,3.416667,1000-12000
MUSIC,projector,1,bubble 18 13000Hz .wav,2.943003,-2.777778,1.972222,1000-12000
MUSIC_CSDM,projector,1,bubble 18 13000Hz .wav,2.167379,-0.055556,3.166667,1000-12000
CBF,projector,1,bubble 19 13000Hz .wav,0.353553,0.250000,0.750000,1000-12000
MVDR,projector,1,bubble 19 13000Hz .wav,2.167379,-0.055556,3.166667,1000-12000
MUSIC,projector,1,bubble 19 13000Hz .wav,0.562457,0.194444,1.527778,1000-12000
MUSIC_CSDM,projector,1,bubble 19 13000Hz .wav,2.095152,2.083333,1.222222,1000-12000
CBF,projector,1,bubble 20 13000Hz .wav,1.284103,0.805556,0.000000,1000-12000
MVDR,projector,1,bubble 20 13000Hz .wav,0.492223,-0.472222,1.138889,1000-12000
MUSIC,projector,1,bubble 20 13000Hz .wav,1.598852,1.583333,0.777778,1000-12000
MUSIC_CSDM,projector,1,bubble 20 13000Hz .wav,0.805556,0.000000,0.194444,1000-12000
CBF,projector,2,bubble 01 13000Hz .wav,1.805556,-0.694444,3.666667,1000-12000
MVDR,projector,2,bubble 01 13000Hz .wav,2.934732,0.861111,4.805556,1000-12000
MUSIC,projector,2,bubble 01 13000Hz .wav,1.286804,0.694444,3.083333,1000-12000
MUSIC_CSDM,projector,2,bubble 01 13000Hz .wav,1.777995,0.861111,3.555556,1000-12000
CBF,projector,2,bubble 02 13000Hz .wav,1.779947,-0.694444,3.638889,1000-12000
MVDR,projector,2,bubble 02 13000Hz .wav,2.784575,-0.194444,4.777778,1000-12000
MUSIC,projector,2,bubble 02 13000Hz .wav,1.772562,-0.944444,0.500000,1000-12000
MUSIC_CSDM,projector,2,bubble 02 13000Hz .wav,2.705732,0.888889,4.555556,1000-12000
CBF,projector,2,bubble 03 13000Hz .wav,1.703528,-0.694444,3.555556,1000-12000
MVDR,projector,2,bubble 03 13000Hz .wav,2.756866,-0.194444,4.750000,1000-12000
MUSIC,projector,2,bubble 03 13000Hz .wav,1.967522,-1.000000,3.694444,1000-12000
MUSIC_CSDM,projector,2,bubble 03 13000Hz .wav,1.864425,0.888889,3.638889,1000-12000
CBF,projector,2,bubble 04 13000Hz .wav,3.004626,-0.166667,5.000000,1000-12000
MVDR,projector,2,bubble 04 13000Hz .wav,2.812286,-0.194444,4.805556,1000-12000
MUSIC,projector,2,bubble 04 13000Hz .wav,3.364324,-1.055556,5.194444,1000-12000
MUSIC_CSDM,projector,2,bubble 04 13000Hz .wav,2.533266,-0.166667,4.527778,1000-12000
CBF,projector,2,bubble 05 13000Hz .wav,0.055556,-0.055556,2.000000,1000-12000
MVDR,projector,2,bubble 05 13000Hz .wav,2.812286,-0.194444,4.805556,1000-12000
MUSIC,projector,2,bubble 05 13000Hz .wav,1.876183,0.805556,0.305556,1000-12000
MUSIC_CSDM,projector,2,bubble 05 13000Hz .wav,0.485118,-0.111111,1.527778,1000-12000
CBF,projector,2,bubble 06 13000Hz .wav,2.869728,-1.305556,4.555556,1000-12000
MVDR,projector,2,bubble 06 13000Hz .wav,0.404451,-0.111111,1.611111,1000-12000
MUSIC,projector,2,bubble 06 13000Hz .wav,2.120047,-1.111111,3.805556,1000-12000
MUSIC_CSDM,projector,2,bubble 06 13000Hz .wav,1.441503,-0.611111,0.694444,1000-12000
CBF,projector,2,bubble 07 13000Hz .wav,1.881727,0.277778,3.861111,1000-12000
MVDR,projector,2,bubble 07 13000Hz .wav,2.706018,-0.250000,4.694444,1000-12000
MUSIC,projector,2,bubble 07 13000Hz .wav,2.181926,-1.138889,3.861111,1000-12000
MUSIC_CSDM,projector,2,bubble 07 13000Hz .wav,2.663337,0.750000,4.555556,1000-12000
CBF,projector,2,bubble 08 13000Hz .wav,0.794464,-0.638889,2.472222,1000-12000
MVDR,projector,2,bubble 08 13000Hz .wav,2.650705,-0.250000,4.638889,1000-12000
MUSIC,projector,2,bubble 08 13000Hz .wav,1.631339,1.194444,0.888889,1000-12000
MUSIC_CSDM,projector,2,bubble 08 13000Hz .wav,0.972619,-0.027778,1.027778,1000-12000
CBF,projector,2,bubble 09 13000Hz .wav,2.041619,1.138889,3.694444,1000-12000
MVDR,projector,2,bubble 09 13000Hz .wav,2.766923,-0.305556,4.750000,1000-12000
MUSIC,projector,2,bubble 09 13000Hz .wav,0.989139,-0.777778,2.611111,1000-12000
MUSIC_CSDM,projector,2,bubble 09 13000Hz .wav,1.393326,-1.277778,1.444444,1000-12000
CBF,projector,2,bubble 10 13000Hz .wav,0.724356,-0.611111,2.388889,1000-12000
MVDR,projector,2,bubble 10 13000Hz .wav,2.766923,-0.305556,4.750000,1000-12000
MUSIC,projector,2,bubble 10 13000Hz .wav,3.916667,0.000000,5.916667,1000-12000
MUSIC_CSDM,projector,2,bubble 10 13000Hz .wav,0.027778,-0.027778,2.000000,1000-12000
CBF,projector,2,bubble 11 13000Hz .wav,1.905564,1.138889,3.527778,1000-12000
MVDR,projector,2,bubble 11 13000Hz .wav,2.762737,0.722222,4.666667,1000-12000
MUSIC,projector,2,bubble 11 13000Hz .wav,1.509486,1.472222,2.333333,1000-12000
MUSIC_CSDM,projector,2,bubble 11 13000Hz .wav,1.750000,0.000000,0.250000,1000-12000
CBF,projector,2,bubble 12 13000Hz .wav,2.779999,2.777778,2.111111,1000-12000
MVDR,projector,2,bubble 12 13000Hz .wav,0.539347,0.305556,1.555556,1000-12000
MUSIC,projector,2,bubble 12 13000Hz .wav,1.199601,-0.805556,1.111111,1000-12000
MUSIC_CSDM,projector,2,bubble 12 13000Hz .wav,4.885810,2.805556,6.000000,1000-12000
CBF,projector,2,bubble 13 13000Hz .wav,0.950146,-0.250000,1.083333,1000-12000
MVDR,projector,2,bubble 13 13000Hz .wav,0.923376,-0.250000,1.111111,1000-12000
MUSIC,projector,2,bubble 13 13000Hz .wav,0.733354,0.583333,1.555556,1000-12000
MUSIC_CSDM,projector,2,bubble 13 13000Hz .wav,2.836327,2.805556,1.583333,1000-12000
CBF,projector,2,bubble 14 13000Hz .wav,0.923376,-0.250000,1.111111,1000-12000
MVDR,projector,2,bubble 14 13000Hz .wav,0.923376,-0.250000,1.111111,1000-12000
MUSIC,projector,2,bubble 14 13000Hz .wav,2.808991,-2.805556,2.138889,1000-12000
MUSIC_CSDM,projector,2,bubble 14 13000Hz .wav,4.585437,2.861111,5.583333,1000-12000
CBF,projector,2,bubble 15 13000Hz .wav,0.950146,-0.250000,1.083333,1000-12000
MVDR,projector,2,bubble 15 13000Hz .wav,0.516697,0.305556,1.583333,1000-12000
MUSIC,projector,2,bubble 15 13000Hz .wav,1.757041,1.361111,0.888889,1000-12000
MUSIC_CSDM,projector,2,bubble 15 13000Hz .wav,0.913716,0.305556,1.138889,1000-12000
CBF,projector,2,bubble 16 13000Hz .wav,1.944643,-0.722222,3.805556,1000-12000
MVDR,projector,2,bubble 16 13000Hz .wav,3.033379,1.833333,4.416667,1000-12000
MUSIC,projector,2,bubble 16 13000Hz .wav,2.618341,-2.611111,1.805556,1000-12000
MUSIC_CSDM,projector,2,bubble 16 13000Hz .wav,0.913716,0.305556,1.138889,1000-12000
CBF,projector,2,bubble 17 13000Hz .wav,1.918880,-0.722222,3.777778,1000-12000
MVDR,projector,2,bubble 17 13000Hz .wav,2.820368,0.833333,4.694444,1000-12000
MUSIC,projector,2,bubble 17 13000Hz .wav,1.516372,1.500000,1.777778,1000-12000
MUSIC_CSDM,projector,2,bubble 17 13000Hz .wav,3.490839,2.861111,4.000000,1000-12000
CBF,projector,2,bubble 18 13000Hz .wav,1.918880,-0.722222,3.777778,1000-12000
MVDR,projector,2,bubble 18 13000Hz .wav,2.908189,0.861111,4.777778,1000-12000
MUSIC,projector,2,bubble 18 13000Hz .wav,1.633938,-0.944444,0.666667,1000-12000
MUSIC_CSDM,projector,2,bubble 18 13000Hz .wav,1.781680,0.916667,0.472222,1000-12000
CBF,projector,2,bubble 19 13000Hz .wav,1.831228,-0.694444,3.694444,1000-12000
MVDR,projector,2,bubble 19 13000Hz .wav,2.961299,0.861111,4.833333,1000-12000
MUSIC,projector,2,bubble 19 13000Hz .wav,1.227891,-0.972222,1.250000,1000-12000
MUSIC_CSDM,projector,2,bubble 19 13000Hz .wav,1.595228,0.916667,0.694444,1000-12000
CBF,projector,2,bubble 20 13000Hz .wav,1.779947,-0.694444,3.638889,1000-12000
MVDR,projector,2,bubble 20 13000Hz .wav,2.934732,0.861111,4.805556,1000-12000
MUSIC,projector,2,bubble 20 13000Hz .wav,3.320810,-1.000000,5.166667,1000-12000
MUSIC_CSDM,projector,2,bubble 20 13000Hz .wav,1.781680,0.916667,0.472222,1000-12000
CBF,projector,1,bubble 01 3000Hz .wav,2.914947,2.888889,1.388889,1000-12000
MVDR,projector,1,bubble 01 3000Hz .wav,0.699427,0.083333,0.305556,1000-12000
MUSIC,projector,1,bubble 01 3000Hz .wav,0.650261,0.611111,0.777778,1000-12000
MUSIC_CSDM,projector,1,bubble 01 3000Hz .wav,0.722222,0.000000,0.277778,1000-12000
CBF,projector,1,bubble 02 3000Hz .wav,2.914947,2.888889,1.388889,1000-12000
MVDR,projector,1,bubble 02 3000Hz .wav,0.699427,0.083333,0.305556,1000-12000
MUSIC,projector,1,bubble 02 3000Hz .wav,1.805556,-0.444444,2.750000,1000-12000
MUSIC_CSDM,projector,1,bubble 02 3000Hz .wav,0.722222,0.000000,0.277778,1000-12000
CBF,projector,1,bubble 03 3000Hz .wav,2.914947,2.888889,1.388889,1000-12000
MVDR,projector,1,bubble 03 3000Hz .wav,0.699427,0.083333,0.305556,1000-12000
MUSIC,projector,1,bubble 03 3000Hz .wav,1.047115,-0.388889,1.972222,1000-12000
MUSIC_CSDM,projector,1,bubble 03 3000Hz .wav,0.750514,0.027778,0.250000,1000-12000
CBF,projector,1,bubble 04 3000Hz .wav,2.914947,2.888889,1.388889,1000-12000
MVDR,projector,1,bubble 04 3000Hz .wav,0.699427,0.083333,0.305556,1000-12000
MUSIC,projector,1,bubble 04 3000Hz .wav,0.997296,-0.222222,0.027778,1000-12000
MUSIC_CSDM,projector,1,bubble 04 3000Hz .wav,0.722222,0.000000,0.277778,1000-12000
CBF,projector,1,bubble 05 3000Hz .wav,2.914947,2.888889,1.388889,1000-12000
MVDR,projector,1,bubble 05 3000Hz .wav,0.699427,0.083333,0.305556,1000-12000
MUSIC,projector,1,bubble 05 3000Hz .wav,0.492223,-0.138889,0.527778,1000-12000
MUSIC_CSDM,projector,1,bubble 05 3000Hz .wav,0.611742,0.027778,0.388889,1000-12000
CBF,projector,1,bubble 06 3000Hz .wav,2.914947,2.888889,1.388889,1000-12000
MVDR,projector,1,bubble 06 3000Hz .wav,0.699427,0.083333,0.305556,1000-12000
MUSIC,projector,1,bubble 06 3000Hz .wav,1.044164,0.500000,0.083333,1000-12000
MUSIC_CSDM,projector,1,bubble 06 3000Hz .wav,2.832380,2.805556,0.611111,1000-12000
CBF,projector,1,bubble 07 3000Hz .wav,2.914947,2.888889,1.388889,1000-12000
MVDR,projector,1,bubble 07 3000Hz .wav,0.699427,0.083333,0.305556,1000-12000
MUSIC,projector,1,bubble 07 3000Hz .wav,0.569952,-0.416667,0.611111,1000-12000
MUSIC_CSDM,projector,1,bubble 07 3000Hz .wav,3.311153,2.861111,2.666667,1000-12000
CBF,projector,1,bubble 08 3000Hz .wav,2.914947,2.888889,1.388889,1000-12000
MVDR,projector,1,bubble 08 3000Hz .wav,0.699427,0.083333,0.305556,1000-12000
MUSIC,projector,1,bubble 08 3000Hz .wav,3.135938,2.583333,2.777778,1000-12000
MUSIC_CSDM,projector,1,bubble 08 3000Hz .wav,5.217566,2.777778,5.416667,1000-12000
CBF,projector,1,bubble 09 3000Hz .wav,2.914947,2.888889,1.388889,1000-12000
MVDR,projector,1,bubble 09 3000Hz .wav,0.699427,0.083333,0.305556,1000-12000
MUSIC,projector,1,bubble 09 3000Hz .wav,0.392837,-0.388889,0.944444,1000-12000
MUSIC_CSDM,projector,1,bubble 09 3000Hz .wav,2.828700,2.805556,1.361111,1000-12000
CBF,projector,1,bubble 10 3000Hz .wav,2.914947,2.888889,1.388889,1000-12000
MVDR,projector,1,bubble 10 3000Hz .wav,0.699427,0.083333,0.305556,1000-12000
MUSIC,projector,1,bubble 10 3000Hz .wav,0.385901,-0.333333,1.194444,1000-12000
MUSIC_CSDM,projector,1,bubble 10 3000Hz .wav,3.108133,2.833333,2.277778,1000-12000
CBF,projector,1,bubble 11 3000Hz .wav,2.914947,2.888889,1.388889,1000-12000
MVDR,projector,1,bubble 11 3000Hz .wav,0.699427,0.083333,0.305556,1000-12000
MUSIC,projector,1,bubble 11 3000Hz .wav,0.828691,-0.638889,0.472222,1000-12000
MUSIC_CSDM,projector,1,bubble 11 3000Hz .wav,3.259364,2.833333,2.611111,1000-12000
CBF,projector,1,bubble 12 3000Hz .wav,2.914947,2.888889,1.388889,1000-12000
MVDR,projector,1,bubble 12 3000Hz .wav,0.699427,0.083333,0.305556,1000-12000
MUSIC,projector,1,bubble 12 3000Hz .wav,1.490712,1.333333,1.666667,1000-12000
MUSIC_CSDM,projector,1,bubble 12 3000Hz .wav,3.023570,2.833333,2.055556,1000-12000
CBF,projector,1,bubble 13 3000Hz .wav,2.914947,2.888889,1.388889,1000-12000
MVDR,projector,1,bubble 13 3000Hz .wav,0.699427,0.083333,0.305556,1000-12000
MUSIC,projector,1,bubble 13 3000Hz .wav,0.862454,0.222222,1.833333,1000-12000
MUSIC_CSDM,projector,1,bubble 13 3000Hz .wav,2.805693,2.805556,1.027778,1000-12000
CBF,projector,1,bubble 14 3000Hz .wav,2.914947,2.888889,1.388889,1000-12000
MVDR,projector,1,bubble 14 3000Hz .wav,0.699427,0.083333,0.305556,1000-12000
MUSIC,projector,1,bubble 14 3000Hz .wav,0.473039,-0.472222,1.027778,1000-12000
MUSIC_CSDM,projector,1,bubble 14 3000Hz .wav,2.836327,2.805556,1.416667,1000-12000
CBF,projector,1,bubble 15 3000Hz .wav,2.914947,2.888889,1.388889,1000-12000
MVDR,projector,1,bubble 15 3000Hz .wav,0.699427,0.083333,0.305556,1000-12000
MUSIC,projector,1,bubble 15 3000Hz .wav,1.717961,1.666667,0.583333,1000-12000
MUSIC_CSDM,projector,1,bubble 15 3000Hz .wav,2.804868,2.777778,1.388889,1000-12000
CBF,projector,1,bubble 16 3000Hz .wav,2.914947,2.888889,1.388889,1000-12000
MVDR,projector,1,bubble 16 3000Hz .wav,0.699427,0.083333,0.305556,1000-12000
MUSIC,projector,1,bubble 16 3000Hz .wav,1.556795,1.500000,1.416667,1000-12000
MUSIC_CSDM,projector,1,bubble 16 3000Hz .wav,2.825288,2.805556,1.333333,1000-12000
CBF,projector,1,bubble 17 3000Hz .wav,2.946278,2.916667,1.416667,1000-12000
MVDR,projector,1,bubble 17 3000Hz .wav,0.699427,0.083333,0.305556,1000-12000
MUSIC,projector,1,bubble 17 3000Hz .wav,1.130730,-0.527778,2.000000,1000-12000
MUSIC_CSDM,projector,1,bubble 17 3000Hz .wav,2.822146,2.805556,1.305556,1000-12000
CBF,projector,1,bubble 18 3000Hz .wav,2.946278,2.916667,1.416667,1000-12000
MVDR,projector,1,bubble 18 3000Hz .wav,0.699427,0.083333,0.305556,1000-12000
MUSIC,projector,1,bubble 18 3000Hz .wav,1.024394,-1.000000,0.777778,1000-12000
MUSIC_CSDM,projector,1,bubble 18 3000Hz .wav,2.027968,-1.861111,1.805556,1000-12000
CBF,projector,1,bubble 19 3000Hz .wav,2.946278,2.916667,1.416667,1000-12000
MVDR,projector,1,bubble 19 3000Hz .wav,0.699427,0.083333,0.305556,1000-12000
MUSIC,projector,1,bubble 19 3000Hz .wav,0.933763,-0.361111,0.138889,1000-12000
MUSIC_CSDM,projector,1,bubble 19 3000Hz .wav,2.006548,-1.861111,1.750000,1000-12000
CBF,projector,1,bubble 20 3000Hz .wav,2.946278,2.916667,1.416667,1000-12000
MVDR,projector,1,bubble 20 3000Hz .wav,0.699427,0.083333,0.305556,1000-12000
MUSIC,projector,1,bubble 20 3000Hz .wav,1.702621,-1.416667,1.944444,1000-12000
MUSIC_CSDM,projector,1,bubble 20 3000Hz .wav,2.017095,-1.861111,1.777778,1000-12000
CBF,projector,2,bubble 01 3000Hz .wav,0.027778,0.000000,1.972222,1000-12000
MVDR,projector,2,bubble 01 3000Hz .wav,0.290009,-0.083333,1.722222,1000-12000
MUSIC,projector,2,bubble 01 3000Hz .wav,0.722756,-0.027778,1.277778,1000-12000
MUSIC_CSDM,projector,2,bubble 01 3000Hz .wav,0.473039,-0.027778,2.472222,1000-12000
CBF,projector,2,bubble 02 3000Hz .wav,0.027778,0.000000,1.972222,1000-12000
MVDR,projector,2,bubble 02 3000Hz .wav,0.316715,-0.083333,1.694444,1000-12000
MUSIC,projector,2,bubble 02 3000Hz .wav,0.835183,-0.055556,1.166667,1000-12000
MUSIC_CSDM,projector,2,bubble 02 3000Hz .wav,4.000386,-0.055556,6.000000,1000-12000
CBF,projector,2,bubble 03 3000Hz .wav,0.055556,0.000000,1.944444,1000-12000
MVDR,projector,2,bubble 03 3000Hz .wav,0.316715,-0.083333,1.694444,1000-12000
MUSIC,projector,2,bubble 03 3000Hz .wav,4.003471,-0.166667,6.000000,1000-12000
MUSIC_CSDM,projector,2,bubble 03 3000Hz .wav,4.000386,-0.055556,6.000000,1000-12000
CBF,projector,2,bubble 04 3000Hz .wav,0.027778,0.000000,1.972222,1000-12000
MVDR,projector,2,bubble 04 3000Hz .wav,0.316715,-0.083333,1.694444,1000-12000
MUSIC,projector,2,bubble 04 3000Hz .wav,1.958087,1.666667,0.972222,1000-12000
MUSIC_CSDM,projector,2,bubble 04 3000Hz .wav,4.000386,-0.055556,6.000000,1000-12000
CBF,projector,2,bubble 05 3000Hz .wav,0.027778,0.000000,1.972222,1000-12000
MVDR,projector,2,bubble 05 3000Hz .wav,0.343592,-0.083333,1.666667,1000-12000
MUSIC,projector,2,bubble 05 3000Hz .wav,3.314996,-0.250000,5.305556,1000-12000
MUSIC_CSDM,projector,2,bubble 05 3000Hz .wav,4.000386,-0.055556,6.000000,1000-12000
CBF,projector,2,bubble 06 3000Hz .wav,0.027778,0.000000,1.972222,1000-12000
MVDR,projector,2,bubble 06 3000Hz .wav,0.343592,-0.083333,1.666667,1000-12000
MUSIC,projector,2,bubble 06 3000Hz .wav,0.447903,0.388889,2.222222,1000-12000
MUSIC_CSDM,projector,2,bubble 06 3000Hz .wav,4.000868,-0.083333,6.000000,1000-12000
CBF,projector,2,bubble 07 3000Hz .wav,0.027778,0.000000,1.972222,1000-12000
MVDR,projector,2,bubble 07 3000Hz .wav,0.370602,-0.083333,1.638889,1000-12000
MUSIC,projector,2,bubble 07 3000Hz .wav,0.216951,-0.138889,2.166667,1000-12000
MUSIC_CSDM,projector,2,bubble 07 3000Hz .wav,4.000386,-0.055556,6.000000,1000-12000
CBF,projector,2,bubble 08 3000Hz .wav,0.027778,0.000000,1.972222,1000-12000
MVDR,projector,2,bubble 08 3000Hz .wav,0.370602,-0.083333,1.638889,1000-12000
MUSIC,projector,2,bubble 08 3000Hz .wav,0.695000,-0.694444,1.972222,1000-12000
MUSIC_CSDM,projector,2,bubble 08 3000Hz .wav,4.000868,-0.083333,6.000000,1000-12000
CBF,projector,2,bubble 09 3000Hz .wav,0.027778,0.000000,1.972222,1000-12000
MVDR,projector,2,bubble 09 3000Hz .wav,0.397717,-0.083333,1.611111,1000-12000
MUSIC,projector,2,bubble 09 3000Hz .wav,0.572654,-0.138889,2.555556,1000-12000
MUSIC_CSDM,projector,2,bubble 09 3000Hz .wav,4.000868,-0.083333,6.000000,1000-12000
CBF,projector,2,bubble 10 3000Hz .wav,1.764709,0.833333,0.444444,1000-12000
MVDR,projector,2,bubble 10 3000Hz .wav,0.397717,-0.083333,1.611111,1000-12000
MUSIC,projector,2,bubble 10 3000Hz .wav,0.969042,-0.444444,1.138889,1000-12000
MUSIC_CSDM,projector,2,bubble 10 3000Hz .wav,4.000386,-0.055556,6.000000,1000-12000
CBF,projector,2,bubble 11 3000Hz .wav,1.764709,0.833333,0.444444,1000-12000
MVDR,projector,2,bubble 11 3000Hz .wav,0.431227,-0.111111,1.583333,1000-12000
MUSIC,projector,2,bubble 11 3000Hz .wav,2.380800,2.361111,1.694444,1000-12000
MUSIC_CSDM,projector,2,bubble 11 3000Hz .wav,4.000386,-0.055556,6.000000,1000-12000
CBF,projector,2,bubble 12 3000Hz .wav,1.764709,0.833333,0.444444,1000-12000
MVDR,projector,2,bubble 12 3000Hz .wav,0.431227,-0.111111,1.583333,1000-12000
MUSIC,projector,2,bubble 12 3000Hz .wav,0.782229,-0.777778,2.083333,1000-12000
MUSIC_CSDM,projector,2,bubble 12 3000Hz .wav,3.500992,-0.083333,5.500000,1000-12000
CBF,projector,2,bubble 13 3000Hz .wav,1.764709,0.833333,0.444444,1000-12000
MVDR,projector,2,bubble 13 3000Hz .wav,0.458123,-0.111111,1.555556,1000-12000
MUSIC,projector,2,bubble 13 3000Hz .wav,1.347437,0.333333,0.694444,1000-12000
MUSIC_CSDM,projector,2,bubble 13 3000Hz .wav,4.000386,-0.055556,6.000000,1000-12000
CBF,projector,2,bubble 14 3000Hz .wav,1.751763,0.805556,0.444444,1000-12000
MVDR,projector,2,bubble 14 3000Hz .wav,0.458123,-0.111111,1.555556,1000-12000
MUSIC,projector,2,bubble 14 3000Hz .wav,1.186667,-0.416667,0.888889,1000-12000
MUSIC_CSDM,projector,2,bubble 14 3000Hz .wav,0.668977,-0.055556,2.666667,1000-12000
CBF,projector,2,bubble 15 3000Hz .wav,1.751763,0.805556,0.444444,1000-12000
MVDR,projector,2,bubble 15 3000Hz .wav,0.458123,-0.111111,1.555556,1000-12000
MUSIC,projector,2,bubble 15 3000Hz .wav,1.444712,-1.138889,1.111111,1000-12000
MUSIC_CSDM,projector,2,bubble 15 3000Hz .wav,4.000868,-0.083333,6.000000,1000-12000
CBF,projector,2,bubble 16 3000Hz .wav,1.751763,0.805556,0.444444,1000-12000
MVDR,projector,2,bubble 16 3000Hz .wav,0.485118,-0.111111,1.527778,1000-12000
MUSIC,projector,2,bubble 16 3000Hz .wav,1.768203,1.222222,0.722222,1000-12000
MUSIC_CSDM,projector,2,bubble 16 3000Hz .wav,4.000386,-0.055556,6.000000,1000-12000
CBF,projector,2,bubble 17 3000Hz .wav,1.751763,0.805556,0.444444,1000-12000
MVDR,projector,2,bubble 17 3000Hz .wav,0.485118,-0.111111,1.527778,1000-12000
MUSIC,projector,2,bubble 17 3000Hz .wav,4.004723,-0.194444,6.000000,1000-12000
MUSIC_CSDM,projector,2,bubble 17 3000Hz .wav,3.417683,-0.083333,5.416667,1000-12000
CBF,projector,2,bubble 18 3000Hz .wav,1.689885,0.722222,0.472222,1000-12000
MVDR,projector,2,bubble 18 3000Hz .wav,0.485118,-0.111111,1.527778,1000-12000
MUSIC,projector,2,bubble 18 3000Hz .wav,1.195736,1.027778,1.388889,1000-12000
MUSIC_CSDM,projector,2,bubble 18 3000Hz .wav,4.000386,-0.055556,6.000000,1000-12000
CBF,projector,2,bubble 19 3000Hz .wav,1.678201,0.694444,0.472222,1000-12000
MVDR,projector,2,bubble 19 3000Hz .wav,0.518932,-0.138889,1.500000,1000-12000
MUSIC,projector,2,bubble 19 3000Hz .wav,2.230021,1.416667,0.277778,1000-12000
MUSIC_CSDM,projector,2,bubble 19 3000Hz .wav,4.000868,-0.083333,6.000000,1000-12000
CBF,projector,2,bubble 20 3000Hz .wav,0.039284,-0.027778,2.027778,1000-12000
MVDR,projector,2,bubble 20 3000Hz .wav,0.518932,-0.138889,1.500000,1000-12000
MUSIC,projector,2,bubble 20 3000Hz .wav,0.722756,-0.722222,1.972222,1000-12000
MUSIC_CSDM,projector,2,bubble 20 3000Hz .wav,3.834239,-0.083333,5.833333,1000-12000
CBF,projector,3,bubble 01 3000Hz .wav,1.083333,0.000000,1.916667,1000-12000
MVDR,projector,3,bubble 01 3000Hz .wav,0.639492,-0.027778,2.361111,1000-12000
MUSIC,projector,3,bubble 01 3000Hz .wav,2.997556,0.388889,5.972222,1000-12000
MUSIC_CSDM,projector,3,bubble 01 3000Hz .wav,2.037458,0.888889,4.833333,1000-12000
CBF,projector,3,bubble 02 3000Hz .wav,1.083333,0.000000,1.916667,1000-12000
MVDR,projector,3,bubble 02 3000Hz .wav,0.639492,-0.027778,2.361111,1000-12000
MUSIC,projector,3,bubble 02 3000Hz .wav,2.254283,-0.861111,0.916667,1000-12000
MUSIC_CSDM,projector,3,bubble 02 3000Hz .wav,0.444444,0.000000,2.555556,1000-12000
CBF,projector,3,bubble 03 3000Hz .wav,1.083333,0.000000,1.916667,1000-12000
MVDR,projector,3,bubble 03 3000Hz .wav,0.639492,-0.027778,2.361111,1000-12000
MUSIC,projector,3,bubble 03 3000Hz .wav,1.210168,0.194444,1.805556,1000-12000
MUSIC_CSDM,projector,3,bubble 03 3000Hz .wav,2.897024,-0.722222,0.194444,1000-12000
CBF,projector,3,bubble 04 3000Hz .wav,1.083333,0.000000,1.916667,1000-12000
MVDR,projector,3,bubble 04 3000Hz .wav,0.639492,-0.027778,2.361111,1000-12000
MUSIC,projector,3,bubble 04 3000Hz .wav,3.260785,-3.000000,1.722222,1000-12000
MUSIC_CSDM,projector,3,bubble 04 3000Hz .wav,1.458267,0.944444,1.888889,1000-12000
CBF,projector,3,bubble 05 3000Hz .wav,1.083333,0.000000,1.916667,1000-12000
MVDR,projector,3,bubble 05 3000Hz .wav,0.639492,-0.027778,2.361111,1000-12000
MUSIC,projector,3,bubble 05 3000Hz .wav,2.236758,0.555556,0.833333,1000-12000
MUSIC_CSDM,projector,3,bubble 05 3000Hz .wav,2.987887,-1.027778,0.194444,1000-12000
CBF,projector,3,bubble 06 3000Hz .wav,1.083333,0.000000,1.916667,1000-12000
MVDR,projector,3,bubble 06 3000Hz .wav,0.639492,-0.027778,2.361111,1000-12000
MUSIC,projector,3,bubble 06 3000Hz .wav,1.021376,0.944444,3.388889,1000-12000
MUSIC_CSDM,projector,3,bubble 06 3000Hz .wav,1.527778,0.916667,4.222222,1000-12000
CBF,projector,3,bubble 07 3000Hz .wav,1.083333,0.000000,1.916667,1000-12000
MVDR,projector,3,bubble 07 3000Hz .wav,0.639492,-0.027778,2.361111,1000-12000
MUSIC,projector,3,bubble 07 3000Hz .wav,3.005268,0.444444,0.027778,1000-12000
MUSIC_CSDM,projector,3,bubble 07 3000Hz .wav,0.762752,-0.416667,2.361111,1000-12000
CBF,projector,3,bubble 08 3000Hz .wav,1.083333,0.000000,1.916667,1000-12000
MVDR,projector,3,bubble 08 3000Hz .wav,0.639492,-0.027778,2.361111,1000-12000
MUSIC,projector,3,bubble 08 3000Hz .wav,2.530219,-0.111111,0.472222,1000-12000
MUSIC_CSDM,projector,3,bubble 08 3000Hz .wav,3.546212,2.694444,5.305556,1000-12000
CBF,projector,3,bubble 09 3000Hz .wav,1.083333,0.000000,1.916667,1000-12000
MVDR,projector,3,bubble 09 3000Hz .wav,0.639492,-0.027778,2.361111,1000-12000
MUSIC,projector,3,bubble 09 3000Hz .wav,2.501389,-0.083333,0.500000,1000-12000
MUSIC_CSDM,projector,3,bubble 09 3000Hz .wav,2.173955,0.972222,4.944444,1000-12000
CBF,projector,3,bubble 10 3000Hz .wav,1.083333,0.000000,1.916667,1000-12000
MVDR,projector,3,bubble 10 3000Hz .wav,0.639492,-0.027778,2.361111,1000-12000
MUSIC,projector,3,bubble 10 3000Hz .wav,1.064654,0.277778,1.972222,1000-12000
MUSIC_CSDM,projector,3,bubble 10 3000Hz .wav,3.017567,1.111111,0.194444,1000-12000
CBF,projector,3,bubble 11 3000Hz .wav,1.083333,0.000000,1.916667,1000-12000
MVDR,projector,3,bubble 11 3000Hz .wav,0.639492,-0.027778,2.361111,1000-12000
MUSIC,projector,3,bubble 11 3000Hz .wav,3.405243,2.833333,1.111111,1000-12000
MUSIC_CSDM,projector,3,bubble 11 3000Hz .wav,1.664814,-0.722222,1.500000,1000-12000
CBF,projector,3,bubble 12 3000Hz .wav,1.083333,0.000000,1.916667,1000-12000
MVDR,projector,3,bubble 12 3000Hz .wav,0.639492,-0.027778,2.361111,1000-12000
MUSIC,projector,3,bubble 12 3000Hz .wav,3.001157,-3.000000,2.916667,1000-12000
MUSIC_CSDM,projector,3,bubble 12 3000Hz .wav,1.931305,-1.472222,4.250000,1000-12000
CBF,projector,3,bubble 13 3000Hz .wav,1.083333,0.000000,1.916667,1000-12000
MVDR,projector,3,bubble 13 3000Hz .wav,0.639492,-0.027778,2.361111,1000-12000
MUSIC,projector,3,bubble 13 3000Hz .wav,3.183678,-1.555556,0.222222,1000-12000
MUSIC_CSDM,projector,3,bubble 13 3000Hz .wav,3.232980,-2.083333,0.527778,1000-12000
CBF,projector,3,bubble 14 3000Hz .wav,1.083333,0.000000,1.916667,1000-12000
MVDR,projector,3,bubble 14 3000Hz .wav,0.639492,-0.027778,2.361111,1000-12000
MUSIC,projector,3,bubble 14 3000Hz .wav,2.304886,-2.250000,2.500000,1000-12000
MUSIC_CSDM,projector,3,bubble 14 3000Hz .wav,2.530219,-0.111111,0.472222,1000-12000
CBF,projector,3,bubble 15 3000Hz .wav,1.083333,0.000000,1.916667,1000-12000
MVDR,projector,3,bubble 15 3000Hz .wav,0.639492,-0.027778,2.361111,1000-12000
MUSIC,projector,3,bubble 15 3000Hz .wav,2.639474,0.055556,0.361111,1000-12000
MUSIC_CSDM,projector,3,bubble 15 3000Hz .wav,2.689859,1.555556,0.805556,1000-12000
CBF,projector,3,bubble 16 3000Hz .wav,1.083333,0.000000,1.916667,1000-12000
MVDR,projector,3,bubble 16 3000Hz .wav,0.666667,0.000000,2.333333,1000-12000
MUSIC,projector,3,bubble 16 3000Hz .wav,2.964033,-0.527778,0.083333,1000-12000
MUSIC_CSDM,projector,3,bubble 16 3000Hz .wav,4.223045,2.972222,6.000000,1000-12000
CBF,projector,3,bubble 17 3000Hz .wav,1.083333,0.000000,1.916667,1000-12000
MVDR,projector,3,bubble 17 3000Hz .wav,0.638889,0.000000,2.361111,1000-12000
MUSIC,projector,3,bubble 17 3000Hz .wav,1.223484,0.777778,2.055556,1000-12000
MUSIC_CSDM,projector,3,bubble 17 3000Hz .wav,1.579430,-0.638889,1.555556,1000-12000
CBF,projector,3,bubble 18 3000Hz .wav,1.083333,0.000000,1.916667,1000-12000
MVDR,projector,3,bubble 18 3000Hz .wav,0.638889,0.000000,2.361111,1000-12000
MUSIC,projector,3,bubble 18 3000Hz .wav,0.992643,0.305556,2.055556,1000-12000
MUSIC_CSDM,projector,3,bubble 18 3000Hz .wav,0.492223,-0.472222,3.138889,1000-12000
CBF,projector,3,bubble 19 3000Hz .wav,1.083333,0.000000,1.916667,1000-12000
MVDR,projector,3,bubble 19 3000Hz .wav,0.638889,0.000000,2.361111,1000-12000
MUSIC,projector,3,bubble 19 3000Hz .wav,2.503855,-0.833333,5.361111,1000-12000
MUSIC_CSDM,projector,3,bubble 19 3000Hz .wav,2.872013,-0.250000,0.138889,1000-12000
CBF,projector,3,bubble 20 3000Hz .wav,1.083333,0.000000,1.916667,1000-12000
MVDR,projector,3,bubble 20 3000Hz .wav,0.638889,0.000000,2.361111,1000-12000
MUSIC,projector,3,bubble 20 3000Hz .wav,2.789005,-0.250000,0.222222,1000-12000
MUSIC_CSDM,projector,3,bubble 20 3000Hz .wav,2.954647,0.472222,0.083333,1000-12000
CBF,projector,1,bubble 01 5000Hz .wav,2.341915,2.166667,1.888889,1000-12000
MVDR,projector,1,bubble 01 5000Hz .wav,5.040653,0.638889,6.000000,1000-12000
MUSIC,projector,1,bubble 01 5000Hz .wav,3.515837,0.333333,4.500000,1000-12000
MUSIC_CSDM,projector,1,bubble 01 5000Hz .wav,5.040653,0.638889,6.000000,1000-12000
CBF,projector,1,bubble 02 5000Hz .wav,2.341915,2.166667,1.888889,1000-12000
MVDR,projector,1,bubble 02 5000Hz .wav,5.037207,0.611111,6.000000,1000-12000
MUSIC,projector,1,bubble 02 5000Hz .wav,2.573758,0.305556,3.555556,1000-12000
MUSIC_CSDM,projector,1,bubble 02 5000Hz .wav,5.040653,0.638889,6.000000,1000-12000
CBF,projector,1,bubble 03 5000Hz .wav,2.341915,2.166667,1.888889,1000-12000
MVDR,projector,1,bubble 03 5000Hz .wav,5.037207,0.611111,6.000000,1000-12000
MUSIC,projector,1,bubble 03 5000Hz .wav,1.749118,0.305556,2.722222,1000-12000
MUSIC_CSDM,projector,1,bubble 03 5000Hz .wav,5.040653,0.638889,6.000000,1000-12000
CBF,projector,1,bubble 04 5000Hz .wav,2.341915,2.166667,1.888889,1000-12000
MVDR,projector,1,bubble 04 5000Hz .wav,5.037207,0.611111,6.000000,1000-12000
MUSIC,projector,1,bubble 04 5000Hz .wav,2.243131,0.305556,3.222222,1000-12000
MUSIC_CSDM,projector,1,bubble 04 5000Hz .wav,5.040653,0.638889,6.000000,1000-12000
CBF,projector,1,bubble 05 5000Hz .wav,2.341915,2.166667,1.888889,1000-12000
MVDR,projector,1,bubble 05 5000Hz .wav,5.037207,0.611111,6.000000,1000-12000
MUSIC,projector,1,bubble 05 5000Hz .wav,1.995752,0.305556,2.972222,1000-12000
MUSIC_CSDM,projector,1,bubble 05 5000Hz .wav,5.040653,0.638889,6.000000,1000-12000
CBF,projector,1,bubble 06 5000Hz .wav,2.316240,2.138889,1.888889,1000-12000
MVDR,projector,1,bubble 06 5000Hz .wav,5.037207,0.611111,6.000000,1000-12000
MUSIC,projector,1,bubble 06 5000Hz .wav,1.874331,0.222222,2.861111,1000-12000
MUSIC_CSDM,projector,1,bubble 06 5000Hz .wav,5.040653,0.638889,6.000000,1000-12000
CBF,projector,1,bubble 07 5000Hz .wav,2.316240,2.138889,1.888889,1000-12000
MVDR,projector,1,bubble 07 5000Hz .wav,5.037207,0.611111,6.000000,1000-12000
MUSIC,projector,1,bubble 07 5000Hz .wav,1.118379,0.277778,2.083333,1000-12000
MUSIC_CSDM,projector,1,bubble 07 5000Hz .wav,5.040653,0.638889,6.000000,1000-12000
CBF,projector,1,bubble 08 5000Hz .wav,0.778274,-0.444444,0.361111,1000-12000
MVDR,projector,1,bubble 08 5000Hz .wav,5.037207,0.611111,6.000000,1000-12000
MUSIC,projector,1,bubble 08 5000Hz .wav,1.708954,0.222222,2.694444,1000-12000
MUSIC_CSDM,projector,1,bubble 08 5000Hz .wav,5.040653,0.638889,6.000000,1000-12000
CBF,projector,1,bubble 09 5000Hz .wav,0.778274,-0.444444,0.361111,1000-12000
MVDR,projector,1,bubble 09 5000Hz .wav,5.037207,0.611111,6.000000,1000-12000
MUSIC,projector,1,bubble 09 5000Hz .wav,0.445312,0.027778,0.555556,1000-12000
MUSIC_CSDM,projector,1,bubble 09 5000Hz .wav,5.040653,0.638889,6.000000,1000-12000
CBF,projector,1,bubble 10 5000Hz .wav,0.778274,-0.444444,0.361111,1000-12000
MVDR,projector,1,bubble 10 5000Hz .wav,5.037207,0.611111,6.000000,1000-12000
MUSIC,projector,1,bubble 10 5000Hz .wav,1.355430,0.972222,0.055556,1000-12000
MUSIC_CSDM,projector,1,bubble 10 5000Hz .wav,5.040653,0.638889,6.000000,1000-12000
CBF,projector,1,bubble 11 5000Hz .wav,0.778274,-0.444444,0.361111,1000-12000
MVDR,projector,1,bubble 11 5000Hz .wav,5.037207,0.611111,6.000000,1000-12000
MUSIC,projector,1,bubble 11 5000Hz .wav,1.047115,0.388889,1.972222,1000-12000
MUSIC_CSDM,projector,1,bubble 11 5000Hz .wav,5.040653,0.638889,6.000000,1000-12000
CBF,projector,1,bubble 12 5000Hz .wav,0.778274,-0.444444,0.361111,1000-12000
MVDR,projector,1,bubble 12 5000Hz .wav,5.040653,0.638889,6.000000,1000-12000
MUSIC,projector,1,bubble 12 5000Hz .wav,0.758186,0.666667,0.638889,1000-12000
MUSIC_CSDM,projector,1,bubble 12 5000Hz .wav,5.044249,0.666667,6.000000,1000-12000
CBF,projector,1,bubble 13 5000Hz .wav,0.778274,-0.444444,0.361111,1000-12000
MVDR,projector,1,bubble 13 5000Hz .wav,5.040653,0.638889,6.000000,1000-12000
MUSIC,projector,1,bubble 13 5000Hz .wav,0.840708,0.111111,1.833333,1000-12000
MUSIC_CSDM,projector,1,bubble 13 5000Hz .wav,5.044249,0.666667,6.000000,1000-12000
CBF,projector,1,bubble 14 5000Hz .wav,0.778274,-0.444444,0.361111,1000-12000
MVDR,projector,1,bubble 14 5000Hz .wav,5.040653,0.638889,6.000000,1000-12000
MUSIC,projector,1,bubble 14 5000Hz .wav,1.211124,0.972222,0.277778,1000-12000
MUSIC_CSDM,projector,1,bubble 14 5000Hz .wav,5.044249,0.666667,6.000000,1000-12000
CBF,projector,1,bubble 15 5000Hz .wav,0.755637,0.444444,0.388889,1000-12000
MVDR,projector,1,bubble 15 5000Hz .wav,5.040653,0.638889,6.000000,1000-12000
MUSIC,projector,1,bubble 15 5000Hz .wav,0.472222,0.416667,1.222222,1000-12000
MUSIC_CSDM,projector,1,bubble 15 5000Hz .wav,5.044249,0.666667,6.000000,1000-12000
CBF,projector,1,bubble 16 5000Hz .wav,0.755637,0.444444,0.388889,1000-12000
MVDR,projector,1,bubble 16 5000Hz .wav,5.040653,0.638889,6.000000,1000-12000
MUSIC,projector,1,bubble 16 5000Hz .wav,5.088871,-1.083333,5.972222,1000-12000
MUSIC_CSDM,projector,1,bubble 16 5000Hz .wav,5.044249,0.666667,6.000000,1000-12000
CBF,projector,1,bubble 17 5000Hz .wav,0.755637,0.444444,0.388889,1000-12000
MVDR,projector,1,bubble 17 5000Hz .wav,5.044249,0.666667,6.000000,1000-12000
MUSIC,projector,1,bubble 17 5000Hz .wav,0.755637,-0.444444,0.388889,1000-12000
MUSIC_CSDM,projector,1,bubble 17 5000Hz .wav,5.044249,0.666667,6.000000,1000-12000
CBF,projector,1,bubble 18 5000Hz .wav,0.755637,0.444444,0.388889,1000-12000
MVDR,projector,1,bubble 18 5000Hz .wav,5.044249,0.666667,6.000000,1000-12000
MUSIC,projector,1,bubble 18 5000Hz .wav,4.824145,-1.111111,5.694444,1000-12000
MUSIC_CSDM,projector,1,bubble 18 5000Hz .wav,5.044249,0.666667,6.000000,1000-12000
CBF,projector,1,bubble 19 5000Hz .wav,0.755637,0.444444,0.388889,1000-12000
MVDR,projector,1,bubble 19 5000Hz .wav,5.044249,0.666667,6.000000,1000-12000
MUSIC,projector,1,bubble 19 5000Hz .wav,0.516697,-0.416667,0.694444,1000-12000
MUSIC_CSDM,projector,1,bubble 19 5000Hz .wav,5.044249,0.666667,6.000000,1000-12000
CBF,projector,1,bubble 20 5000Hz .wav,0.755637,0.444444,0.388889,1000-12000
MVDR,projector,1,bubble 20 5000Hz .wav,5.047995,0.694444,6.000000,1000-12000
MUSIC,projector,1,bubble 20 5000Hz .wav,1.160034,0.333333,2.111111,1000-12000
MUSIC_CSDM,projector,1,bubble 20 5000Hz .wav,5.044249,0.666667,6.000000,1000-12000
CBF,projector,2,bubble 07 5000Hz .wav,1.907789,0.527778,0.166667,1000-12000
MVDR,projector,2,bubble 07 5000Hz .wav,1.619709,-1.388889,1.166667,1000-12000
MUSIC,projector,2,bubble 07 5000Hz .wav,0.039284,0.027778,2.027778,1000-12000
MUSIC_CSDM,projector,2,bubble 07 5000Hz .wav,1.750220,0.027778,0.250000,1000-12000
CBF,projector,3,bubble 01 5000Hz .wav,0.638889,0.000000,3.638889,1000-12000
MVDR,projector,3,bubble 01 5000Hz .wav,0.194444,0.000000,2.805556,1000-12000
MUSIC,projector,3,bubble 01 5000Hz .wav,2.708725,2.638889,3.611111,1000-12000
MUSIC_CSDM,projector,3,bubble 01 5000Hz .wav,0.527778,0.000000,2.472222,1000-12000
CBF,projector,3,bubble 02 5000Hz .wav,0.638889,0.000000,3.638889,1000-12000
MVDR,projector,3,bubble 02 5000Hz .wav,0.194444,0.000000,2.805556,1000-12000
MUSIC,projector,3,bubble 02 5000Hz .wav,2.588108,2.527778,3.555556,1000-12000
MUSIC_CSDM,projector,3,bubble 02 5000Hz .wav,0.916667,0.000000,2.083333,1000-12000
CBF,projector,3,bubble 03 5000Hz .wav,0.638889,0.000000,3.638889,1000-12000
MVDR,projector,3,bubble 03 5000Hz .wav,0.194444,0.000000,2.805556,1000-12000
MUSIC,projector,3,bubble 03 5000Hz .wav,3.341772,1.472222,6.000000,1000-12000
MUSIC_CSDM,projector,3,bubble 03 5000Hz .wav,0.555556,0.000000,2.444444,1000-12000
CBF,projector,3,bubble 04 5000Hz .wav,0.638889,0.000000,3.638889,1000-12000
MVDR,projector,3,bubble 04 5000Hz .wav,0.194444,0.000000,2.805556,1000-12000
MUSIC,projector,3,bubble 04 5000Hz .wav,1.571839,1.138889,1.916667,1000-12000
MUSIC_CSDM,projector,3,bubble 04 5000Hz .wav,0.527778,0.000000,2.472222,1000-12000
CBF,projector,3,bubble 05 5000Hz .wav,0.638889,0.000000,3.638889,1000-12000
MVDR,projector,3,bubble 05 5000Hz .wav,0.194444,0.000000,2.805556,1000-12000
MUSIC,projector,3,bubble 05 5000Hz .wav,1.483708,1.166667,3.916667,1000-12000
MUSIC_CSDM,projector,3,bubble 05 5000Hz .wav,0.555556,0.000000,2.444444,1000-12000
CBF,projector,3,bubble 06 5000Hz .wav,0.638889,0.000000,3.638889,1000-12000
MVDR,projector,3,bubble 06 5000Hz .wav,0.194444,0.000000,2.805556,1000-12000
MUSIC,projector,3,bubble 06 5000Hz .wav,2.648229,0.222222,0.361111,1000-12000
MUSIC_CSDM,projector,3,bubble 06 5000Hz .wav,0.472222,0.000000,2.527778,1000-12000
CBF,projector,3,bubble 07 5000Hz .wav,0.638889,0.000000,3.638889,1000-12000
MVDR,projector,3,bubble 07 5000Hz .wav,0.194444,0.000000,2.805556,1000-12000
MUSIC,projector,3,bubble 07 5000Hz .wav,2.709152,2.388889,4.277778,1000-12000
MUSIC_CSDM,projector,3,bubble 07 5000Hz .wav,0.639492,0.027778,2.361111,1000-12000
CBF,projector,3,bubble 08 5000Hz .wav,0.638889,0.000000,3.638889,1000-12000
MVDR,projector,3,bubble 08 5000Hz .wav,0.194444,0.000000,2.805556,1000-12000
MUSIC,projector,3,bubble 08 5000Hz .wav,1.028153,0.027778,4.027778,1000-12000
MUSIC_CSDM,projector,3,bubble 08 5000Hz .wav,0.444444,0.000000,2.555556,1000-12000
CBF,projector,3,bubble 09 5000Hz .wav,0.638889,0.000000,3.638889,1000-12000
MVDR,projector,3,bubble 09 5000Hz .wav,0.194444,0.000000,2.805556,1000-12000
MUSIC,projector,3,bubble 09 5000Hz .wav,1.922294,1.166667,4.527778,1000-12000
MUSIC_CSDM,projector,3,bubble 09 5000Hz .wav,0.473039,0.027778,2.527778,1000-12000
CBF,projector,3,bubble 10 5000Hz .wav,0.638889,0.000000,3.638889,1000-12000
MVDR,projector,3,bubble 10 5000Hz .wav,0.194444,0.000000,2.805556,1000-12000
MUSIC,projector,3,bubble 10 5000Hz .wav,1.408199,1.305556,3.527778,1000-12000
MUSIC_CSDM,projector,3,bubble 10 5000Hz .wav,0.500000,0.000000,2.500000,1000-12000
CBF,projector,3,bubble 11 5000Hz .wav,0.638889,0.000000,3.638889,1000-12000
MVDR,projector,3,bubble 11 5000Hz .wav,0.194444,0.000000,2.805556,1000-12000
MUSIC,projector,3,bubble 11 5000Hz .wav,2.489639,1.444444,5.027778,1000-12000
MUSIC_CSDM,projector,3,bubble 11 5000Hz .wav,0.583994,0.027778,2.416667,1000-12000
CBF,projector,3,bubble 12 5000Hz .wav,0.638889,0.000000,3.638889,1000-12000
MVDR,projector,3,bubble 12 5000Hz .wav,0.194444,0.000000,2.805556,1000-12000
MUSIC,projector,3,bubble 12 5000Hz .wav,1.294874,-0.500000,1.805556,1000-12000
MUSIC_CSDM,projector,3,bubble 12 5000Hz .wav,0.528508,0.027778,2.472222,1000-12000
CBF,projector,3,bubble 13 5000Hz .wav,0.638889,0.000000,3.638889,1000-12000
MVDR,projector,3,bubble 13 5000Hz .wav,0.194444,0.000000,2.805556,1000-12000
MUSIC,projector,3,bubble 13 5000Hz .wav,1.343710,1.166667,3.666667,1000-12000
MUSIC_CSDM,projector,3,bubble 13 5000Hz .wav,0.473039,0.027778,2.527778,1000-12000
CBF,projector,3,bubble 14 5000Hz .wav,0.638889,0.000000,3.638889,1000-12000
MVDR,projector,3,bubble 14 5000Hz .wav,0.194444,0.000000,2.805556,1000-12000
MUSIC,projector,3,bubble 14 5000Hz .wav,0.794464,-0.638889,3.472222,1000-12000
MUSIC_CSDM,projector,3,bubble 14 5000Hz .wav,0.473039,0.027778,2.527778,1000-12000
CBF,projector,3,bubble 15 5000Hz .wav,0.638889,0.000000,3.638889,1000-12000
MVDR,projector,3,bubble 15 5000Hz .wav,0.194444,0.000000,2.805556,1000-12000
MUSIC,projector,3,bubble 15 5000Hz .wav,1.383880,1.083333,3.861111,1000-12000
MUSIC_CSDM,projector,3,bubble 15 5000Hz .wav,0.473039,0.027778,2.527778,1000-12000
CBF,projector,3,bubble 16 5000Hz .wav,0.638889,0.000000,3.638889,1000-12000
MVDR,projector,3,bubble 16 5000Hz .wav,0.194444,0.000000,2.805556,1000-12000
MUSIC,projector,3,bubble 16 5000Hz .wav,1.493298,1.416667,2.527778,1000-12000
MUSIC_CSDM,projector,3,bubble 16 5000Hz .wav,0.473039,0.027778,2.527778,1000-12000
CBF,projector,3,bubble 17 5000Hz .wav,0.638889,0.000000,3.638889,1000-12000
MVDR,projector,3,bubble 17 5000Hz .wav,0.194444,0.000000,2.805556,1000-12000
MUSIC,projector,3,bubble 17 5000Hz .wav,0.747940,-0.638889,3.388889,1000-12000
MUSIC_CSDM,projector,3,bubble 17 5000Hz .wav,0.528508,0.027778,2.472222,1000-12000
CBF,projector,3,bubble 18 5000Hz .wav,0.638889,0.000000,3.638889,1000-12000
MVDR,projector,3,bubble 18 5000Hz .wav,0.194444,0.000000,2.805556,1000-12000
MUSIC,projector,3,bubble 18 5000Hz .wav,0.950146,-0.750000,2.416667,1000-12000
MUSIC_CSDM,projector,3,bubble 18 5000Hz .wav,0.528508,0.027778,2.472222,1000-12000
CBF,projector,3,bubble 19 5000Hz .wav,0.638889,0.000000,3.638889,1000-12000
MVDR,projector,3,bubble 19 5000Hz .wav,0.194444,0.000000,2.805556,1000-12000
MUSIC,projector,3,bubble 19 5000Hz .wav,2.648229,0.222222,0.361111,1000-12000
MUSIC_CSDM,projector,3,bubble 19 5000Hz .wav,0.500771,0.027778,2.500000,1000-12000
CBF,projector,3,bubble 20 5000Hz .wav,0.638889,0.000000,3.638889,1000-12000
MVDR,projector,3,bubble 20 5000Hz .wav,0.194444,0.000000,2.805556,1000-12000
MUSIC,projector,3,bubble 20 5000Hz .wav,0.248452,0.222222,3.111111,1000-12000
MUSIC_CSDM,projector,3,bubble 20 5000Hz .wav,0.473039,0.027778,2.527778,1000-12000
CBF,projector,1,bubble 01 7000Hz .wav,4.250000,0.000000,5.250000,1000-12000
MVDR,projector,1,bubble 01 7000Hz .wav,0.141639,-0.027778,0.861111,1000-12000
MUSIC,projector,1,bubble 01 7000Hz .wav,4.822545,1.500000,5.583333,1000-12000
MUSIC_CSDM,projector,1,bubble 01 7000Hz .wav,0.087841,-0.027778,1.083333,1000-12000
CBF,projector,1,bubble 02 7000Hz .wav,4.250000,0.000000,5.250000,1000-12000
MVDR,projector,1,bubble 02 7000Hz .wav,0.141639,-0.027778,0.861111,1000-12000
MUSIC,projector,1,bubble 02 7000Hz .wav,1.142947,-1.027778,0.500000,1000-12000
MUSIC_CSDM,projector,1,bubble 02 7000Hz .wav,5.001234,-0.111111,6.000000,1000-12000
CBF,projector,1,bubble 03 7000Hz .wav,4.250000,0.000000,5.250000,1000-12000
MVDR,projector,1,bubble 03 7000Hz .wav,0.141639,-0.027778,0.861111,1000-12000
MUSIC,projector,1,bubble 03 7000Hz .wav,1.374930,0.194444,2.361111,1000-12000
MUSIC_CSDM,projector,1,bubble 03 7000Hz .wav,0.062113,-0.027778,1.055556,1000-12000
CBF,projector,1,bubble 04 7000Hz .wav,4.250000,0.000000,5.250000,1000-12000
MVDR,projector,1,bubble 04 7000Hz .wav,0.141639,-0.027778,0.861111,1000-12000
MUSIC,projector,1,bubble 04 7000Hz .wav,5.212239,1.472222,6.000000,1000-12000
MUSIC_CSDM,projector,1,bubble 04 7000Hz .wav,5.001234,-0.111111,6.000000,1000-12000
CBF,projector,1,bubble 05 7000Hz .wav,4.250000,0.000000,5.250000,1000-12000
MVDR,projector,1,bubble 05 7000Hz .wav,0.141639,-0.027778,0.861111,1000-12000
MUSIC,projector,1,bubble 05 7000Hz .wav,0.747424,0.500000,0.444444,1000-12000
MUSIC_CSDM,projector,1,bubble 05 7000Hz .wav,5.001234,-0.111111,6.000000,1000-12000
CBF,projector,1,bubble 06 7000Hz .wav,4.250000,0.000000,5.250000,1000-12000
MVDR,projector,1,bubble 06 7000Hz .wav,0.141639,-0.027778,0.861111,1000-12000
MUSIC,projector,1,bubble 06 7000Hz .wav,0.850290,0.527778,1.666667,1000-12000
MUSIC_CSDM,projector,1,bubble 06 7000Hz .wav,3.926505,0.277778,4.916667,1000-12000
CBF,projector,1,bubble 07 7000Hz .wav,4.250000,0.000000,5.250000,1000-12000
MVDR,projector,1,bubble 07 7000Hz .wav,0.141639,-0.027778,0.861111,1000-12000
MUSIC,projector,1,bubble 07 7000Hz .wav,0.850290,0.527778,1.666667,1000-12000
MUSIC_CSDM,projector,1,bubble 07 7000Hz .wav,5.001234,-0.111111,6.000000,1000-12000
CBF,projector,1,bubble 08 7000Hz .wav,4.250000,0.000000,5.250000,1000-12000
MVDR,projector,1,bubble 08 7000Hz .wav,0.141639,-0.027778,0.861111,1000-12000
MUSIC,projector,1,bubble 08 7000Hz .wav,2.000771,-2.000000,0.944444,1000-12000
MUSIC_CSDM,projector,1,bubble 08 7000Hz .wav,5.000694,-0.083333,6.000000,1000-12000
CBF,projector,1,bubble 09 7000Hz .wav,4.250000,0.000000,5.250000,1000-12000
MVDR,projector,1,bubble 09 7000Hz .wav,0.141639,-0.027778,0.861111,1000-12000
MUSIC,projector,1,bubble 09 7000Hz .wav,1.404633,1.277778,1.583333,1000-12000
MUSIC_CSDM,projector,1,bubble 09 7000Hz .wav,5.000694,-0.083333,6.000000,1000-12000
CBF,projector,1,bubble 10 7000Hz .wav,4.250000,0.000000,5.250000,1000-12000
MVDR,projector,1,bubble 10 7000Hz .wav,0.141639,-0.027778,0.861111,1000-12000
MUSIC,projector,1,bubble 10 7000Hz .wav,0.852103,0.277778,0.194444,1000-12000
MUSIC_CSDM,projector,1,bubble 10 7000Hz .wav,5.000694,-0.083333,6.000000,1000-12000
CBF,projector,1,bubble 11 7000Hz .wav,4.250000,0.000000,5.250000,1000-12000
MVDR,projector,1,bubble 11 7000Hz .wav,0.141639,-0.027778,0.861111,1000-12000
MUSIC,projector,1,bubble 11 7000Hz .wav,5.565547,-2.444444,6.000000,1000-12000
MUSIC_CSDM,projector,1,bubble 11 7000Hz .wav,5.000694,-0.083333,6.000000,1000-12000
CBF,projector,1,bubble 12 7000Hz .wav,4.250000,0.000000,5.250000,1000-12000
MVDR,projector,1,bubble 12 7000Hz .wav,0.141639,-0.027778,0.861111,1000-12000
MUSIC,projector,1,bubble 12 7000Hz .wav,2.048788,-2.000000,1.444444,1000-12000
MUSIC_CSDM,projector,1,bubble 12 7000Hz .wav,5.000694,-0.083333,6.000000,1000-12000
CBF,projector,1,bubble 13 7000Hz .wav,4.250000,0.000000,5.250000,1000-12000
MVDR,projector,1,bubble 13 7000Hz .wav,0.141639,-0.027778,0.861111,1000-12000
MUSIC,projector,1,bubble 13 7000Hz .wav,2.173067,0.166667,3.166667,1000-12000
MUSIC_CSDM,projector,1,bubble 13 7000Hz .wav,5.000694,-0.083333,6.000000,1000-12000
CBF,projector,1,bubble 14 7000Hz .wav,4.250000,0.000000,5.250000,1000-12000
MVDR,projector,1,bubble 14 7000Hz .wav,0.141639,-0.027778,0.861111,1000-12000
MUSIC,projector,1,bubble 14 7000Hz .wav,5.000694,-0.083333,6.000000,1000-12000
MUSIC_CSDM,projector,1,bubble 14 7000Hz .wav,5.000694,-0.083333,6.000000,1000-12000
CBF,projector,1,bubble 15 7000Hz .wav,4.250000,0.000000,5.250000,1000-12000
MVDR,projector,1,bubble 15 7000Hz .wav,0.141639,-0.027778,0.861111,1000-12000
MUSIC,projector,1,bubble 15 7000Hz .wav,5.306646,1.777778,6.000000,1000-12000
MUSIC_CSDM,projector,1,bubble 15 7000Hz .wav,5.000309,-0.055556,6.000000,1000-12000
CBF,projector,1,bubble 16 7000Hz .wav,4.250000,0.000000,5.250000,1000-12000
MVDR,projector,1,bubble 16 7000Hz .wav,0.141639,-0.027778,0.861111,1000-12000
MUSIC,projector,1,bubble 16 7000Hz .wav,5.001234,-0.111111,6.000000,1000-12000
MUSIC_CSDM,projector,1,bubble 16 7000Hz .wav,5.000309,-0.055556,6.000000,1000-12000
CBF,projector,1,bubble 17 7000Hz .wav,4.250000,0.000000,5.250000,1000-12000
MVDR,projector,1,bubble 17 7000Hz .wav,0.141639,-0.027778,0.861111,1000-12000
MUSIC,projector,1,bubble 17 7000Hz .wav,3.612073,-0.083333,4.611111,1000-12000
MUSIC_CSDM,projector,1,bubble 17 7000Hz .wav,5.000309,-0.055556,6.000000,1000-12000
CBF,projector,1,bubble 18 7000Hz .wav,4.250000,0.000000,5.250000,1000-12000
MVDR,projector,1,bubble 18 7000Hz .wav,0.141639,-0.027778,0.861111,1000-12000
MUSIC,projector,1,bubble 18 7000Hz .wav,2.473626,-0.083333,3.472222,1000-12000
MUSIC_CSDM,projector,1,bubble 18 7000Hz .wav,5.000309,-0.055556,6.000000,1000-12000
CBF,projector,1,bubble 19 7000Hz .wav,4.250000,0.000000,5.250000,1000-12000
MVDR,projector,1,bubble 19 7000Hz .wav,0.141639,-0.027778,0.861111,1000-12000
MUSIC,projector,1,bubble 19 7000Hz .wav,3.500992,-0.083333,4.500000,1000-12000
MUSIC_CSDM,projector,1,bubble 19 7000Hz .wav,5.000309,-0.055556,6.000000,1000-12000
CBF,projector,1,bubble 20 7000Hz .wav,4.250000,0.000000,5.250000,1000-12000
MVDR,projector,1,bubble 20 7000Hz .wav,0.141639,-0.027778,0.861111,1000-12000
MUSIC,projector,1,bubble 20 7000Hz .wav,1.666898,-0.027778,2.666667,1000-12000
MUSIC_CSDM,projector,1,bubble 20 7000Hz .wav,5.000309,-0.055556,6.000000,1000-12000
CBF,projector,2,bubble 13 7000Hz .wav,0.931695,0.166667,2.916667,1000-12000
MVDR,projector,2,bubble 13 7000Hz .wav,2.188635,-0.888889,0.000000,1000-12000
MUSIC,projector,2,bubble 13 7000Hz .wav,0.583994,-0.027778,1.416667,1000-12000
MUSIC_CSDM,projector,2,bubble 13 7000Hz .wav,1.114232,-0.083333,3.111111,1000-12000
CBF,projector,3,bubble 06 7000Hz .wav,0.611111,0.000000,2.388889,1000-12000
MVDR,projector,3,bubble 06 7000Hz .wav,0.473039,-0.027778,2.527778,1000-12000
MUSIC,projector,3,bubble 06 7000Hz .wav,1.442306,0.388889,1.611111,1000-12000
MUSIC_CSDM,projector,3,bubble 06 7000Hz .wav,1.944444,0.000000,1.055556,1000-12000
CBF,projector,1,bubble 01 9000Hz .wav,2.222222,0.000000,3.222222,1000-12000
MVDR,projector,1,bubble 01 9000Hz .wav,0.087841,-0.027778,0.916667,1000-12000
MUSIC,projector,1,bubble 01 9000Hz .wav,0.995747,0.916667,0.611111,1000-12000
MUSIC_CSDM,projector,1,bubble 01 9000Hz .wav,0.917087,-0.027778,1.916667,1000-12000
CBF,projector,1,bubble 02 9000Hz .wav,2.222222,0.000000,3.222222,1000-12000
MVDR,projector,1,bubble 02 9000Hz .wav,0.087841,-0.027778,0.916667,1000-12000
MUSIC,projector,1,bubble 02 9000Hz .wav,2.706018,0.805556,3.583333,1000-12000
MUSIC_CSDM,projector,1,bubble 02 9000Hz .wav,1.000386,-0.027778,2.000000,1000-12000
CBF,projector,1,bubble 03 9000Hz .wav,2.222222,0.000000,3.222222,1000-12000
MVDR,projector,1,bubble 03 9000Hz .wav,0.087841,-0.027778,0.916667,1000-12000
MUSIC,projector,1,bubble 03 9000Hz .wav,1.727814,1.722222,1.138889,1000-12000
MUSIC_CSDM,projector,1,bubble 03 9000Hz .wav,0.889323,-0.027778,1.888889,1000-12000
CBF,projector,1,bubble 04 9000Hz .wav,2.222222,0.000000,3.222222,1000-12000
MVDR,projector,1,bubble 04 9000Hz .wav,0.087841,-0.027778,0.916667,1000-12000
MUSIC,projector,1,bubble 04 9000Hz .wav,2.820915,-2.555556,2.194444,1000-12000
MUSIC_CSDM,projector,1,bubble 04 9000Hz .wav,1.000386,-0.027778,2.000000,1000-12000
CBF,projector,1,bubble 05 9000Hz .wav,2.222222,0.000000,3.222222,1000-12000
MVDR,projector,1,bubble 05 9000Hz .wav,0.087841,-0.027778,0.916667,1000-12000
MUSIC,projector,1,bubble 05 9000Hz .wav,0.141639,-0.027778,0.861111,1000-12000
MUSIC_CSDM,projector,1,bubble 05 9000Hz .wav,0.445312,-0.027778,0.555556,1000-12000
CBF,projector,1,bubble 06 9000Hz .wav,2.222222,0.000000,3.222222,1000-12000
MVDR,projector,1,bubble 06 9000Hz .wav,0.087841,-0.027778,0.916667,1000-12000
MUSIC,projector,1,bubble 06 9000Hz .wav,0.141639,-0.027778,0.861111,1000-12000
MUSIC_CSDM,projector,1,bubble 06 9000Hz .wav,0.196419,-0.027778,0.805556,1000-12000
CBF,projector,1,bubble 07 9000Hz .wav,2.222222,0.000000,3.222222,1000-12000
MVDR,projector,1,bubble 07 9000Hz .wav,0.087841,-0.027778,0.916667,1000-12000
MUSIC,projector,1,bubble 07 9000Hz .wav,0.306816,-0.027778,0.694444,1000-12000
MUSIC_CSDM,projector,1,bubble 07 9000Hz .wav,3.362144,-0.083333,4.361111,1000-12000
CBF,projector,1,bubble 08 9000Hz .wav,2.222222,0.000000,3.222222,1000-12000
MVDR,projector,1,bubble 08 9000Hz .wav,0.087841,-0.027778,0.916667,1000-12000
MUSIC,projector,1,bubble 08 9000Hz .wav,2.671581,-0.416667,3.638889,1000-12000
MUSIC_CSDM,projector,1,bubble 08 9000Hz .wav,0.196419,-0.027778,0.805556,1000-12000
CBF,projector,1,bubble 09 9000Hz .wav,2.222222,0.000000,3.222222,1000-12000
MVDR,projector,1,bubble 09 9000Hz .wav,0.087841,-0.027778,0.916667,1000-12000
MUSIC,projector,1,bubble 09 9000Hz .wav,2.732548,2.611111,1.805556,1000-12000
MUSIC_CSDM,projector,1,bubble 09 9000Hz .wav,0.196419,-0.027778,0.805556,1000-12000
CBF,projector,1,bubble 10 9000Hz .wav,2.222222,0.000000,3.222222,1000-12000
MVDR,projector,1,bubble 10 9000Hz .wav,0.087841,-0.027778,0.916667,1000-12000
MUSIC,projector,1,bubble 10 9000Hz .wav,0.616767,0.611111,0.916667,1000-12000
MUSIC_CSDM,projector,1,bubble 10 9000Hz .wav,0.196419,-0.027778,0.805556,1000-12000
CBF,projector,1,bubble 11 9000Hz .wav,2.222222,0.000000,3.222222,1000-12000
MVDR,projector,1,bubble 11 9000Hz .wav,0.087841,-0.027778,0.916667,1000-12000
MUSIC,projector,1,bubble 11 9000Hz .wav,2.515385,-1.833333,2.722222,1000-12000
MUSIC_CSDM,projector,1,bubble 11 9000Hz .wav,3.139995,-0.083333,4.138889,1000-12000
CBF,projector,1,bubble 12 9000Hz .wav,2.222222,0.000000,3.222222,1000-12000
MVDR,projector,1,bubble 12 9000Hz .wav,0.087841,-0.027778,0.916667,1000-12000
MUSIC,projector,1,bubble 12 9000Hz .wav,1.518660,-0.972222,2.166667,1000-12000
MUSIC_CSDM,projector,1,bubble 12 9000Hz .wav,0.890623,-0.055556,1.888889,1000-12000
CBF,projector,1,bubble 13 9000Hz .wav,2.222222,0.000000,3.222222,1000-12000
MVDR,projector,1,bubble 13 9000Hz .wav,0.087841,-0.027778,0.916667,1000-12000
MUSIC,projector,1,bubble 13 9000Hz .wav,0.975392,-0.916667,1.333333,1000-12000
MUSIC_CSDM,projector,1,bubble 13 9000Hz .wav,0.890623,-0.055556,1.888889,1000-12000
CBF,projector,1,bubble 14 9000Hz .wav,2.222222,0.000000,3.222222,1000-12000
MVDR,projector,1,bubble 14 9000Hz .wav,0.087841,-0.027778,0.916667,1000-12000
MUSIC,projector,1,bubble 14 9000Hz .wav,3.129041,-1.805556,3.555556,1000-12000
MUSIC_CSDM,projector,1,bubble 14 9000Hz .wav,3.167763,-0.083333,4.166667,1000-12000
CBF,projector,1,bubble 15 9000Hz .wav,2.222222,0.000000,3.222222,1000-12000
MVDR,projector,1,bubble 15 9000Hz .wav,0.114531,-0.027778,0.888889,1000-12000
MUSIC,projector,1,bubble 15 9000Hz .wav,2.279979,0.861111,3.111111,1000-12000
MUSIC_CSDM,projector,1,bubble 15 9000Hz .wav,0.890623,-0.055556,1.888889,1000-12000
CBF,projector,1,bubble 16 9000Hz .wav,2.222222,0.000000,3.222222,1000-12000
MVDR,projector,1,bubble 16 9000Hz .wav,0.114531,-0.027778,0.888889,1000-12000
MUSIC,projector,1,bubble 16 9000Hz .wav,1.917472,-1.916667,1.055556,1000-12000
MUSIC_CSDM,projector,1,bubble 16 9000Hz .wav,0.862901,-0.055556,1.861111,1000-12000
CBF,projector,1,bubble 17 9000Hz .wav,2.222222,0.000000,3.222222,1000-12000
MVDR,projector,1,bubble 17 9000Hz .wav,0.114531,-0.027778,0.888889,1000-12000
MUSIC,projector,1,bubble 17 9000Hz .wav,2.236068,-1.000000,3.000000,1000-12000
MUSIC_CSDM,projector,1,bubble 17 9000Hz .wav,3.028287,-0.055556,4.027778,1000-12000
CBF,projector,1,bubble 18 9000Hz .wav,2.222222,0.000000,3.222222,1000-12000
MVDR,projector,1,bubble 18 9000Hz .wav,2.361765,-0.055556,3.361111,1000-12000
MUSIC,projector,1,bubble 18 9000Hz .wav,2.149146,-0.972222,2.916667,1000-12000
MUSIC_CSDM,projector,1,bubble 18 9000Hz .wav,3.083834,-0.055556,4.083333,1000-12000
CBF,projector,1,bubble 19 9000Hz .wav,2.222222,0.000000,3.222222,1000-12000
MVDR,projector,1,bubble 19 9000Hz .wav,2.361765,-0.055556,3.361111,1000-12000
MUSIC,projector,1,bubble 19 9000Hz .wav,2.828700,0.861111,3.694444,1000-12000
MUSIC_CSDM,projector,1,bubble 19 9000Hz .wav,2.583931,-0.055556,3.583333,1000-12000
CBF,projector,1,bubble 20 9000Hz .wav,2.222222,0.000000,3.222222,1000-12000
MVDR,projector,1,bubble 20 9000Hz .wav,2.361765,-0.055556,3.361111,1000-12000
MUSIC,projector,1,bubble 20 9000Hz .wav,0.711458,0.444444,1.555556,1000-12000
MUSIC_CSDM,projector,1,bubble 20 9000Hz .wav,2.556159,-0.055556,3.555556,1000-12000
CBF,projector,2,bubble 01 9000Hz .wav,1.148335,0.611111,1.027778,1000-12000
MVDR,projector,2,bubble 01 9000Hz .wav,1.611351,1.305556,1.055556,1000-12000
MUSIC,projector,2,bubble 01 9000Hz .wav,0.890623,-0.055556,1.111111,1000-12000
MUSIC_CSDM,projector,2,bubble 01 9000Hz .wav,4.013865,-0.333333,6.000000,1000-12000
CBF,projector,2,bubble 02 9000Hz .wav,1.148335,0.611111,1.027778,1000-12000
MVDR,projector,2,bubble 02 9000Hz .wav,1.611351,1.305556,1.055556,1000-12000
MUSIC,projector,2,bubble 02 9000Hz .wav,2.923141,-0.194444,4.916667,1000-12000
MUSIC_CSDM,projector,2,bubble 02 9000Hz .wav,4.013865,-0.333333,6.000000,1000-12000
CBF,projector,2,bubble 03 9000Hz .wav,1.148335,0.611111,1.027778,1000-12000
MVDR,projector,2,bubble 03 9000Hz .wav,1.611351,1.305556,1.055556,1000-12000
MUSIC,projector,2,bubble 03 9000Hz .wav,3.873183,0.305556,5.861111,1000-12000
MUSIC_CSDM,projector,2,bubble 03 9000Hz .wav,1.766675,-0.500000,0.305556,1000-12000
CBF,projector,2,bubble 04 9000Hz .wav,1.148335,0.611111,1.027778,1000-12000
MVDR,projector,2,bubble 04 9000Hz .wav,1.611351,1.305556,1.055556,1000-12000
MUSIC,projector,2,bubble 04 9000Hz .wav,4.011654,0.305556,6.000000,1000-12000
MUSIC_CSDM,projector,2,bubble 04 9000Hz .wav,0.641300,-0.055556,1.361111,1000-12000
CBF,projector,2,bubble 05 9000Hz .wav,1.148335,0.611111,1.027778,1000-12000
MVDR,projector,2,bubble 05 9000Hz .wav,1.611351,1.305556,1.055556,1000-12000
MUSIC,projector,2,bubble 05 9000Hz .wav,0.397717,-0.083333,1.611111,1000-12000
MUSIC_CSDM,projector,2,bubble 05 9000Hz .wav,1.766675,-0.500000,0.305556,1000-12000
CBF,projector,2,bubble 06 9000Hz .wav,1.148335,0.611111,1.027778,1000-12000
MVDR,projector,2,bubble 06 9000Hz .wav,1.595228,1.305556,1.083333,1000-12000
MUSIC,projector,2,bubble 06 9000Hz .wav,2.838231,-2.833333,1.833333,1000-12000
MUSIC_CSDM,projector,2,bubble 06 9000Hz .wav,0.613631,-0.055556,1.388889,1000-12000
CBF,projector,2,bubble 07 9000Hz .wav,1.148335,0.611111,1.027778,1000-12000
MVDR,projector,2,bubble 07 9000Hz .wav,1.595228,1.305556,1.083333,1000-12000
MUSIC,projector,2,bubble 07 9000Hz .wav,3.430303,0.305556,5.416667,1000-12000
MUSIC_CSDM,projector,2,bubble 07 9000Hz .wav,0.641300,-0.055556,1.361111,1000-12000
CBF,projector,2,bubble 08 9000Hz .wav,1.148335,0.611111,1.027778,1000-12000
MVDR,projector,2,bubble 08 9000Hz .wav,1.595228,1.305556,1.083333,1000-12000
MUSIC,projector,2,bubble 08 9000Hz .wav,1.670597,1.138889,0.777778,1000-12000
MUSIC_CSDM,projector,2,bubble 08 9000Hz .wav,0.613631,-0.055556,1.388889,1000-12000
CBF,projector,2,bubble 09 9000Hz .wav,1.148335,0.611111,1.027778,1000-12000
MVDR,projector,2,bubble 09 9000Hz .wav,1.595228,1.305556,1.083333,1000-12000
MUSIC,projector,2,bubble 09 9000Hz .wav,1.502313,0.083333,0.500000,1000-12000
MUSIC_CSDM,projector,2,bubble 09 9000Hz .wav,0.699427,-0.083333,1.305556,1000-12000
CBF,projector,2,bubble 10 9000Hz .wav,1.148335,0.611111,1.027778,1000-12000
MVDR,projector,2,bubble 10 9000Hz .wav,1.595228,1.305556,1.083333,1000-12000
MUSIC,projector,2,bubble 10 9000Hz .wav,3.230115,2.750000,3.694444,1000-12000
MUSIC_CSDM,projector,2,bubble 10 9000Hz .wav,0.699427,-0.083333,1.305556,1000-12000
CBF,projector,2,bubble 11 9000Hz .wav,1.148335,0.611111,1.027778,1000-12000
MVDR,projector,2,bubble 11 9000Hz .wav,1.595228,1.305556,1.083333,1000-12000
MUSIC,projector,2,bubble 11 9000Hz .wav,2.553441,0.972222,4.361111,1000-12000
MUSIC_CSDM,projector,2,bubble 11 9000Hz .wav,0.699427,-0.083333,1.305556,1000-12000
CBF,projector,2,bubble 12 9000Hz .wav,1.148335,0.611111,1.027778,1000-12000
MVDR,projector,2,bubble 12 9000Hz .wav,1.595228,1.305556,1.083333,1000-12000
MUSIC,projector,2,bubble 12 9000Hz .wav,1.649916,1.166667,0.833333,1000-12000
MUSIC_CSDM,projector,2,bubble 12 9000Hz .wav,1.699673,0.333333,0.333333,1000-12000
CBF,projector,2,bubble 13 9000Hz .wav,1.148335,0.611111,1.027778,1000-12000
MVDR,projector,2,bubble 13 9000Hz .wav,1.595228,1.305556,1.083333,1000-12000
MUSIC,projector,2,bubble 13 9000Hz .wav,2.784575,-0.194444,4.777778,1000-12000
MUSIC_CSDM,projector,2,bubble 13 9000Hz .wav,1.699673,0.333333,0.333333,1000-12000
CBF,projector,2,bubble 14 9000Hz .wav,1.148335,0.611111,1.027778,1000-12000
MVDR,projector,2,bubble 14 9000Hz .wav,1.595228,1.305556,1.083333,1000-12000
MUSIC,projector,2,bubble 14 9000Hz .wav,3.087835,-0.166667,5.083333,1000-12000
MUSIC_CSDM,projector,2,bubble 14 9000Hz .wav,1.699673,0.333333,0.333333,1000-12000
CBF,projector,2,bubble 15 9000Hz .wav,1.148335,0.611111,1.027778,1000-12000
MVDR,projector,2,bubble 15 9000Hz .wav,1.595228,1.305556,1.083333,1000-12000
MUSIC,projector,2,bubble 15 9000Hz .wav,1.265033,-0.194444,3.250000,1000-12000
MUSIC_CSDM,projector,2,bubble 15 9000Hz .wav,0.872240,-0.861111,2.138889,1000-12000
CBF,projector,2,bubble 16 9000Hz .wav,1.148335,0.611111,1.027778,1000-12000
MVDR,projector,2,bubble 16 9000Hz .wav,1.595228,1.305556,1.083333,1000-12000
MUSIC,projector,2,bubble 16 9000Hz .wav,0.689986,0.444444,1.472222,1000-12000
MUSIC_CSDM,projector,2,bubble 16 9000Hz .wav,4.064678,-0.722222,6.000000,1000-12000
CBF,projector,2,bubble 17 9000Hz .wav,1.148335,0.611111,1.027778,1000-12000
MVDR,projector,2,bubble 17 9000Hz .wav,1.595228,1.305556,1.083333,1000-12000
MUSIC,projector,2,bubble 17 9000Hz .wav,0.571979,-0.277778,2.500000,1000-12000
MUSIC_CSDM,projector,2,bubble 17 9000Hz .wav,1.873508,-0.500000,0.194444,1000-12000
CBF,projector,2,bubble 18 9000Hz .wav,1.148335,0.611111,1.027778,1000-12000
MVDR,projector,2,bubble 18 9000Hz .wav,1.595228,1.305556,1.083333,1000-12000
MUSIC,projector,2,bubble 18 9000Hz .wav,2.248628,1.027778,0.000000,1000-12000
MUSIC_CSDM,projector,2,bubble 18 9000Hz .wav,1.873508,-0.500000,0.194444,1000-12000
CBF,projector,2,bubble 19 9000Hz .wav,1.148335,0.611111,1.027778,1000-12000
MVDR,projector,2,bubble 19 9000Hz .wav,1.595228,1.305556,1.083333,1000-12000
MUSIC,projector,2,bubble 19 9000Hz .wav,0.903525,-0.638889,1.361111,1000-12000
MUSIC_CSDM,projector,2,bubble 19 9000Hz .wav,1.873508,-0.500000,0.194444,1000-12000
CBF,projector,2,bubble 20 9000Hz .wav,1.476409,1.472222,2.111111,1000-12000
MVDR,projector,2,bubble 20 9000Hz .wav,1.595228,1.305556,1.083333,1000-12000
MUSIC,projector,2,bubble 20 9000Hz .wav,0.667823,0.472222,1.527778,1000-12000
MUSIC_CSDM,projector,2,bubble 20 9000Hz .wav,1.846752,-0.500000,0.222222,1000-12000
CBF,projector,3,bubble 01 9000Hz .wav,2.919972,0.583333,0.138889,1000-12000
MVDR,projector,3,bubble 01 9000Hz .wav,1.557786,-0.583333,1.555556,1000-12000
MUSIC,projector,3,bubble 01 9000Hz .wav,2.402577,-0.444444,0.638889,1000-12000
MUSIC_CSDM,projector,3,bubble 01 9000Hz .wav,2.444444,0.000000,0.555556,1000-12000
CBF,projector,3,bubble 02 9000Hz .wav,2.919972,0.583333,0.138889,1000-12000
MVDR,projector,3,bubble 02 9000Hz .wav,1.557786,-0.583333,1.555556,1000-12000
MUSIC,projector,3,bubble 02 9000Hz .wav,2.571508,2.527778,2.527778,1000-12000
MUSIC_CSDM,projector,3,bubble 02 9000Hz .wav,2.444444,0.000000,0.555556,1000-12000
CBF,projector,3,bubble 03 9000Hz .wav,2.919972,0.583333,0.138889,1000-12000
MVDR,projector,3,bubble 03 9000Hz .wav,1.557786,-0.583333,1.555556,1000-12000
MUSIC,projector,3,bubble 03 9000Hz .wav,1.749118,0.305556,1.277778,1000-12000
MUSIC_CSDM,projector,3,bubble 03 9000Hz .wav,2.444444,0.000000,0.555556,1000-12000
CBF,projector,3,bubble 04 9000Hz .wav,2.919972,0.583333,0.138889,1000-12000
MVDR,projector,3,bubble 04 9000Hz .wav,1.557786,-0.583333,1.555556,1000-12000
MUSIC,projector,3,bubble 04 9000Hz .wav,1.232908,-0.472222,1.861111,1000-12000
MUSIC_CSDM,projector,3,bubble 04 9000Hz .wav,2.444444,0.000000,0.555556,1000-12000
CBF,projector,3,bubble 05 9000Hz .wav,2.919972,0.583333,0.138889,1000-12000
MVDR,projector,3,bubble 05 9000Hz .wav,1.557786,-0.583333,1.555556,1000-12000
MUSIC,projector,3,bubble 05 9000Hz .wav,2.361111,2.138889,2.000000,1000-12000
MUSIC_CSDM,projector,3,bubble 05 9000Hz .wav,2.444444,0.000000,0.555556,1000-12000
CBF,projector,3,bubble 06 9000Hz .wav,2.919972,0.583333,0.138889,1000-12000
MVDR,projector,3,bubble 06 9000Hz .wav,1.557786,-0.583333,1.555556,1000-12000
MUSIC,projector,3,bubble 06 9000Hz .wav,1.383880,0.250000,1.638889,1000-12000
MUSIC_CSDM,projector,3,bubble 06 9000Hz .wav,2.444444,0.000000,0.555556,1000-12000
CBF,projector,3,bubble 07 9000Hz .wav,2.919972,0.583333,0.138889,1000-12000
MVDR,projector,3,bubble 07 9000Hz .wav,1.557786,-0.583333,1.555556,1000-12000
MUSIC,projector,3,bubble 07 9000Hz .wav,2.528388,-0.055556,0.472222,1000-12000
MUSIC_CSDM,projector,3,bubble 07 9000Hz .wav,2.444444,0.000000,0.555556,1000-12000
CBF,projector,3,bubble 08 9000Hz .wav,2.919972,0.583333,0.138889,1000-12000
MVDR,projector,3,bubble 08 9000Hz .wav,1.557786,-0.583333,1.555556,1000-12000
MUSIC,projector,3,bubble 08 9000Hz .wav,2.688137,1.055556,0.527778,1000-12000
MUSIC_CSDM,projector,3,bubble 08 9000Hz .wav,2.444444,0.000000,0.555556,1000-12000
CBF,projector,3,bubble 09 9000Hz .wav,2.892759,0.583333,0.166667,1000-12000
MVDR,projector,3,bubble 09 9000Hz .wav,1.557786,-0.583333,1.555556,1000-12000
MUSIC,projector,3,bubble 09 9000Hz .wav,1.466972,-0.472222,1.611111,1000-12000
MUSIC_CSDM,projector,3,bubble 09 9000Hz .wav,2.444444,0.000000,0.555556,1000-12000
CBF,projector,3,bubble 10 9000Hz .wav,2.919972,0.583333,0.138889,1000-12000
MVDR,projector,3,bubble 10 9000Hz .wav,1.557786,-0.583333,1.555556,1000-12000
MUSIC,projector,3,bubble 10 9000Hz .wav,0.279163,0.027778,2.722222,1000-12000
MUSIC_CSDM,projector,3,bubble 10 9000Hz .wav,2.444444,0.000000,0.555556,1000-12000
CBF,projector,3,bubble 11 9000Hz .wav,2.919972,0.583333,0.138889,1000-12000
MVDR,projector,3,bubble 11 9000Hz .wav,1.557786,-0.583333,1.555556,1000-12000
MUSIC,projector,3,bubble 11 9000Hz .wav,2.315407,1.166667,1.000000,1000-12000
MUSIC_CSDM,projector,3,bubble 11 9000Hz .wav,3.000129,0.027778,6.000000,1000-12000
CBF,projector,3,bubble 12 9000Hz .wav,2.919972,0.583333,0.138889,1000-12000
MVDR,projector,3,bubble 12 9000Hz .wav,1.583577,-0.583333,1.527778,1000-12000
MUSIC,projector,3,bubble 12 9000Hz .wav,0.062113,0.055556,2.972222,1000-12000
MUSIC_CSDM,projector,3,bubble 12 9000Hz .wav,3.000129,0.027778,6.000000,1000-12000
CBF,projector,3,bubble 13 9000Hz .wav,2.919972,0.583333,0.138889,1000-12000
MVDR,projector,3,bubble 13 9000Hz .wav,1.557786,-0.583333,1.555556,1000-12000
MUSIC,projector,3,bubble 13 9000Hz .wav,3.192995,1.166667,0.027778,1000-12000
MUSIC_CSDM,projector,3,bubble 13 9000Hz .wav,3.000000,0.000000,6.000000,1000-12000
CBF,projector,3,bubble 14 9000Hz .wav,2.919972,0.583333,0.138889,1000-12000
MVDR,projector,3,bubble 14 9000Hz .wav,1.557786,-0.583333,1.555556,1000-12000
MUSIC,projector,3,bubble 14 9000Hz .wav,1.725803,-0.111111,1.277778,1000-12000
MUSIC_CSDM,projector,3,bubble 14 9000Hz .wav,3.000000,0.000000,6.000000,1000-12000
CBF,projector,3,bubble 15 9000Hz .wav,2.919972,0.583333,0.138889,1000-12000
MVDR,projector,3,bubble 15 9000Hz .wav,1.557786,-0.583333,1.555556,1000-12000
MUSIC,projector,3,bubble 15 9000Hz .wav,2.538895,2.027778,1.472222,1000-12000
MUSIC_CSDM,projector,3,bubble 15 9000Hz .wav,3.000000,0.000000,6.000000,1000-12000
CBF,projector,3,bubble 16 9000Hz .wav,2.919972,0.583333,0.138889,1000-12000
MVDR,projector,3,bubble 16 9000Hz .wav,1.557786,-0.583333,1.555556,1000-12000
MUSIC,projector,3,bubble 16 9000Hz .wav,1.953945,0.500000,1.111111,1000-12000
MUSIC_CSDM,projector,3,bubble 16 9000Hz .wav,3.000129,-0.027778,6.000000,1000-12000
CBF,projector,3,bubble 17 9000Hz .wav,2.919972,0.583333,0.138889,1000-12000
MVDR,projector,3,bubble 17 9000Hz .wav,1.557786,-0.583333,1.555556,1000-12000
MUSIC,projector,3,bubble 17 9000Hz .wav,3.575681,2.583333,0.527778,1000-12000
MUSIC_CSDM,projector,3,bubble 17 9000Hz .wav,3.000129,-0.027778,6.000000,1000-12000
CBF,projector,3,bubble 18 9000Hz .wav,2.919972,0.583333,0.138889,1000-12000
MVDR,projector,3,bubble 18 9000Hz .wav,1.557786,-0.583333,1.555556,1000-12000
MUSIC,projector,3,bubble 18 9000Hz .wav,0.114531,0.111111,2.972222,1000-12000
MUSIC_CSDM,projector,3,bubble 18 9000Hz .wav,3.000129,-0.027778,6.000000,1000-12000
CBF,projector,3,bubble 19 9000Hz .wav,2.919972,0.583333,0.138889,1000-12000
MVDR,projector,3,bubble 19 9000Hz .wav,1.557786,-0.583333,1.555556,1000-12000
MUSIC,projector,3,bubble 19 9000Hz .wav,0.100154,0.055556,2.916667,1000-12000
MUSIC_CSDM,projector,3,bubble 19 9000Hz .wav,3.000514,-0.055556,6.000000,1000-12000
CBF,projector,3,bubble 20 9000Hz .wav,2.919972,0.583333,0.138889,1000-12000
MVDR,projector,3,bubble 20 9000Hz .wav,1.557786,-0.583333,1.555556,1000-12000
MUSIC,projector,3,bubble 20 9000Hz .wav,1.879880,-0.611111,1.222222,1000-12000
MUSIC_CSDM,projector,3,bubble 20 9000Hz .wav,3.000514,-0.055556,6.000000,1000-12000
