condition,algorithm,snr_db,sample_id,error_m,est_x_m,est_y_m
5000Hz_3,CBF,clean,bubble 01 5000Hz .wav,0.638889,0.000000,3.638889
5000Hz_3,MVDR,clean,bubble 01 5000Hz .wav,0.194444,0.000000,2.805556
5000Hz_3,MUSIC,clean,bubble 01 5000Hz .wav,2.708725,2.638889,3.611111
5000Hz_3,MUSIC_CSDM,clean,bubble 01 5000Hz .wav,0.527778,0.000000,2.472222
5000Hz_3,CBF,20,bubble 01 5000Hz .wav,0.638889,0.000000,3.638889
5000Hz_3,MVDR,20,bubble 01 5000Hz .wav,0.194444,0.000000,2.805556
5000Hz_3,MUSIC,20,bubble 01 5000Hz .wav,2.530219,-2.527778,3.111111
5000Hz_3,MUSIC_CSDM,20,bubble 01 5000Hz .wav,2.653468,1.361111,0.722222
5000Hz_3,CBF,15,bubble 01 5000Hz .wav,0.611111,0.000000,3.611111
5000Hz_3,MVDR,15,bubble 01 5000Hz .wav,0.194444,0.000000,2.805556
5000Hz_3,MUSIC,15,bubble 01 5000Hz .wav,1.984702,1.444444,1.638889
5000Hz_3,MUSIC_CSDM,15,bubble 01 5000Hz .wav,0.222222,0.000000,2.777778
5000Hz_3,CBF,10,bubble 01 5000Hz .wav,0.638889,0.000000,3.638889
5000Hz_3,MVDR,10,bubble 01 5000Hz .wav,0.166667,0.000000,2.833333
5000Hz_3,MUSIC,10,bubble 01 5000Hz .wav,1.832491,0.444444,1.222222
5000Hz_3,MUSIC_CSDM,10,bubble 01 5000Hz .wav,2.755606,0.694444,0.333333
5000Hz_3,CBF,5,bubble 01 5000Hz .wav,0.638889,0.000000,3.638889
5000Hz_3,MVDR,5,bubble 01 5000Hz .wav,3.290582,1.888889,0.305556
5000Hz_3,MUSIC,5,bubble 01 5000Hz .wav,2.396628,-1.666667,1.277778
5000Hz_3,MUSIC_CSDM,5,bubble 01 5000Hz .wav,3.290582,1.888889,0.305556
5000Hz_3,CBF,0,bubble 01 5000Hz .wav,2.914549,1.111111,0.305556
5000Hz_3,MVDR,0,bubble 01 5000Hz .wav,3.221504,-2.250000,5.305556
5000Hz_3,MUSIC,0,bubble 01 5000Hz .wav,2.626139,-0.472222,0.416667
5000Hz_3,MUSIC_CSDM,0,bubble 01 5000Hz .wav,3.162400,-2.222222,5.250000
5000Hz_3,CBF,-5,bubble 01 5000Hz .wav,2.890224,-0.694444,0.194444
5000Hz_3,MVDR,-5,bubble 01 5000Hz .wav,2.807618,1.277778,0.500000
5000Hz_3,MUSIC,-5,bubble 01 5000Hz .wav,2.282008,2.277778,3.138889
5000Hz_3,MUSIC_CSDM,-5,bubble 01 5000Hz .wav,2.807618,1.277778,0.500000
5000Hz_3,CBF,-10,bubble 01 5000Hz .wav,0.365360,0.055556,3.361111
5000Hz_3,MVDR,-10,bubble 01 5000Hz .wav,2.573758,-1.472222,0.888889
5000Hz_3,MUSIC,-10,bubble 01 5000Hz .wav,3.046071,-1.472222,0.333333
5000Hz_3,MUSIC_CSDM,-10,bubble 01 5000Hz .wav,2.573758,-1.472222,0.888889
5000Hz_3,CBF,-15,bubble 01 5000Hz .wav,2.156851,2.138889,3.277778
5000Hz_3,MVDR,-15,bubble 01 5000Hz .wav,1.778646,0.444444,1.277778
5000Hz_3,MUSIC,-15,bubble 01 5000Hz .wav,0.300463,-0.166667,3.250000
5000Hz_3,MUSIC_CSDM,-15,bubble 01 5000Hz .wav,1.778646,0.444444,1.277778
5000Hz_3,CBF,-20,bubble 01 5000Hz .wav,1.602467,-1.333333,2.111111
5000Hz_3,MVDR,-20,bubble 01 5000Hz .wav,3.031343,1.388889,0.305556
5000Hz_3,MUSIC,-20,bubble 01 5000Hz .wav,2.824196,1.777778,0.805556
5000Hz_3,MUSIC_CSDM,-20,bubble 01 5000Hz .wav,3.031343,1.388889,0.305556
5000Hz_3,CBF,clean,bubble 02 5000Hz .wav,0.638889,0.000000,3.638889
5000Hz_3,MVDR,clean,bubble 02 5000Hz .wav,0.194444,0.000000,2.805556
5000Hz_3,MUSIC,clean,bubble 02 5000Hz .wav,2.588108,2.527778,3.555556
5000Hz_3,MUSIC_CSDM,clean,bubble 02 5000Hz .wav,0.916667,0.000000,2.083333
5000Hz_3,CBF,20,bubble 02 5000Hz .wav,0.638889,0.000000,3.638889
5000Hz_3,MVDR,20,bubble 02 5000Hz .wav,0.168966,0.027778,2.833333
5000Hz_3,MUSIC,20,bubble 02 5000Hz .wav,1.557786,-1.333333,2.194444
5000Hz_3,MUSIC_CSDM,20,bubble 02 5000Hz .wav,2.951511,1.694444,0.583333
5000Hz_3,CBF,15,bubble 02 5000Hz .wav,0.638889,0.000000,3.638889
5000Hz_3,MVDR,15,bubble 02 5000Hz .wav,0.168966,0.027778,2.833333
5000Hz_3,MUSIC,15,bubble 02 5000Hz .wav,1.827854,1.472222,1.916667
5000Hz_3,MUSIC_CSDM,15,bubble 02 5000Hz .wav,1.915660,0.555556,1.166667
5000Hz_3,CBF,10,bubble 02 5000Hz .wav,0.638889,0.000000,3.638889
5000Hz_3,MVDR,10,bubble 02 5000Hz .wav,0.141639,0.027778,2.861111
5000Hz_3,MUSIC,10,bubble 02 5000Hz .wav,3.060098,2.944444,2.166667
5000Hz_3,MUSIC_CSDM,10,bubble 02 5000Hz .wav,1.657847,1.638889,2.750000
5000Hz_3,CBF,5,bubble 02 5000Hz .wav,2.941823,0.555556,0.111111
5000Hz_3,MVDR,5,bubble 02 5000Hz .wav,1.645233,1.611111,2.666667
5000Hz_3,MUSIC,5,bubble 02 5000Hz .wav,4.106322,2.833333,0.027778
5000Hz_3,MUSIC_CSDM,5,bubble 02 5000Hz .wav,1.645233,1.611111,2.666667
5000Hz_3,CBF,0,bubble 02 5000Hz .wav,0.555556,0.000000,3.555556
5000Hz_3,MVDR,0,bubble 02 5000Hz .wav,2.857873,-0.777778,0.250000
5000Hz_3,MUSIC,0,bubble 02 5000Hz .wav,2.865961,-0.166667,0.138889
5000Hz_3,MUSIC_CSDM,0,bubble 02 5000Hz .wav,2.857873,-0.777778,0.250000
5000Hz_3,CBF,-5,bubble 02 5000Hz .wav,1.921692,1.916667,3.138889
5000Hz_3,MVDR,-5,bubble 02 5000Hz .wav,2.304886,-0.500000,0.750000
5000Hz_3,MUSIC,-5,bubble 02 5000Hz .wav,2.904073,-1.083333,0.305556
5000Hz_3,MUSIC_CSDM,-5,bubble 02 5000Hz .wav,2.304886,-0.500000,0.750000
5000Hz_3,CBF,-10,bubble 02 5000Hz .wav,2.600006,1.555556,0.916667
5000Hz_3,MVDR,-10,bubble 02 5000Hz .wav,0.839790,-0.694444,2.527778
5000Hz_3,MUSIC,-10,bubble 02 5000Hz .wav,1.261062,-0.166667,1.750000
5000Hz_3,MUSIC_CSDM,-10,bubble 02 5000Hz .wav,0.839790,-0.694444,2.527778
5000Hz_3,CBF,-15,bubble 02 5000Hz .wav,0.687745,0.500000,2.527778
5000Hz_3,MVDR,-15,bubble 02 5000Hz .wav,2.011733,-1.166667,4.638889
5000Hz_3,MUSIC,-15,bubble 02 5000Hz .wav,0.114531,0.027778,2.888889
5000Hz_3,MUSIC_CSDM,-15,bubble 02 5000Hz .wav,2.011733,-1.166667,4.638889
5000Hz_3,CBF,-20,bubble 02 5000Hz .wav,1.592081,1.166667,1.916667
5000Hz_3,MVDR,-20,bubble 02 5000Hz .wav,2.078142,-0.305556,0.944444
5000Hz_3,MUSIC,-20,bubble 02 5000Hz .wav,1.504110,-1.500000,2.888889
5000Hz_3,MUSIC_CSDM,-20,bubble 02 5000Hz .wav,2.078142,-0.305556,0.944444
5000Hz_3,CBF,clean,bubble 03 5000Hz .wav,0.638889,0.000000,3.638889
5000Hz_3,MVDR,clean,bubble 03 5000Hz .wav,0.194444,0.000000,2.805556
5000Hz_3,MUSIC,clean,bubble 03 5000Hz .wav,3.341772,1.472222,6.000000
5000Hz_3,MUSIC_CSDM,clean,bubble 03 5000Hz .wav,0.555556,0.000000,2.444444
5000Hz_3,CBF,20,bubble 03 5000Hz .wav,0.638889,0.000000,3.638889
5000Hz_3,MVDR,20,bubble 03 5000Hz .wav,0.168966,0.027778,2.833333
5000Hz_3,MUSIC,20,bubble 03 5000Hz .wav,2.468474,-1.555556,1.083333
5000Hz_3,MUSIC_CSDM,20,bubble 03 5000Hz .wav,0.141639,0.027778,2.861111
5000Hz_3,CBF,15,bubble 03 5000Hz .wav,0.638889,0.000000,3.638889
5000Hz_3,MVDR,15,bubble 03 5000Hz .wav,0.141639,0.027778,2.861111
5000Hz_3,MUSIC,15,bubble 03 5000Hz .wav,1.918880,1.777778,2.277778
5000Hz_3,MUSIC_CSDM,15,bubble 03 5000Hz .wav,1.826164,-0.805556,1.361111
5000Hz_3,CBF,10,bubble 03 5000Hz .wav,0.638889,0.000000,3.638889
5000Hz_3,MVDR,10,bubble 03 5000Hz .wav,0.166667,0.000000,2.833333
5000Hz_3,MUSIC,10,bubble 03 5000Hz .wav,3.077447,1.583333,0.361111
5000Hz_3,MUSIC_CSDM,10,bubble 03 5000Hz .wav,0.141639,-0.027778,2.861111
5000Hz_3,CBF,5,bubble 03 5000Hz .wav,0.611111,0.000000,3.611111
5000Hz_3,MVDR,5,bubble 03 5000Hz .wav,1.862976,0.638889,1.250000
5000Hz_3,MUSIC,5,bubble 03 5000Hz .wav,2.838367,-0.583333,0.222222
5000Hz_3,MUSIC_CSDM,5,bubble 03 5000Hz .wav,1.862976,0.638889,1.250000
5000Hz_3,CBF,0,bubble 03 5000Hz .wav,2.570608,-0.277778,0.444444
5000Hz_3,MVDR,0,bubble 03 5000Hz .wav,3.083333,1.000000,0.083333
5000Hz_3,MUSIC,0,bubble 03 5000Hz .wav,2.593915,1.777778,1.111111
5000Hz_3,MUSIC_CSDM,0,bubble 03 5000Hz .wav,3.083333,1.000000,0.083333
5000Hz_3,CBF,-5,bubble 03 5000Hz .wav,3.784308,2.888889,5.444444
5000Hz_3,MVDR,-5,bubble 03 5000Hz .wav,2.472378,0.027778,0.527778
5000Hz_3,MUSIC,-5,bubble 03 5000Hz .wav,3.543926,-1.972222,0.055556
5000Hz_3,MUSIC_CSDM,-5,bubble 03 5000Hz .wav,2.472378,0.027778,0.527778
5000Hz_3,CBF,-10,bubble 03 5000Hz .wav,2.534484,1.833333,1.250000
5000Hz_3,MVDR,-10,bubble 03 5000Hz .wav,2.082407,-0.333333,0.944444
5000Hz_3,MUSIC,-10,bubble 03 5000Hz .wav,1.854258,-0.277778,1.166667
5000Hz_3,MUSIC_CSDM,-10,bubble 03 5000Hz .wav,2.082407,-0.333333,0.944444
5000Hz_3,CBF,-15,bubble 03 5000Hz .wav,2.442234,-1.361111,0.972222
5000Hz_3,MVDR,-15,bubble 03 5000Hz .wav,1.229775,-0.388889,1.833333
5000Hz_3,MUSIC,-15,bubble 03 5000Hz .wav,2.648375,0.583333,5.583333
5000Hz_3,MUSIC_CSDM,-15,bubble 03 5000Hz .wav,1.229775,-0.388889,1.833333
5000Hz_3,CBF,-20,bubble 03 5000Hz .wav,1.277778,0.000000,1.722222
5000Hz_3,MVDR,-20,bubble 03 5000Hz .wav,2.491498,-1.277778,0.861111
5000Hz_3,MUSIC,-20,bubble 03 5000Hz .wav,1.732274,0.472222,1.333333
5000Hz_3,MUSIC_CSDM,-20,bubble 03 5000Hz .wav,2.491498,-1.277778,0.861111
5000Hz_3,CBF,clean,bubble 04 5000Hz .wav,0.638889,0.000000,3.638889
5000Hz_3,MVDR,clean,bubble 04 5000Hz .wav,0.194444,0.000000,2.805556
5000Hz_3,MUSIC,clean,bubble 04 5000Hz .wav,1.571839,1.138889,1.916667
5000Hz_3,MUSIC_CSDM,clean,bubble 04 5000Hz .wav,0.527778,0.000000,2.472222
5000Hz_3,CBF,20,bubble 04 5000Hz .wav,0.638889,0.000000,3.638889
5000Hz_3,MVDR,20,bubble 04 5000Hz .wav,0.168966,0.027778,2.833333
5000Hz_3,MUSIC,20,bubble 04 5000Hz .wav,2.718393,1.000000,0.472222
5000Hz_3,MUSIC_CSDM,20,bubble 04 5000Hz .wav,2.904073,-0.750000,0.194444
5000Hz_3,CBF,15,bubble 04 5000Hz .wav,0.638889,0.000000,3.638889
5000Hz_3,MVDR,15,bubble 04 5000Hz .wav,0.194444,0.000000,2.805556
5000Hz_3,MUSIC,15,bubble 04 5000Hz .wav,3.051639,-1.750000,0.500000
5000Hz_3,MUSIC_CSDM,15,bubble 04 5000Hz .wav,2.200238,-1.583333,1.472222
5000Hz_3,CBF,10,bubble 04 5000Hz .wav,2.941823,0.555556,0.111111
5000Hz_3,MVDR,10,bubble 04 5000Hz .wav,0.279163,0.027778,2.722222
5000Hz_3,MUSIC,10,bubble 04 5000Hz .wav,2.765808,-1.527778,0.694444
5000Hz_3,MUSIC_CSDM,10,bubble 04 5000Hz .wav,1.590141,0.527778,1.500000
5000Hz_3,CBF,5,bubble 04 5000Hz .wav,0.638889,0.000000,3.638889
5000Hz_3,MVDR,5,bubble 04 5000Hz .wav,0.141639,0.027778,2.861111
5000Hz_3,MUSIC,5,bubble 04 5000Hz .wav,1.942261,-0.555556,1.138889
5000Hz_3,MUSIC_CSDM,5,bubble 04 5000Hz .wav,2.519676,-0.611111,0.555556
5000Hz_3,CBF,0,bubble 04 5000Hz .wav,2.941823,0.555556,0.111111
5000Hz_3,MVDR,0,bubble 04 5000Hz .wav,1.728930,-0.694444,1.416667
5000Hz_3,MUSIC,0,bubble 04 5000Hz .wav,0.714164,0.694444,2.833333
5000Hz_3,MUSIC_CSDM,0,bubble 04 5000Hz .wav,1.728930,-0.694444,1.416667
5000Hz_3,CBF,-5,bubble 04 5000Hz .wav,1.733164,-0.638889,1.388889
5000Hz_3,MVDR,-5,bubble 04 5000Hz .wav,2.663916,-0.527778,0.388889
5000Hz_3,MUSIC,-5,bubble 04 5000Hz .wav,1.461438,-1.444444,2.777778
5000Hz_3,MUSIC_CSDM,-5,bubble 04 5000Hz .wav,2.663916,-0.527778,0.388889
5000Hz_3,CBF,-10,bubble 04 5000Hz .wav,0.334489,0.333333,2.972222
5000Hz_3,MVDR,-10,bubble 04 5000Hz .wav,2.109100,-0.472222,0.944444
5000Hz_3,MUSIC,-10,bubble 04 5000Hz .wav,2.995496,1.250000,0.277778
5000Hz_3,MUSIC_CSDM,-10,bubble 04 5000Hz .wav,2.109100,-0.472222,0.944444
5000Hz_3,CBF,-15,bubble 04 5000Hz .wav,3.274598,-1.777778,0.250000
5000Hz_3,MVDR,-15,bubble 04 5000Hz .wav,3.061610,0.611111,0.000000
5000Hz_3,MUSIC,-15,bubble 04 5000Hz .wav,1.513570,1.027778,1.888889
5000Hz_3,MUSIC_CSDM,-15,bubble 04 5000Hz .wav,3.061610,0.611111,0.000000
5000Hz_3,CBF,-20,bubble 04 5000Hz .wav,1.602949,-1.416667,2.250000
5000Hz_3,MVDR,-20,bubble 04 5000Hz .wav,2.477678,0.833333,0.666667
5000Hz_3,MUSIC,-20,bubble 04 5000Hz .wav,3.057070,-2.888889,4.000000
5000Hz_3,MUSIC_CSDM,-20,bubble 04 5000Hz .wav,2.477678,0.833333,0.666667
5000Hz_3,CBF,clean,bubble 05 5000Hz .wav,0.638889,0.000000,3.638889
5000Hz_3,MVDR,clean,bubble 05 5000Hz .wav,0.194444,0.000000,2.805556
5000Hz_3,MUSIC,clean,bubble 05 5000Hz .wav,1.483708,1.166667,3.916667
5000Hz_3,MUSIC_CSDM,clean,bubble 05 5000Hz .wav,0.555556,0.000000,2.444444
5000Hz_3,CBF,20,bubble 05 5000Hz .wav,0.611111,0.000000,3.611111
5000Hz_3,MVDR,20,bubble 05 5000Hz .wav,0.168966,0.027778,2.833333
5000Hz_3,MUSIC,20,bubble 05 5000Hz .wav,2.277947,-0.027778,5.277778
5000Hz_3,MUSIC_CSDM,20,bubble 05 5000Hz .wav,1.853633,-0.916667,4.611111
5000Hz_3,CBF,15,bubble 05 5000Hz .wav,0.638889,0.000000,3.638889
5000Hz_3,MVDR,15,bubble 05 5000Hz .wav,0.141639,0.027778,2.861111
5000Hz_3,MUSIC,15,bubble 05 5000Hz .wav,2.844341,-0.250000,5.833333
5000Hz_3,MUSIC_CSDM,15,bubble 05 5000Hz .wav,2.495675,0.722222,0.611111
5000Hz_3,CBF,10,bubble 05 5000Hz .wav,0.638889,0.000000,3.638889
5000Hz_3,MVDR,10,bubble 05 5000Hz .wav,0.138889,0.000000,2.861111
5000Hz_3,MUSIC,10,bubble 05 5000Hz .wav,1.557786,1.333333,2.194444
5000Hz_3,MUSIC_CSDM,10,bubble 05 5000Hz .wav,1.147326,-0.138889,4.138889
5000Hz_3,CBF,5,bubble 05 5000Hz .wav,0.638889,0.000000,3.638889
5000Hz_3,MVDR,5,bubble 05 5000Hz .wav,1.862976,-0.638889,1.250000
5000Hz_3,MUSIC,5,bubble 05 5000Hz .wav,1.055921,1.055556,3.027778
5000Hz_3,MUSIC_CSDM,5,bubble 05 5000Hz .wav,1.862976,-0.638889,1.250000
5000Hz_3,CBF,0,bubble 05 5000Hz .wav,1.932902,1.916667,3.250000
5000Hz_3,MVDR,0,bubble 05 5000Hz .wav,1.759016,-1.638889,3.638889
5000Hz_3,MUSIC,0,bubble 05 5000Hz .wav,2.553743,1.777778,1.166667
5000Hz_3,MUSIC_CSDM,0,bubble 05 5000Hz .wav,1.759016,-1.638889,3.638889
5000Hz_3,CBF,-5,bubble 05 5000Hz .wav,3.095197,-2.888889,1.888889
5000Hz_3,MVDR,-5,bubble 05 5000Hz .wav,2.583931,2.305556,1.833333
5000Hz_3,MUSIC,-5,bubble 05 5000Hz .wav,1.465919,-0.666667,1.694444
5000Hz_3,MUSIC_CSDM,-5,bubble 05 5000Hz .wav,2.583931,2.305556,1.833333
5000Hz_3,CBF,-10,bubble 05 5000Hz .wav,2.969105,0.555556,0.083333
5000Hz_3,MVDR,-10,bubble 05 5000Hz .wav,2.775833,0.861111,0.361111
5000Hz_3,MUSIC,-10,bubble 05 5000Hz .wav,1.941466,-1.083333,1.388889
5000Hz_3,MUSIC_CSDM,-10,bubble 05 5000Hz .wav,2.775833,0.861111,0.361111
5000Hz_3,CBF,-15,bubble 05 5000Hz .wav,2.919972,1.861111,0.750000
5000Hz_3,MVDR,-15,bubble 05 5000Hz .wav,2.349810,0.277778,0.666667
5000Hz_3,MUSIC,-15,bubble 05 5000Hz .wav,1.565445,-0.722222,1.611111
5000Hz_3,MUSIC_CSDM,-15,bubble 05 5000Hz .wav,2.349810,0.277778,0.666667
5000Hz_3,CBF,-20,bubble 05 5000Hz .wav,1.753524,-1.333333,1.861111
5000Hz_3,MVDR,-20,bubble 05 5000Hz .wav,2.870131,2.777778,2.277778
5000Hz_3,MUSIC,-20,bubble 05 5000Hz .wav,2.527930,-0.027778,0.472222
5000Hz_3,MUSIC_CSDM,-20,bubble 05 5000Hz .wav,2.870131,2.777778,2.277778
5000Hz_3,CBF,clean,bubble 06 5000Hz .wav,0.638889,0.000000,3.638889
5000Hz_3,MVDR,clean,bubble 06 5000Hz .wav,0.194444,0.000000,2.805556
5000Hz_3,MUSIC,clean,bubble 06 5000Hz .wav,2.648229,0.222222,0.361111
5000Hz_3,MUSIC_CSDM,clean,bubble 06 5000Hz .wav,0.472222,0.000000,2.527778
5000Hz_3,CBF,20,bubble 06 5000Hz .wav,0.638889,0.000000,3.638889
5000Hz_3,MVDR,20,bubble 06 5000Hz .wav,0.222222,0.000000,2.777778
5000Hz_3,MUSIC,20,bubble 06 5000Hz .wav,2.751262,0.083333,0.250000
5000Hz_3,MUSIC_CSDM,20,bubble 06 5000Hz .wav,0.277778,0.000000,2.722222
5000Hz_3,CBF,15,bubble 06 5000Hz .wav,0.638889,0.000000,3.638889
5000Hz_3,MVDR,15,bubble 06 5000Hz .wav,0.222222,0.000000,2.777778
5000Hz_3,MUSIC,15,bubble 06 5000Hz .wav,2.195148,0.055556,5.194444
5000Hz_3,MUSIC_CSDM,15,bubble 06 5000Hz .wav,2.503855,0.750000,0.611111
5000Hz_3,CBF,10,bubble 06 5000Hz .wav,0.638889,0.000000,3.638889
5000Hz_3,MVDR,10,bubble 06 5000Hz .wav,0.223952,0.027778,2.777778
5000Hz_3,MUSIC,10,bubble 06 5000Hz .wav,0.295282,0.194444,2.777778
5000Hz_3,MUSIC_CSDM,10,bubble 06 5000Hz .wav,0.955814,0.555556,2.222222
5000Hz_3,CBF,5,bubble 06 5000Hz .wav,0.611111,0.000000,3.611111
5000Hz_3,MVDR,5,bubble 06 5000Hz .wav,1.259838,0.305556,1.777778
5000Hz_3,MUSIC,5,bubble 06 5000Hz .wav,2.181042,1.583333,4.500000
5000Hz_3,MUSIC_CSDM,5,bubble 06 5000Hz .wav,1.259838,0.305556,1.777778
5000Hz_3,CBF,0,bubble 06 5000Hz .wav,2.941823,0.555556,0.111111
5000Hz_3,MVDR,0,bubble 06 5000Hz .wav,2.779027,0.083333,0.222222
5000Hz_3,MUSIC,0,bubble 06 5000Hz .wav,2.032339,-0.361111,1.000000
5000Hz_3,MUSIC_CSDM,0,bubble 06 5000Hz .wav,2.779027,0.083333,0.222222
5000Hz_3,CBF,-5,bubble 06 5000Hz .wav,1.705565,1.361111,1.972222
5000Hz_3,MVDR,-5,bubble 06 5000Hz .wav,0.100154,0.083333,3.055556
5000Hz_3,MUSIC,-5,bubble 06 5000Hz .wav,2.656520,-0.972222,0.527778
5000Hz_3,MUSIC_CSDM,-5,bubble 06 5000Hz .wav,0.100154,0.083333,3.055556
5000Hz_3,CBF,-10,bubble 06 5000Hz .wav,2.653468,-0.277778,0.361111
5000Hz_3,MVDR,-10,bubble 06 5000Hz .wav,1.547599,-1.444444,2.444444
5000Hz_3,MUSIC,-10,bubble 06 5000Hz .wav,2.639327,1.722222,1.000000
5000Hz_3,MUSIC_CSDM,-10,bubble 06 5000Hz .wav,1.547599,-1.444444,2.444444
5000Hz_3,CBF,-15,bubble 06 5000Hz .wav,3.658661,-2.722222,0.555556
5000Hz_3,MVDR,-15,bubble 06 5000Hz .wav,1.305851,1.305556,2.972222
5000Hz_3,MUSIC,-15,bubble 06 5000Hz .wav,2.515385,0.277778,0.500000
5000Hz_3,MUSIC_CSDM,-15,bubble 06 5000Hz .wav,1.305851,1.305556,2.972222
5000Hz_3,CBF,-20,bubble 06 5000Hz .wav,1.495879,-0.777778,1.722222
5000Hz_3,MVDR,-20,bubble 06 5000Hz .wav,2.363724,0.805556,5.222222
5000Hz_3,MUSIC,-20,bubble 06 5000Hz .wav,2.396306,1.361111,1.027778
5000Hz_3,MUSIC_CSDM,-20,bubble 06 5000Hz .wav,2.363724,0.805556,5.222222
5000Hz_3,CBF,clean,bubble 07 5000Hz .wav,0.638889,0.000000,3.638889
5000Hz_3,MVDR,clean,bubble 07 5000Hz .wav,0.194444,0.000000,2.805556
5000Hz_3,MUSIC,clean,bubble 07 5000Hz .wav,2.709152,2.388889,4.277778
5000Hz_3,MUSIC_CSDM,clean,bubble 07 5000Hz .wav,0.639492,0.027778,2.361111
5000Hz_3,CBF,20,bubble 07 5000Hz .wav,0.611111,0.000000,3.611111
5000Hz_3,MVDR,20,bubble 07 5000Hz .wav,0.194444,0.000000,2.805556
5000Hz_3,MUSIC,20,bubble 07 5000Hz .wav,2.501389,-2.166667,1.750000
5000Hz_3,MUSIC_CSDM,20,bubble 07 5000Hz .wav,2.685121,1.111111,0.555556
5000Hz_3,CBF,15,bubble 07 5000Hz .wav,0.611111,0.000000,3.611111
5000Hz_3,MVDR,15,bubble 07 5000Hz .wav,0.168966,0.027778,2.833333
5000Hz_3,MUSIC,15,bubble 07 5000Hz .wav,1.790967,-0.722222,1.361111
5000Hz_3,MUSIC_CSDM,15,bubble 07 5000Hz .wav,0.738074,0.694444,2.750000
5000Hz_3,CBF,10,bubble 07 5000Hz .wav,0.638889,0.000000,3.638889
5000Hz_3,MVDR,10,bubble 07 5000Hz .wav,0.764268,0.722222,3.250000
5000Hz_3,MUSIC,10,bubble 07 5000Hz .wav,2.939330,2.527778,1.500000
5000Hz_3,MUSIC_CSDM,10,bubble 07 5000Hz .wav,0.764268,0.722222,3.250000
5000Hz_3,CBF,5,bubble 07 5000Hz .wav,0.611111,0.000000,3.611111
5000Hz_3,MVDR,5,bubble 07 5000Hz .wav,0.388889,0.000000,2.611111
5000Hz_3,MUSIC,5,bubble 07 5000Hz .wav,2.641081,-2.444444,2.000000
5000Hz_3,MUSIC_CSDM,5,bubble 07 5000Hz .wav,1.751983,-0.750000,1.416667
5000Hz_3,CBF,0,bubble 07 5000Hz .wav,2.941823,0.555556,0.111111
5000Hz_3,MVDR,0,bubble 07 5000Hz .wav,3.046071,2.083333,0.777778
5000Hz_3,MUSIC,0,bubble 07 5000Hz .wav,1.435066,0.972222,1.944444
5000Hz_3,MUSIC_CSDM,0,bubble 07 5000Hz .wav,3.046071,2.083333,0.777778
5000Hz_3,CBF,-5,bubble 07 5000Hz .wav,0.807469,0.055556,3.805556
5000Hz_3,MVDR,-5,bubble 07 5000Hz .wav,2.580943,-0.361111,0.444444
5000Hz_3,MUSIC,-5,bubble 07 5000Hz .wav,1.653886,1.638889,3.222222
5000Hz_3,MUSIC_CSDM,-5,bubble 07 5000Hz .wav,2.580943,-0.361111,0.444444
5000Hz_3,CBF,-10,bubble 07 5000Hz .wav,2.892226,-0.805556,0.222222
5000Hz_3,MVDR,-10,bubble 07 5000Hz .wav,2.703593,-0.222222,0.305556
5000Hz_3,MUSIC,-10,bubble 07 5000Hz .wav,3.372227,2.694444,0.972222
5000Hz_3,MUSIC_CSDM,-10,bubble 07 5000Hz .wav,2.703593,-0.222222,0.305556
5000Hz_3,CBF,-15,bubble 07 5000Hz .wav,1.476409,0.305556,1.555556
5000Hz_3,MVDR,-15,bubble 07 5000Hz .wav,2.028539,-0.055556,5.027778
5000Hz_3,MUSIC,-15,bubble 07 5000Hz .wav,2.945623,1.055556,0.250000
5000Hz_3,MUSIC_CSDM,-15,bubble 07 5000Hz .wav,2.028539,-0.055556,5.027778
5000Hz_3,CBF,-20,bubble 07 5000Hz .wav,1.482407,0.333333,1.555556
5000Hz_3,MVDR,-20,bubble 07 5000Hz .wav,2.617899,-0.861111,0.527778
5000Hz_3,MUSIC,-20,bubble 07 5000Hz .wav,2.592874,-2.583333,3.222222
5000Hz_3,MUSIC_CSDM,-20,bubble 07 5000Hz .wav,2.617899,-0.861111,0.527778
5000Hz_3,CBF,clean,bubble 08 5000Hz .wav,0.638889,0.000000,3.638889
5000Hz_3,MVDR,clean,bubble 08 5000Hz .wav,0.194444,0.000000,2.805556
5000Hz_3,MUSIC,clean,bubble 08 5000Hz .wav,1.028153,0.027778,4.027778
5000Hz_3,MUSIC_CSDM,clean,bubble 08 5000Hz .wav,0.444444,0.000000,2.555556
5000Hz_3,CBF,20,bubble 08 5000Hz .wav,0.638889,0.000000,3.638889
5000Hz_3,MVDR,20,bubble 08 5000Hz .wav,0.222222,0.000000,2.777778
5000Hz_3,MUSIC,20,bubble 08 5000Hz .wav,1.918477,0.083333,1.083333
5000Hz_3,MUSIC_CSDM,20,bubble 08 5000Hz .wav,0.305556,0.000000,2.694444
5000Hz_3,CBF,15,bubble 08 5000Hz .wav,0.638889,0.000000,3.638889
5000Hz_3,MVDR,15,bubble 08 5000Hz .wav,0.194444,0.000000,2.805556
5000Hz_3,MUSIC,15,bubble 08 5000Hz .wav,2.877381,0.638889,0.194444
5000Hz_3,MUSIC_CSDM,15,bubble 08 5000Hz .wav,2.211955,-1.805556,4.277778
5000Hz_3,CBF,10,bubble 08 5000Hz .wav,0.611111,0.000000,3.611111
5000Hz_3,MVDR,10,bubble 08 5000Hz .wav,0.250000,0.000000,2.750000
5000Hz_3,MUSIC,10,bubble 08 5000Hz .wav,1.450043,1.166667,3.861111
5000Hz_3,MUSIC_CSDM,10,bubble 08 5000Hz .wav,0.334489,-0.027778,2.666667
5000Hz_3,CBF,5,bubble 08 5000Hz .wav,0.638889,0.000000,3.638889
5000Hz_3,MVDR,5,bubble 08 5000Hz .wav,2.656520,0.972222,0.527778
5000Hz_3,MUSIC,5,bubble 08 5000Hz .wav,2.914549,0.555556,0.138889
5000Hz_3,MUSIC_CSDM,5,bubble 08 5000Hz .wav,1.890726,-0.333333,1.138889
5000Hz_3,CBF,0,bubble 08 5000Hz .wav,2.598225,-0.277778,0.416667
5000Hz_3,MVDR,0,bubble 08 5000Hz .wav,0.655579,0.527778,2.611111
5000Hz_3,MUSIC,0,bubble 08 5000Hz .wav,3.457190,2.416667,0.527778
5000Hz_3,MUSIC_CSDM,0,bubble 08 5000Hz .wav,0.655579,0.527778,2.611111
5000Hz_3,CBF,-5,bubble 08 5000Hz .wav,0.589256,-0.083333,3.583333
5000Hz_3,MVDR,-5,bubble 08 5000Hz .wav,2.908189,-2.777778,3.861111
5000Hz_3,MUSIC,-5,bubble 08 5000Hz .wav,3.068156,-2.611111,1.388889
5000Hz_3,MUSIC_CSDM,-5,bubble 08 5000Hz .wav,2.908189,-2.777778,3.861111
5000Hz_3,CBF,-10,bubble 08 5000Hz .wav,2.957779,-0.750000,0.138889
5000Hz_3,MVDR,-10,bubble 08 5000Hz .wav,2.102504,-1.527778,1.555556
5000Hz_3,MUSIC,-10,bubble 08 5000Hz .wav,2.557970,1.444444,0.888889
5000Hz_3,MUSIC_CSDM,-10,bubble 08 5000Hz .wav,2.102504,-1.527778,1.555556
5000Hz_3,CBF,-15,bubble 08 5000Hz .wav,2.767760,-0.500000,0.277778
5000Hz_3,MVDR,-15,bubble 08 5000Hz .wav,2.973390,-0.083333,0.027778
5000Hz_3,MUSIC,-15,bubble 08 5000Hz .wav,3.085710,3.000000,2.277778
5000Hz_3,MUSIC_CSDM,-15,bubble 08 5000Hz .wav,2.973390,-0.083333,0.027778
5000Hz_3,CBF,-20,bubble 08 5000Hz .wav,1.972809,-1.944444,3.333333
5000Hz_3,MVDR,-20,bubble 08 5000Hz .wav,2.251200,0.611111,0.833333
5000Hz_3,MUSIC,-20,bubble 08 5000Hz .wav,1.767767,0.250000,1.250000
5000Hz_3,MUSIC_CSDM,-20,bubble 08 5000Hz .wav,2.251200,0.611111,0.833333
5000Hz_3,CBF,clean,bubble 09 5000Hz .wav,0.638889,0.000000,3.638889
5000Hz_3,MVDR,clean,bubble 09 5000Hz .wav,0.194444,0.000000,2.805556
5000Hz_3,MUSIC,clean,bubble 09 5000Hz .wav,1.922294,1.166667,4.527778
5000Hz_3,MUSIC_CSDM,clean,bubble 09 5000Hz .wav,0.473039,0.027778,2.527778
5000Hz_3,CBF,20,bubble 09 5000Hz .wav,0.638889,0.000000,3.638889
5000Hz_3,MVDR,20,bubble 09 5000Hz .wav,0.194444,0.000000,2.805556
5000Hz_3,MUSIC,20,bubble 09 5000Hz .wav,3.051007,-0.555556,6.000000
5000Hz_3,MUSIC_CSDM,20,bubble 09 5000Hz .wav,2.675910,0.222222,0.333333
5000Hz_3,CBF,15,bubble 09 5000Hz .wav,0.638889,0.000000,3.638889
5000Hz_3,MVDR,15,bubble 09 5000Hz .wav,0.168966,0.027778,2.833333
5000Hz_3,MUSIC,15,bubble 09 5000Hz .wav,2.880865,-1.833333,0.777778
5000Hz_3,MUSIC_CSDM,15,bubble 09 5000Hz .wav,0.168966,0.027778,2.833333
5000Hz_3,CBF,10,bubble 09 5000Hz .wav,0.611111,0.000000,3.611111
5000Hz_3,MVDR,10,bubble 09 5000Hz .wav,0.196419,0.027778,2.805556
5000Hz_3,MUSIC,10,bubble 09 5000Hz .wav,1.426437,-0.166667,4.416667
5000Hz_3,MUSIC_CSDM,10,bubble 09 5000Hz .wav,0.175682,0.055556,2.833333
5000Hz_3,CBF,5,bubble 09 5000Hz .wav,2.941823,0.555556,0.111111
5000Hz_3,MVDR,5,bubble 09 5000Hz .wav,1.721774,0.527778,1.361111
5000Hz_3,MUSIC,5,bubble 09 5000Hz .wav,1.080481,-0.750000,3.777778
5000Hz_3,MUSIC_CSDM,5,bubble 09 5000Hz .wav,2.662613,-1.055556,5.444444
5000Hz_3,CBF,0,bubble 09 5000Hz .wav,0.611111,0.000000,3.611111
5000Hz_3,MVDR,0,bubble 09 5000Hz .wav,2.400167,0.972222,0.805556
5000Hz_3,MUSIC,0,bubble 09 5000Hz .wav,1.751763,0.444444,1.305556
5000Hz_3,MUSIC_CSDM,0,bubble 09 5000Hz .wav,1.631339,1.111111,1.805556
5000Hz_3,CBF,-5,bubble 09 5000Hz .wav,0.423099,0.166667,2.611111
5000Hz_3,MVDR,-5,bubble 09 5000Hz .wav,1.587227,1.583333,2.888889
5000Hz_3,MUSIC,-5,bubble 09 5000Hz .wav,3.347424,-2.194444,5.527778
5000Hz_3,MUSIC_CSDM,-5,bubble 09 5000Hz .wav,1.587227,1.583333,2.888889
5000Hz_3,CBF,-10,bubble 09 5000Hz .wav,0.671855,-0.083333,2.333333
5000Hz_3,MVDR,-10,bubble 09 5000Hz .wav,2.865557,-0.805556,0.250000
5000Hz_3,MUSIC,-10,bubble 09 5000Hz .wav,2.857873,1.027778,0.333333
5000Hz_3,MUSIC_CSDM,-10,bubble 09 5000Hz .wav,2.865557,-0.805556,0.250000
5000Hz_3,CBF,-15,bubble 09 5000Hz .wav,2.658117,-1.500000,0.805556
5000Hz_3,MVDR,-15,bubble 09 5000Hz .wav,2.214222,0.750000,0.916667
5000Hz_3,MUSIC,-15,bubble 09 5000Hz .wav,2.090912,-1.972222,3.694444
5000Hz_3,MUSIC_CSDM,-15,bubble 09 5000Hz .wav,2.214222,0.750000,0.916667
5000Hz_3,CBF,-20,bubble 09 5000Hz .wav,2.890091,-0.083333,0.111111
5000Hz_3,MVDR,-20,bubble 09 5000Hz .wav,3.184162,2.166667,5.333333
5000Hz_3,MUSIC,-20,bubble 09 5000Hz .wav,3.230115,-2.750000,4.694444
5000Hz_3,MUSIC_CSDM,-20,bubble 09 5000Hz .wav,3.184162,2.166667,5.333333
5000Hz_3,CBF,clean,bubble 10 5000Hz .wav,0.638889,0.000000,3.638889
5000Hz_3,MVDR,clean,bubble 10 5000Hz .wav,0.194444,0.000000,2.805556
5000Hz_3,MUSIC,clean,bubble 10 5000Hz .wav,1.408199,1.305556,3.527778
5000Hz_3,MUSIC_CSDM,clean,bubble 10 5000Hz .wav,0.500000,0.000000,2.500000
5000Hz_3,CBF,20,bubble 10 5000Hz .wav,0.638889,0.000000,3.638889
5000Hz_3,MVDR,20,bubble 10 5000Hz .wav,0.196419,0.027778,2.805556
5000Hz_3,MUSIC,20,bubble 10 5000Hz .wav,2.146631,-2.111111,3.388889
5000Hz_3,MUSIC_CSDM,20,bubble 10 5000Hz .wav,0.229061,0.055556,2.777778
5000Hz_3,CBF,15,bubble 10 5000Hz .wav,0.638889,0.000000,3.638889
5000Hz_3,MVDR,15,bubble 10 5000Hz .wav,0.168966,0.027778,2.833333
5000Hz_3,MUSIC,15,bubble 10 5000Hz .wav,1.653886,1.638889,3.222222
5000Hz_3,MUSIC_CSDM,15,bubble 10 5000Hz .wav,1.695355,-0.055556,1.305556
5000Hz_3,CBF,10,bubble 10 5000Hz .wav,0.638889,0.000000,3.638889
5000Hz_3,MVDR,10,bubble 10 5000Hz .wav,0.251538,0.027778,2.750000
5000Hz_3,MUSIC,10,bubble 10 5000Hz .wav,2.857873,-0.777778,0.250000
5000Hz_3,MUSIC_CSDM,10,bubble 10 5000Hz .wav,2.425590,1.555556,1.138889
5000Hz_3,CBF,5,bubble 10 5000Hz .wav,0.611111,0.000000,3.611111
5000Hz_3,MVDR,5,bubble 10 5000Hz .wav,1.789027,1.611111,2.222222
5000Hz_3,MUSIC,5,bubble 10 5000Hz .wav,2.999100,0.805556,0.111111
5000Hz_3,MUSIC_CSDM,5,bubble 10 5000Hz .wav,2.849762,-0.305556,0.166667
5000Hz_3,CBF,0,bubble 10 5000Hz .wav,2.878319,1.083333,0.333333
5000Hz_3,MVDR,0,bubble 10 5000Hz .wav,3.201321,1.638889,5.750000
5000Hz_3,MUSIC,0,bubble 10 5000Hz .wav,3.817702,2.361111,0.000000
5000Hz_3,MUSIC_CSDM,0,bubble 10 5000Hz .wav,3.009501,-0.472222,0.027778
5000Hz_3,CBF,-5,bubble 10 5000Hz .wav,1.441503,-0.611111,1.694444
5000Hz_3,MVDR,-5,bubble 10 5000Hz .wav,2.644730,0.777778,0.472222
5000Hz_3,MUSIC,-5,bubble 10 5000Hz .wav,2.944444,-2.500000,1.444444
5000Hz_3,MUSIC_CSDM,-5,bubble 10 5000Hz .wav,2.644730,0.777778,0.472222
5000Hz_3,CBF,-10,bubble 10 5000Hz .wav,3.006680,-2.666667,4.388889
5000Hz_3,MVDR,-10,bubble 10 5000Hz .wav,2.828427,2.000000,1.000000
5000Hz_3,MUSIC,-10,bubble 10 5000Hz .wav,2.914549,-0.555556,0.138889
5000Hz_3,MUSIC_CSDM,-10,bubble 10 5000Hz .wav,2.828427,2.000000,1.000000
5000Hz_3,CBF,-15,bubble 10 5000Hz .wav,3.088834,2.055556,0.694444
5000Hz_3,MVDR,-15,bubble 10 5000Hz .wav,1.976911,0.666667,4.861111
5000Hz_3,MUSIC,-15,bubble 10 5000Hz .wav,2.802666,-0.666667,0.277778
5000Hz_3,MUSIC_CSDM,-15,bubble 10 5000Hz .wav,1.976911,0.666667,4.861111
5000Hz_3,CBF,-20,bubble 10 5000Hz .wav,0.551373,-0.416667,2.638889
5000Hz_3,MVDR,-20,bubble 10 5000Hz .wav,1.396921,-1.333333,2.583333
5000Hz_3,MUSIC,-20,bubble 10 5000Hz .wav,2.556914,0.750000,0.555556
5000Hz_3,MUSIC_CSDM,-20,bubble 10 5000Hz .wav,1.396921,-1.333333,2.583333
5000Hz_3,CBF,clean,bubble 11 5000Hz .wav,0.638889,0.000000,3.638889
5000Hz_3,MVDR,clean,bubble 11 5000Hz .wav,0.194444,0.000000,2.805556
5000Hz_3,MUSIC,clean,bubble 11 5000Hz .wav,2.489639,1.444444,5.027778
5000Hz_3,MUSIC_CSDM,clean,bubble 11 5000Hz .wav,0.583994,0.027778,2.416667
5000Hz_3,CBF,20,bubble 11 5000Hz .wav,0.638889,0.000000,3.638889
5000Hz_3,MVDR,20,bubble 11 5000Hz .wav,0.194444,0.000000,2.805556
5000Hz_3,MUSIC,20,bubble 11 5000Hz .wav,1.973005,0.055556,4.972222
5000Hz_3,MUSIC_CSDM,20,bubble 11 5000Hz .wav,0.305556,0.000000,2.694444
5000Hz_3,CBF,15,bubble 11 5000Hz .wav,0.638889,0.000000,3.638889
5000Hz_3,MVDR,15,bubble 11 5000Hz .wav,0.168966,0.027778,2.833333
5000Hz_3,MUSIC,15,bubble 11 5000Hz .wav,2.793842,2.666667,3.833333
5000Hz_3,MUSIC_CSDM,15,bubble 11 5000Hz .wav,2.598819,0.472222,0.444444
5000Hz_3,CBF,10,bubble 11 5000Hz .wav,0.638889,0.000000,3.638889
5000Hz_3,MVDR,10,bubble 11 5000Hz .wav,0.114531,0.027778,2.888889
5000Hz_3,MUSIC,10,bubble 11 5000Hz .wav,0.539347,0.305556,3.444444
5000Hz_3,MUSIC_CSDM,10,bubble 11 5000Hz .wav,0.492223,0.138889,3.472222
5000Hz_3,CBF,5,bubble 11 5000Hz .wav,0.638889,0.000000,3.638889
5000Hz_3,MVDR,5,bubble 11 5000Hz .wav,2.326047,1.500000,1.222222
5000Hz_3,MUSIC,5,bubble 11 5000Hz .wav,3.436483,2.888889,1.138889
5000Hz_3,MUSIC_CSDM,5,bubble 11 5000Hz .wav,2.326047,1.500000,1.222222
5000Hz_3,CBF,0,bubble 11 5000Hz .wav,2.890224,-0.694444,0.194444
5000Hz_3,MVDR,0,bubble 11 5000Hz .wav,2.786652,0.222222,0.222222
5000Hz_3,MUSIC,0,bubble 11 5000Hz .wav,2.782496,2.694444,2.305556
5000Hz_3,MUSIC_CSDM,0,bubble 11 5000Hz .wav,0.283279,0.055556,3.277778
5000Hz_3,CBF,-5,bubble 11 5000Hz .wav,2.883676,-0.666667,0.194444
5000Hz_3,MVDR,-5,bubble 11 5000Hz .wav,3.113590,3.000000,2.166667
5000Hz_3,MUSIC,-5,bubble 11 5000Hz .wav,3.474999,-2.694444,5.194444
5000Hz_3,MUSIC_CSDM,-5,bubble 11 5000Hz .wav,3.113590,3.000000,2.166667
5000Hz_3,CBF,-10,bubble 11 5000Hz .wav,2.553441,1.805556,1.194444
5000Hz_3,MVDR,-10,bubble 11 5000Hz .wav,1.106239,0.861111,2.305556
5000Hz_3,MUSIC,-10,bubble 11 5000Hz .wav,1.362244,0.055556,1.638889
5000Hz_3,MUSIC_CSDM,-10,bubble 11 5000Hz .wav,1.106239,0.861111,2.305556
5000Hz_3,CBF,-15,bubble 11 5000Hz .wav,2.152554,-2.055556,3.638889
5000Hz_3,MVDR,-15,bubble 11 5000Hz .wav,2.254283,-0.138889,0.750000
5000Hz_3,MUSIC,-15,bubble 11 5000Hz .wav,1.927906,-1.555556,1.861111
5000Hz_3,MUSIC_CSDM,-15,bubble 11 5000Hz .wav,2.254283,-0.138889,0.750000
5000Hz_3,CBF,-20,bubble 11 5000Hz .wav,0.124226,-0.055556,3.111111
5000Hz_3,MVDR,-20,bubble 11 5000Hz .wav,2.259582,0.805556,0.888889
5000Hz_3,MUSIC,-20,bubble 11 5000Hz .wav,3.180283,-1.055556,0.000000
5000Hz_3,MUSIC_CSDM,-20,bubble 11 5000Hz .wav,2.259582,0.805556,0.888889
5000Hz_3,CBF,clean,bubble 12 5000Hz .wav,0.638889,0.000000,3.638889
5000Hz_3,MVDR,clean,bubble 12 5000Hz .wav,0.194444,0.000000,2.805556
5000Hz_3,MUSIC,clean,bubble 12 5000Hz .wav,1.294874,-0.500000,1.805556
5000Hz_3,MUSIC_CSDM,clean,bubble 12 5000Hz .wav,0.528508,0.027778,2.472222
5000Hz_3,CBF,20,bubble 12 5000Hz .wav,0.638889,0.000000,3.638889
5000Hz_3,MVDR,20,bubble 12 5000Hz .wav,0.168966,0.027778,2.833333
5000Hz_3,MUSIC,20,bubble 12 5000Hz .wav,2.519676,-2.444444,3.611111
5000Hz_3,MUSIC_CSDM,20,bubble 12 5000Hz .wav,2.122775,1.555556,1.555556
5000Hz_3,CBF,15,bubble 12 5000Hz .wav,0.611111,0.000000,3.611111
5000Hz_3,MVDR,15,bubble 12 5000Hz .wav,0.223952,0.027778,2.777778
5000Hz_3,MUSIC,15,bubble 12 5000Hz .wav,2.987241,1.166667,0.250000
5000Hz_3,MUSIC_CSDM,15,bubble 12 5000Hz .wav,0.279163,0.027778,2.722222
5000Hz_3,CBF,10,bubble 12 5000Hz .wav,0.611111,0.000000,3.611111
5000Hz_3,MVDR,10,bubble 12 5000Hz .wav,0.114531,0.027778,2.888889
5000Hz_3,MUSIC,10,bubble 12 5000Hz .wav,2.353419,-2.027778,1.805556
5000Hz_3,MUSIC_CSDM,10,bubble 12 5000Hz .wav,1.388889,-0.833333,4.111111
5000Hz_3,CBF,5,bubble 12 5000Hz .wav,0.611111,0.000000,3.611111
5000Hz_3,MVDR,5,bubble 12 5000Hz .wav,0.196419,-0.027778,2.805556
5000Hz_3,MUSIC,5,bubble 12 5000Hz .wav,2.064732,1.138889,1.277778
5000Hz_3,MUSIC_CSDM,5,bubble 12 5000Hz .wav,2.762737,0.722222,0.333333
5000Hz_3,CBF,0,bubble 12 5000Hz .wav,2.567755,-0.250000,0.444444
5000Hz_3,MVDR,0,bubble 12 5000Hz .wav,2.919707,-1.055556,0.277778
5000Hz_3,MUSIC,0,bubble 12 5000Hz .wav,1.408199,0.527778,1.694444
5000Hz_3,MUSIC_CSDM,0,bubble 12 5000Hz .wav,2.919707,-1.055556,0.277778
5000Hz_3,CBF,-5,bubble 12 5000Hz .wav,3.259009,2.694444,4.833333
5000Hz_3,MVDR,-5,bubble 12 5000Hz .wav,2.200063,-1.333333,1.250000
5000Hz_3,MUSIC,-5,bubble 12 5000Hz .wav,2.650705,-0.250000,0.361111
5000Hz_3,MUSIC_CSDM,-5,bubble 12 5000Hz .wav,2.200063,-1.333333,1.250000
5000Hz_3,CBF,-10,bubble 12 5000Hz .wav,2.758265,-0.888889,5.611111
5000Hz_3,MVDR,-10,bubble 12 5000Hz .wav,1.889093,-0.638889,1.222222
5000Hz_3,MUSIC,-10,bubble 12 5000Hz .wav,2.423203,2.194444,1.972222
5000Hz_3,MUSIC_CSDM,-10,bubble 12 5000Hz .wav,1.915257,-0.638889,1.194444
5000Hz_3,CBF,-15,bubble 12 5000Hz .wav,2.319070,-1.305556,1.083333
5000Hz_3,MVDR,-15,bubble 12 5000Hz .wav,2.642541,2.194444,1.527778
5000Hz_3,MUSIC,-15,bubble 12 5000Hz .wav,1.612547,-0.305556,1.416667
5000Hz_3,MUSIC_CSDM,-15,bubble 12 5000Hz .wav,2.642541,2.194444,1.527778
5000Hz_3,CBF,-20,bubble 12 5000Hz .wav,3.070418,2.305556,0.972222
5000Hz_3,MVDR,-20,bubble 12 5000Hz .wav,2.416028,2.388889,2.638889
5000Hz_3,MUSIC,-20,bubble 12 5000Hz .wav,2.448387,-0.138889,0.555556
5000Hz_3,MUSIC_CSDM,-20,bubble 12 5000Hz .wav,2.416028,2.388889,2.638889
5000Hz_3,CBF,clean,bubble 13 5000Hz .wav,0.638889,0.000000,3.638889
5000Hz_3,MVDR,clean,bubble 13 5000Hz .wav,0.194444,0.000000,2.805556
5000Hz_3,MUSIC,clean,bubble 13 5000Hz .wav,1.343710,1.166667,3.666667
5000Hz_3,MUSIC_CSDM,clean,bubble 13 5000Hz .wav,0.473039,0.027778,2.527778
5000Hz_3,CBF,20,bubble 13 5000Hz .wav,0.638889,0.000000,3.638889
5000Hz_3,MVDR,20,bubble 13 5000Hz .wav,0.168966,0.027778,2.833333
5000Hz_3,MUSIC,20,bubble 13 5000Hz .wav,2.890624,-2.138889,4.944444
5000Hz_3,MUSIC_CSDM,20,bubble 13 5000Hz .wav,1.984702,0.222222,1.027778
5000Hz_3,CBF,15,bubble 13 5000Hz .wav,0.638889,0.000000,3.638889
5000Hz_3,MVDR,15,bubble 13 5000Hz .wav,0.168966,0.027778,2.833333
5000Hz_3,MUSIC,15,bubble 13 5000Hz .wav,1.675210,1.277778,1.916667
5000Hz_3,MUSIC_CSDM,15,bubble 13 5000Hz .wav,0.157135,0.111111,3.111111
5000Hz_3,CBF,10,bubble 13 5000Hz .wav,0.638889,0.000000,3.638889
5000Hz_3,MVDR,10,bubble 13 5000Hz .wav,0.251538,0.027778,2.750000
5000Hz_3,MUSIC,10,bubble 13 5000Hz .wav,0.877092,0.166667,2.138889
5000Hz_3,MUSIC_CSDM,10,bubble 13 5000Hz .wav,2.104705,-0.805556,1.055556
5000Hz_3,CBF,5,bubble 13 5000Hz .wav,2.941823,0.555556,0.111111
5000Hz_3,MVDR,5,bubble 13 5000Hz .wav,3.033379,-0.833333,0.083333
5000Hz_3,MUSIC,5,bubble 13 5000Hz .wav,2.253427,-1.138889,1.055556
5000Hz_3,MUSIC_CSDM,5,bubble 13 5000Hz .wav,3.086835,-0.833333,0.027778
5000Hz_3,CBF,0,bubble 13 5000Hz .wav,0.503077,-0.055556,3.500000
5000Hz_3,MVDR,0,bubble 13 5000Hz .wav,2.257019,-2.194444,2.472222
5000Hz_3,MUSIC,0,bubble 13 5000Hz .wav,3.245724,-2.166667,0.583333
5000Hz_3,MUSIC_CSDM,0,bubble 13 5000Hz .wav,2.257019,-2.194444,2.472222
5000Hz_3,CBF,-5,bubble 13 5000Hz .wav,2.984657,-0.750000,0.111111
5000Hz_3,MVDR,-5,bubble 13 5000Hz .wav,3.727298,-2.861111,0.611111
5000Hz_3,MUSIC,-5,bubble 13 5000Hz .wav,0.868250,-0.861111,3.111111
5000Hz_3,MUSIC_CSDM,-5,bubble 13 5000Hz .wav,3.727298,-2.861111,0.611111
5000Hz_3,CBF,-10,bubble 13 5000Hz .wav,2.291456,1.972222,4.166667
5000Hz_3,MVDR,-10,bubble 13 5000Hz .wav,2.015564,0.250000,1.000000
5000Hz_3,MUSIC,-10,bubble 13 5000Hz .wav,1.580163,-1.555556,2.722222
5000Hz_3,MUSIC_CSDM,-10,bubble 13 5000Hz .wav,1.697174,0.611111,1.416667
5000Hz_3,CBF,-15,bubble 13 5000Hz .wav,2.842035,-0.222222,0.166667
5000Hz_3,MVDR,-15,bubble 13 5000Hz .wav,2.233306,0.222222,0.777778
5000Hz_3,MUSIC,-15,bubble 13 5000Hz .wav,2.296670,1.944444,1.777778
5000Hz_3,MUSIC_CSDM,-15,bubble 13 5000Hz .wav,2.233306,0.222222,0.777778
5000Hz_3,CBF,-20,bubble 13 5000Hz .wav,2.381286,-2.277778,3.694444
5000Hz_3,MVDR,-20,bubble 13 5000Hz .wav,2.316240,-0.222222,0.694444
5000Hz_3,MUSIC,-20,bubble 13 5000Hz .wav,1.151019,-1.083333,3.388889
5000Hz_3,MUSIC_CSDM,-20,bubble 13 5000Hz .wav,2.316240,-0.222222,0.694444
5000Hz_3,CBF,clean,bubble 14 5000Hz .wav,0.638889,0.000000,3.638889
5000Hz_3,MVDR,clean,bubble 14 5000Hz .wav,0.194444,0.000000,2.805556
5000Hz_3,MUSIC,clean,bubble 14 5000Hz .wav,0.794464,-0.638889,3.472222
5000Hz_3,MUSIC_CSDM,clean,bubble 14 5000Hz .wav,0.473039,0.027778,2.527778
5000Hz_3,CBF,20,bubble 14 5000Hz .wav,0.638889,0.000000,3.638889
5000Hz_3,MVDR,20,bubble 14 5000Hz .wav,0.168966,0.027778,2.833333
5000Hz_3,MUSIC,20,bubble 14 5000Hz .wav,3.201683,-2.277778,0.750000
5000Hz_3,MUSIC_CSDM,20,bubble 14 5000Hz .wav,0.083333,0.000000,2.916667
5000Hz_3,CBF,15,bubble 14 5000Hz .wav,0.638889,0.000000,3.638889
5000Hz_3,MVDR,15,bubble 14 5000Hz .wav,0.141639,0.027778,2.861111
5000Hz_3,MUSIC,15,bubble 14 5000Hz .wav,0.918349,0.055556,2.083333
5000Hz_3,MUSIC_CSDM,15,bubble 14 5000Hz .wav,0.141639,0.027778,2.861111
5000Hz_3,CBF,10,bubble 14 5000Hz .wav,0.638889,0.000000,3.638889
5000Hz_3,MVDR,10,bubble 14 5000Hz .wav,0.222222,0.000000,2.777778
5000Hz_3,MUSIC,10,bubble 14 5000Hz .wav,2.037458,0.888889,1.166667
5000Hz_3,MUSIC_CSDM,10,bubble 14 5000Hz .wav,0.194444,0.000000,2.805556
5000Hz_3,CBF,5,bubble 14 5000Hz .wav,0.638889,0.000000,3.638889
5000Hz_3,MVDR,5,bubble 14 5000Hz .wav,1.973005,-0.055556,1.027778
5000Hz_3,MUSIC,5,bubble 14 5000Hz .wav,3.201562,2.000000,0.500000
5000Hz_3,MUSIC_CSDM,5,bubble 14 5000Hz .wav,1.973005,-0.055556,1.027778
5000Hz_3,CBF,0,bubble 14 5000Hz .wav,0.611111,0.000000,3.611111
5000Hz_3,MVDR,0,bubble 14 5000Hz .wav,3.018462,0.333333,0.000000
5000Hz_3,MUSIC,0,bubble 14 5000Hz .wav,3.259601,1.750000,0.250000
5000Hz_3,MUSIC_CSDM,0,bubble 14 5000Hz .wav,3.018462,0.333333,0.000000
5000Hz_3,CBF,-5,bubble 14 5000Hz .wav,1.950388,-1.916667,3.361111
5000Hz_3,MVDR,-5,bubble 14 5000Hz .wav,2.338123,-0.944444,0.861111
5000Hz_3,MUSIC,-5,bubble 14 5000Hz .wav,2.125862,-0.250000,0.888889
5000Hz_3,MUSIC_CSDM,-5,bubble 14 5000Hz .wav,2.338123,-0.944444,0.861111
5000Hz_3,CBF,-10,bubble 14 5000Hz .wav,3.008219,-0.222222,0.000000
5000Hz_3,MVDR,-10,bubble 14 5000Hz .wav,2.804455,-0.777778,0.305556
5000Hz_3,MUSIC,-10,bubble 14 5000Hz .wav,0.969042,0.444444,2.138889
5000Hz_3,MUSIC_CSDM,-10,bubble 14 5000Hz .wav,2.804455,-0.777778,0.305556
5000Hz_3,CBF,-15,bubble 14 5000Hz .wav,2.978446,1.000000,5.805556
5000Hz_3,MVDR,-15,bubble 14 5000Hz .wav,1.125600,-1.083333,2.694444
5000Hz_3,MUSIC,-15,bubble 14 5000Hz .wav,1.511785,-0.527778,1.583333
5000Hz_3,MUSIC_CSDM,-15,bubble 14 5000Hz .wav,1.125600,-1.083333,2.694444
5000Hz_3,CBF,-20,bubble 14 5000Hz .wav,1.248456,0.444444,1.833333
5000Hz_3,MVDR,-20,bubble 14 5000Hz .wav,3.339462,-2.861111,1.277778
5000Hz_3,MUSIC,-20,bubble 14 5000Hz .wav,1.465919,-1.305556,2.333333
5000Hz_3,MUSIC_CSDM,-20,bubble 14 5000Hz .wav,3.339462,-2.861111,1.277778
5000Hz_3,CBF,clean,bubble 15 5000Hz .wav,0.638889,0.000000,3.638889
5000Hz_3,MVDR,clean,bubble 15 5000Hz .wav,0.194444,0.000000,2.805556
5000Hz_3,MUSIC,clean,bubble 15 5000Hz .wav,1.383880,1.083333,3.861111
5000Hz_3,MUSIC_CSDM,clean,bubble 15 5000Hz .wav,0.473039,0.027778,2.527778
5000Hz_3,CBF,20,bubble 15 5000Hz .wav,0.638889,0.000000,3.638889
5000Hz_3,MVDR,20,bubble 15 5000Hz .wav,0.168966,0.027778,2.833333
5000Hz_3,MUSIC,20,bubble 15 5000Hz .wav,2.787345,-2.416667,1.611111
5000Hz_3,MUSIC_CSDM,20,bubble 15 5000Hz .wav,0.168966,0.027778,2.833333
5000Hz_3,CBF,15,bubble 15 5000Hz .wav,0.611111,0.000000,3.611111
5000Hz_3,MVDR,15,bubble 15 5000Hz .wav,0.168966,0.027778,2.833333
5000Hz_3,MUSIC,15,bubble 15 5000Hz .wav,3.179919,-2.000000,0.527778
5000Hz_3,MUSIC_CSDM,15,bubble 15 5000Hz .wav,1.689656,1.666667,2.722222
5000Hz_3,CBF,10,bubble 15 5000Hz .wav,0.638889,0.000000,3.638889
5000Hz_3,MVDR,10,bubble 15 5000Hz .wav,1.627550,-0.750000,1.555556
5000Hz_3,MUSIC,10,bubble 15 5000Hz .wav,0.566558,0.111111,2.444444
5000Hz_3,MUSIC_CSDM,10,bubble 15 5000Hz .wav,1.627550,-0.750000,1.555556
5000Hz_3,CBF,5,bubble 15 5000Hz .wav,2.570608,-0.277778,0.444444
5000Hz_3,MVDR,5,bubble 15 5000Hz .wav,2.857873,-1.027778,0.333333
5000Hz_3,MUSIC,5,bubble 15 5000Hz .wav,2.334986,1.250000,1.027778
5000Hz_3,MUSIC_CSDM,5,bubble 15 5000Hz .wav,1.540603,0.666667,1.611111
5000Hz_3,CBF,0,bubble 15 5000Hz .wav,2.914549,1.111111,0.305556
5000Hz_3,MVDR,0,bubble 15 5000Hz .wav,1.599576,1.500000,2.444444
5000Hz_3,MUSIC,0,bubble 15 5000Hz .wav,0.530694,0.361111,2.611111
5000Hz_3,MUSIC_CSDM,0,bubble 15 5000Hz .wav,1.599576,1.500000,2.444444
5000Hz_3,CBF,-5,bubble 15 5000Hz .wav,3.051007,0.555556,0.000000
5000Hz_3,MVDR,-5,bubble 15 5000Hz .wav,2.926175,1.000000,0.250000
5000Hz_3,MUSIC,-5,bubble 15 5000Hz .wav,2.722364,0.027778,5.722222
5000Hz_3,MUSIC_CSDM,-5,bubble 15 5000Hz .wav,2.926175,1.000000,0.250000
5000Hz_3,CBF,-10,bubble 15 5000Hz .wav,2.491498,0.944444,0.694444
5000Hz_3,MVDR,-10,bubble 15 5000Hz .wav,1.403809,-1.250000,3.638889
5000Hz_3,MUSIC,-10,bubble 15 5000Hz .wav,1.310275,-0.472222,1.777778
5000Hz_3,MUSIC_CSDM,-10,bubble 15 5000Hz .wav,1.403809,-1.250000,3.638889
5000Hz_3,CBF,-15,bubble 15 5000Hz .wav,3.239418,1.222222,0.000000
5000Hz_3,MVDR,-15,bubble 15 5000Hz .wav,3.065136,-2.111111,0.777778
5000Hz_3,MUSIC,-15,bubble 15 5000Hz .wav,2.212479,1.388889,1.277778
5000Hz_3,MUSIC_CSDM,-15,bubble 15 5000Hz .wav,3.065136,-2.111111,0.777778
5000Hz_3,CBF,-20,bubble 15 5000Hz .wav,0.305556,0.000000,3.305556
5000Hz_3,MVDR,-20,bubble 15 5000Hz .wav,1.901916,-1.888889,3.222222
5000Hz_3,MUSIC,-20,bubble 15 5000Hz .wav,0.750514,0.583333,3.472222
5000Hz_3,MUSIC_CSDM,-20,bubble 15 5000Hz .wav,1.901916,-1.888889,3.222222
5000Hz_3,CBF,clean,bubble 16 5000Hz .wav,0.638889,0.000000,3.638889
5000Hz_3,MVDR,clean,bubble 16 5000Hz .wav,0.194444,0.000000,2.805556
5000Hz_3,MUSIC,clean,bubble 16 5000Hz .wav,1.493298,1.416667,2.527778
5000Hz_3,MUSIC_CSDM,clean,bubble 16 5000Hz .wav,0.473039,0.027778,2.527778
5000Hz_3,CBF,20,bubble 16 5000Hz .wav,0.638889,0.000000,3.638889
5000Hz_3,MVDR,20,bubble 16 5000Hz .wav,0.168966,0.027778,2.833333
5000Hz_3,MUSIC,20,bubble 16 5000Hz .wav,1.973005,-1.138889,1.388889
5000Hz_3,MUSIC_CSDM,20,bubble 16 5000Hz .wav,3.483869,-2.138889,0.250000
5000Hz_3,CBF,15,bubble 16 5000Hz .wav,0.638889,0.000000,3.638889
5000Hz_3,MVDR,15,bubble 16 5000Hz .wav,0.223952,0.027778,2.777778
5000Hz_3,MUSIC,15,bubble 16 5000Hz .wav,2.013841,1.833333,2.166667
5000Hz_3,MUSIC_CSDM,15,bubble 16 5000Hz .wav,0.417592,0.027778,2.583333
5000Hz_3,CBF,10,bubble 16 5000Hz .wav,0.638889,0.000000,3.638889
5000Hz_3,MVDR,10,bubble 16 5000Hz .wav,0.141639,0.027778,2.861111
5000Hz_3,MUSIC,10,bubble 16 5000Hz .wav,2.177501,1.888889,4.083333
5000Hz_3,MUSIC_CSDM,10,bubble 16 5000Hz .wav,3.208904,-1.138889,0.000000
5000Hz_3,CBF,5,bubble 16 5000Hz .wav,0.638889,0.000000,3.638889
5000Hz_3,MVDR,5,bubble 16 5000Hz .wav,2.463468,2.444444,2.694444
5000Hz_3,MUSIC,5,bubble 16 5000Hz .wav,3.324177,-2.472222,0.777778
5000Hz_3,MUSIC_CSDM,5,bubble 16 5000Hz .wav,2.463468,2.444444,2.694444
5000Hz_3,CBF,0,bubble 16 5000Hz .wav,0.722222,0.000000,3.722222
5000Hz_3,MVDR,0,bubble 16 5000Hz .wav,2.901282,2.500000,1.527778
5000Hz_3,MUSIC,0,bubble 16 5000Hz .wav,3.133476,2.388889,0.972222
5000Hz_3,MUSIC_CSDM,0,bubble 16 5000Hz .wav,2.444602,-0.027778,0.555556
5000Hz_3,CBF,-5,bubble 16 5000Hz .wav,2.544663,-1.500000,0.944444
5000Hz_3,MVDR,-5,bubble 16 5000Hz .wav,2.163281,0.888889,1.027778
5000Hz_3,MUSIC,-5,bubble 16 5000Hz .wav,1.789027,-0.777778,1.388889
5000Hz_3,MUSIC_CSDM,-5,bubble 16 5000Hz .wav,2.163281,0.888889,1.027778
5000Hz_3,CBF,-10,bubble 16 5000Hz .wav,2.320733,1.722222,1.444444
5000Hz_3,MVDR,-10,bubble 16 5000Hz .wav,1.838587,1.638889,2.166667
5000Hz_3,MUSIC,-10,bubble 16 5000Hz .wav,2.829518,-2.055556,1.055556
5000Hz_3,MUSIC_CSDM,-10,bubble 16 5000Hz .wav,1.838587,1.638889,2.166667
5000Hz_3,CBF,-15,bubble 16 5000Hz .wav,0.306816,0.027778,3.305556
5000Hz_3,MVDR,-15,bubble 16 5000Hz .wav,1.767767,-0.250000,1.250000
5000Hz_3,MUSIC,-15,bubble 16 5000Hz .wav,2.239516,-1.944444,1.888889
5000Hz_3,MUSIC_CSDM,-15,bubble 16 5000Hz .wav,1.767767,-0.250000,1.250000
5000Hz_3,CBF,-20,bubble 16 5000Hz .wav,1.556795,1.500000,2.583333
5000Hz_3,MVDR,-20,bubble 16 5000Hz .wav,2.892226,-0.138889,0.111111
5000Hz_3,MUSIC,-20,bubble 16 5000Hz .wav,1.866286,0.138889,4.861111
5000Hz_3,MUSIC_CSDM,-20,bubble 16 5000Hz .wav,2.892226,-0.138889,0.111111
5000Hz_3,CBF,clean,bubble 17 5000Hz .wav,0.638889,0.000000,3.638889
5000Hz_3,MVDR,clean,bubble 17 5000Hz .wav,0.194444,0.000000,2.805556
5000Hz_3,MUSIC,clean,bubble 17 5000Hz .wav,0.747940,-0.638889,3.388889
5000Hz_3,MUSIC_CSDM,clean,bubble 17 5000Hz .wav,0.528508,0.027778,2.472222
5000Hz_3,CBF,20,bubble 17 5000Hz .wav,0.611111,0.000000,3.611111
5000Hz_3,MVDR,20,bubble 17 5000Hz .wav,0.168966,0.027778,2.833333
5000Hz_3,MUSIC,20,bubble 17 5000Hz .wav,2.648229,0.222222,0.361111
5000Hz_3,MUSIC_CSDM,20,bubble 17 5000Hz .wav,0.087841,0.027778,2.916667
5000Hz_3,CBF,15,bubble 17 5000Hz .wav,0.638889,0.000000,3.638889
5000Hz_3,MVDR,15,bubble 17 5000Hz .wav,0.222222,0.000000,2.777778
5000Hz_3,MUSIC,15,bubble 17 5000Hz .wav,2.251543,-1.416667,1.250000
5000Hz_3,MUSIC_CSDM,15,bubble 17 5000Hz .wav,2.855577,-1.722222,0.722222
5000Hz_3,CBF,10,bubble 17 5000Hz .wav,0.638889,0.000000,3.638889
5000Hz_3,MVDR,10,bubble 17 5000Hz .wav,0.250000,0.000000,2.750000
5000Hz_3,MUSIC,10,bubble 17 5000Hz .wav,1.307622,-0.277778,1.722222
5000Hz_3,MUSIC_CSDM,10,bubble 17 5000Hz .wav,1.330147,1.166667,2.361111
5000Hz_3,CBF,5,bubble 17 5000Hz .wav,0.583333,0.000000,3.583333
5000Hz_3,MVDR,5,bubble 17 5000Hz .wav,0.251538,-0.027778,3.250000
5000Hz_3,MUSIC,5,bubble 17 5000Hz .wav,3.378399,-2.388889,0.611111
5000Hz_3,MUSIC_CSDM,5,bubble 17 5000Hz .wav,0.222222,0.000000,3.222222
5000Hz_3,CBF,0,bubble 17 5000Hz .wav,0.666667,0.000000,3.666667
5000Hz_3,MVDR,0,bubble 17 5000Hz .wav,1.102746,0.722222,2.166667
5000Hz_3,MUSIC,0,bubble 17 5000Hz .wav,0.878410,0.277778,2.166667
5000Hz_3,MUSIC_CSDM,0,bubble 17 5000Hz .wav,1.408199,-1.305556,2.472222
5000Hz_3,CBF,-5,bubble 17 5000Hz .wav,3.025101,-0.388889,0.000000
5000Hz_3,MVDR,-5,bubble 17 5000Hz .wav,2.285893,-1.000000,5.055556
5000Hz_3,MUSIC,-5,bubble 17 5000Hz .wav,1.288901,-0.777778,1.972222
5000Hz_3,MUSIC_CSDM,-5,bubble 17 5000Hz .wav,0.580017,-0.166667,2.444444
5000Hz_3,CBF,-10,bubble 17 5000Hz .wav,1.954142,1.944444,3.194444
5000Hz_3,MVDR,-10,bubble 17 5000Hz .wav,0.149588,0.055556,3.138889
5000Hz_3,MUSIC,-10,bubble 17 5000Hz .wav,2.258386,2.250000,2.805556
5000Hz_3,MUSIC_CSDM,-10,bubble 17 5000Hz .wav,0.149588,0.055556,3.138889
5000Hz_3,CBF,-15,bubble 17 5000Hz .wav,0.917087,0.027778,3.916667
5000Hz_3,MVDR,-15,bubble 17 5000Hz .wav,2.502468,0.111111,0.500000
5000Hz_3,MUSIC,-15,bubble 17 5000Hz .wav,1.362244,-1.055556,2.138889
5000Hz_3,MUSIC_CSDM,-15,bubble 17 5000Hz .wav,2.502468,0.111111,0.500000
5000Hz_3,CBF,-20,bubble 17 5000Hz .wav,1.826798,1.277778,4.305556
5000Hz_3,MVDR,-20,bubble 17 5000Hz .wav,1.100645,0.194444,1.916667
5000Hz_3,MUSIC,-20,bubble 17 5000Hz .wav,2.281501,1.527778,1.305556
5000Hz_3,MUSIC_CSDM,-20,bubble 17 5000Hz .wav,1.100645,0.194444,1.916667
5000Hz_3,CBF,clean,bubble 18 5000Hz .wav,0.638889,0.000000,3.638889
5000Hz_3,MVDR,clean,bubble 18 5000Hz .wav,0.194444,0.000000,2.805556
5000Hz_3,MUSIC,clean,bubble 18 5000Hz .wav,0.950146,-0.750000,2.416667
5000Hz_3,MUSIC_CSDM,clean,bubble 18 5000Hz .wav,0.528508,0.027778,2.472222
5000Hz_3,CBF,20,bubble 18 5000Hz .wav,0.638889,0.000000,3.638889
5000Hz_3,MVDR,20,bubble 18 5000Hz .wav,0.194444,0.000000,2.805556
5000Hz_3,MUSIC,20,bubble 18 5000Hz .wav,1.722446,0.027778,1.277778
5000Hz_3,MUSIC_CSDM,20,bubble 18 5000Hz .wav,2.030820,1.555556,1.694444
5000Hz_3,CBF,15,bubble 18 5000Hz .wav,0.638889,0.000000,3.638889
5000Hz_3,MVDR,15,bubble 18 5000Hz .wav,0.196419,0.027778,2.805556
5000Hz_3,MUSIC,15,bubble 18 5000Hz .wav,2.378206,-0.583333,0.694444
5000Hz_3,MUSIC_CSDM,15,bubble 18 5000Hz .wav,2.114033,-0.111111,0.888889
5000Hz_3,CBF,10,bubble 18 5000Hz .wav,0.638889,0.000000,3.638889
5000Hz_3,MVDR,10,bubble 18 5000Hz .wav,2.923141,-0.194444,0.083333
5000Hz_3,MUSIC,10,bubble 18 5000Hz .wav,1.683480,1.333333,1.972222
5000Hz_3,MUSIC_CSDM,10,bubble 18 5000Hz .wav,1.356853,-0.527778,1.750000
5000Hz_3,CBF,5,bubble 18 5000Hz .wav,2.941823,0.555556,0.111111
5000Hz_3,MVDR,5,bubble 18 5000Hz .wav,2.484831,0.250000,0.527778
5000Hz_3,MUSIC,5,bubble 18 5000Hz .wav,3.033379,2.833333,4.083333
5000Hz_3,MUSIC_CSDM,5,bubble 18 5000Hz .wav,0.733880,-0.638889,2.638889
5000Hz_3,CBF,0,bubble 18 5000Hz .wav,0.638889,0.000000,3.638889
5000Hz_3,MVDR,0,bubble 18 5000Hz .wav,0.055556,0.000000,2.944444
5000Hz_3,MUSIC,0,bubble 18 5000Hz .wav,2.577353,-2.222222,1.694444
5000Hz_3,MUSIC_CSDM,0,bubble 18 5000Hz .wav,2.555707,-0.027778,0.444444
5000Hz_3,CBF,-5,bubble 18 5000Hz .wav,2.027778,0.000000,0.972222
5000Hz_3,MVDR,-5,bubble 18 5000Hz .wav,2.553441,2.361111,2.027778
5000Hz_3,MUSIC,-5,bubble 18 5000Hz .wav,2.639035,-0.027778,0.361111
5000Hz_3,MUSIC_CSDM,-5,bubble 18 5000Hz .wav,2.553441,2.361111,2.027778
5000Hz_3,CBF,-10,bubble 18 5000Hz .wav,1.805769,-1.805556,2.972222
5000Hz_3,MVDR,-10,bubble 18 5000Hz .wav,2.014799,-1.944444,3.527778
5000Hz_3,MUSIC,-10,bubble 18 5000Hz .wav,2.699022,-0.416667,0.333333
5000Hz_3,MUSIC_CSDM,-10,bubble 18 5000Hz .wav,2.014799,-1.944444,3.527778
5000Hz_3,CBF,-15,bubble 18 5000Hz .wav,2.934732,-0.861111,0.194444
5000Hz_3,MVDR,-15,bubble 18 5000Hz .wav,2.839998,0.194444,0.166667
5000Hz_3,MUSIC,-15,bubble 18 5000Hz .wav,1.978277,1.222222,1.444444
5000Hz_3,MUSIC_CSDM,-15,bubble 18 5000Hz .wav,2.839998,0.194444,0.166667
5000Hz_3,CBF,-20,bubble 18 5000Hz .wav,2.539351,-2.194444,1.722222
5000Hz_3,MVDR,-20,bubble 18 5000Hz .wav,2.707015,1.694444,0.888889
5000Hz_3,MUSIC,-20,bubble 18 5000Hz .wav,0.111111,0.000000,2.888889
5000Hz_3,MUSIC_CSDM,-20,bubble 18 5000Hz .wav,2.707015,1.694444,0.888889
5000Hz_3,CBF,clean,bubble 19 5000Hz .wav,0.638889,0.000000,3.638889
5000Hz_3,MVDR,clean,bubble 19 5000Hz .wav,0.194444,0.000000,2.805556
5000Hz_3,MUSIC,clean,bubble 19 5000Hz .wav,2.648229,0.222222,0.361111
5000Hz_3,MUSIC_CSDM,clean,bubble 19 5000Hz .wav,0.500771,0.027778,2.500000
5000Hz_3,CBF,20,bubble 19 5000Hz .wav,0.638889,0.000000,3.638889
5000Hz_3,MVDR,20,bubble 19 5000Hz .wav,0.194444,0.000000,2.805556
5000Hz_3,MUSIC,20,bubble 19 5000Hz .wav,1.374930,0.194444,1.638889
5000Hz_3,MUSIC_CSDM,20,bubble 19 5000Hz .wav,1.924902,1.361111,1.638889
5000Hz_3,CBF,15,bubble 19 5000Hz .wav,0.638889,0.000000,3.638889
5000Hz_3,MVDR,15,bubble 19 5000Hz .wav,0.168966,0.027778,2.833333
5000Hz_3,MUSIC,15,bubble 19 5000Hz .wav,3.106271,-1.444444,0.250000
5000Hz_3,MUSIC_CSDM,15,bubble 19 5000Hz .wav,1.519675,-0.777778,1.694444
5000Hz_3,CBF,10,bubble 19 5000Hz .wav,0.611111,0.000000,3.611111
5000Hz_3,MVDR,10,bubble 19 5000Hz .wav,0.194444,0.000000,2.805556
5000Hz_3,MUSIC,10,bubble 19 5000Hz .wav,3.501763,2.611111,0.666667
5000Hz_3,MUSIC_CSDM,10,bubble 19 5000Hz .wav,1.661334,-0.583333,1.444444
5000Hz_3,CBF,5,bubble 19 5000Hz .wav,2.941823,0.555556,0.111111
5000Hz_3,MVDR,5,bubble 19 5000Hz .wav,1.379971,1.055556,2.111111
5000Hz_3,MUSIC,5,bubble 19 5000Hz .wav,2.887286,1.444444,0.500000
5000Hz_3,MUSIC_CSDM,5,bubble 19 5000Hz .wav,1.398026,1.055556,2.083333
5000Hz_3,CBF,0,bubble 19 5000Hz .wav,0.583333,0.000000,3.583333
5000Hz_3,MVDR,0,bubble 19 5000Hz .wav,0.114531,0.027778,2.888889
5000Hz_3,MUSIC,0,bubble 19 5000Hz .wav,2.152554,-0.722222,0.972222
5000Hz_3,MUSIC_CSDM,0,bubble 19 5000Hz .wav,0.141639,0.027778,2.861111
5000Hz_3,CBF,-5,bubble 19 5000Hz .wav,2.914549,1.111111,0.305556
5000Hz_3,MVDR,-5,bubble 19 5000Hz .wav,0.917087,0.027778,2.083333
5000Hz_3,MUSIC,-5,bubble 19 5000Hz .wav,2.050482,-1.194444,1.333333
5000Hz_3,MUSIC_CSDM,-5,bubble 19 5000Hz .wav,0.917087,0.027778,2.083333
5000Hz_3,CBF,-10,bubble 19 5000Hz .wav,2.381286,-0.694444,0.722222
5000Hz_3,MVDR,-10,bubble 19 5000Hz .wav,1.530805,-0.305556,1.500000
5000Hz_3,MUSIC,-10,bubble 19 5000Hz .wav,1.765583,1.722222,3.388889
5000Hz_3,MUSIC_CSDM,-10,bubble 19 5000Hz .wav,1.530805,-0.305556,1.500000
5000Hz_3,CBF,-15,bubble 19 5000Hz .wav,1.171946,0.111111,1.833333
5000Hz_3,MVDR,-15,bubble 19 5000Hz .wav,2.243819,0.833333,0.916667
5000Hz_3,MUSIC,-15,bubble 19 5000Hz .wav,2.790665,1.055556,0.416667
5000Hz_3,MUSIC_CSDM,-15,bubble 19 5000Hz .wav,2.243819,0.833333,0.916667
5000Hz_3,CBF,-20,bubble 19 5000Hz .wav,0.325131,-0.111111,3.305556
5000Hz_3,MVDR,-20,bubble 19 5000Hz .wav,1.537846,0.527778,1.555556
5000Hz_3,MUSIC,-20,bubble 19 5000Hz .wav,3.012833,-0.277778,6.000000
5000Hz_3,MUSIC_CSDM,-20,bubble 19 5000Hz .wav,1.537846,0.527778,1.555556
5000Hz_3,CBF,clean,bubble 20 5000Hz .wav,0.638889,0.000000,3.638889
5000Hz_3,MVDR,clean,bubble 20 5000Hz .wav,0.194444,0.000000,2.805556
5000Hz_3,MUSIC,clean,bubble 20 5000Hz .wav,0.248452,0.222222,3.111111
5000Hz_3,MUSIC_CSDM,clean,bubble 20 5000Hz .wav,0.473039,0.027778,2.527778
5000Hz_3,CBF,20,bubble 20 5000Hz .wav,0.638889,0.000000,3.638889
5000Hz_3,MVDR,20,bubble 20 5000Hz .wav,0.194444,0.000000,2.805556
5000Hz_3,MUSIC,20,bubble 20 5000Hz .wav,2.416826,0.027778,5.416667
5000Hz_3,MUSIC_CSDM,20,bubble 20 5000Hz .wav,2.534484,1.833333,1.250000
5000Hz_3,CBF,15,bubble 20 5000Hz .wav,0.611111,0.000000,3.611111
5000Hz_3,MVDR,15,bubble 20 5000Hz .wav,0.194444,0.000000,2.805556
5000Hz_3,MUSIC,15,bubble 20 5000Hz .wav,2.198835,2.194444,2.861111
5000Hz_3,MUSIC_CSDM,15,bubble 20 5000Hz .wav,1.798919,1.750000,2.583333
5000Hz_3,CBF,10,bubble 20 5000Hz .wav,0.638889,0.000000,3.638889
5000Hz_3,MVDR,10,bubble 20 5000Hz .wav,0.100154,0.055556,2.916667
5000Hz_3,MUSIC,10,bubble 20 5000Hz .wav,2.460804,2.166667,4.166667
5000Hz_3,MUSIC_CSDM,10,bubble 20 5000Hz .wav,1.840894,-0.166667,1.166667
5000Hz_3,CBF,5,bubble 20 5000Hz .wav,0.611111,0.000000,3.611111
5000Hz_3,MVDR,5,bubble 20 5000Hz .wav,0.000000,0.000000,3.000000
5000Hz_3,MUSIC,5,bubble 20 5000Hz .wav,1.365639,-0.111111,1.638889
5000Hz_3,MUSIC_CSDM,5,bubble 20 5000Hz .wav,2.005009,-0.361111,1.027778
5000Hz_3,CBF,0,bubble 20 5000Hz .wav,2.914549,0.555556,0.138889
5000Hz_3,MVDR,0,bubble 20 5000Hz .wav,3.025866,2.194444,5.083333
5000Hz_3,MUSIC,0,bubble 20 5000Hz .wav,1.564459,-0.444444,1.500000
5000Hz_3,MUSIC_CSDM,0,bubble 20 5000Hz .wav,3.025866,2.194444,5.083333
5000Hz_3,CBF,-5,bubble 20 5000Hz .wav,3.023698,0.555556,0.027778
5000Hz_3,MVDR,-5,bubble 20 5000Hz .wav,2.837687,1.111111,0.388889
5000Hz_3,MUSIC,-5,bubble 20 5000Hz .wav,1.645467,-0.611111,1.472222
5000Hz_3,MUSIC_CSDM,-5,bubble 20 5000Hz .wav,2.837687,1.111111,0.388889
5000Hz_3,CBF,-10,bubble 20 5000Hz .wav,1.889093,0.027778,1.111111
5000Hz_3,MVDR,-10,bubble 20 5000Hz .wav,1.119758,1.027778,2.555556
5000Hz_3,MUSIC,-10,bubble 20 5000Hz .wav,3.106271,1.916667,5.444444
5000Hz_3,MUSIC_CSDM,-10,bubble 20 5000Hz .wav,1.119758,1.027778,2.555556
5000Hz_3,CBF,-15,bubble 20 5000Hz .wav,2.652305,-1.916667,1.166667
5000Hz_3,MVDR,-15,bubble 20 5000Hz .wav,0.683243,-0.305556,3.611111
5000Hz_3,MUSIC,-15,bubble 20 5000Hz .wav,2.740866,-0.833333,0.388889
5000Hz_3,MUSIC_CSDM,-15,bubble 20 5000Hz .wav,0.683243,-0.305556,3.611111
5000Hz_3,CBF,-20,bubble 20 5000Hz .wav,1.694672,-0.027778,1.305556
5000Hz_3,MVDR,-20,bubble 20 5000Hz .wav,2.834559,0.083333,0.166667
5000Hz_3,MUSIC,-20,bubble 20 5000Hz .wav,2.259582,0.805556,0.888889
5000Hz_3,MUSIC_CSDM,-20,bubble 20 5000Hz .wav,2.834559,0.083333,0.166667
3000Hz_2,CBF,clean,bubble 01 3000Hz .wav,0.027778,0.000000,1.972222
3000Hz_2,MVDR,clean,bubble 01 3000Hz .wav,0.290009,-0.083333,1.722222
3000Hz_2,MUSIC,clean,bubble 01 3000Hz .wav,0.722756,-0.027778,1.277778
3000Hz_2,MUSIC_CSDM,clean,bubble 01 3000Hz .wav,0.473039,-0.027778,2.472222
3000Hz_2,CBF,20,bubble 01 3000Hz .wav,0.027778,0.000000,1.972222
3000Hz_2,MVDR,20,bubble 01 3000Hz .wav,0.290009,-0.083333,1.722222
3000Hz_2,MUSIC,20,bubble 01 3000Hz .wav,3.100428,1.194444,4.861111
3000Hz_2,MUSIC_CSDM,20,bubble 01 3000Hz .wav,1.531813,-0.111111,0.472222
3000Hz_2,CBF,15,bubble 01 3000Hz .wav,0.027778,0.000000,1.972222
3000Hz_2,MVDR,15,bubble 01 3000Hz .wav,0.290009,-0.083333,1.722222
3000Hz_2,MUSIC,15,bubble 01 3000Hz .wav,0.083333,-0.083333,2.000000
3000Hz_2,MUSIC_CSDM,15,bubble 01 3000Hz .wav,1.882751,1.750000,1.305556
3000Hz_2,CBF,10,bubble 01 3000Hz .wav,0.055556,0.000000,1.944444
3000Hz_2,MVDR,10,bubble 01 3000Hz .wav,0.316715,-0.083333,1.694444
3000Hz_2,MUSIC,10,bubble 01 3000Hz .wav,1.424001,1.333333,1.500000
3000Hz_2,MUSIC_CSDM,10,bubble 01 3000Hz .wav,1.441503,-0.611111,0.694444
3000Hz_2,CBF,5,bubble 01 3000Hz .wav,0.027778,0.000000,1.972222
3000Hz_2,MVDR,5,bubble 01 3000Hz .wav,0.316715,-0.083333,1.694444
3000Hz_2,MUSIC,5,bubble 01 3000Hz .wav,0.857519,-0.361111,1.222222
3000Hz_2,MUSIC_CSDM,5,bubble 01 3000Hz .wav,0.229061,-0.055556,1.777778
3000Hz_2,CBF,0,bubble 01 3000Hz .wav,0.111111,0.000000,1.888889
3000Hz_2,MVDR,0,bubble 01 3000Hz .wav,0.316715,-0.083333,1.694444
3000Hz_2,MUSIC,0,bubble 01 3000Hz .wav,2.299020,-2.083333,1.027778
3000Hz_2,MUSIC_CSDM,0,bubble 01 3000Hz .wav,3.115572,-2.388889,0.000000
3000Hz_2,CBF,-5,bubble 01 3000Hz .wav,1.159036,-0.833333,1.194444
3000Hz_2,MVDR,-5,bubble 01 3000Hz .wav,0.306816,-0.027778,2.305556
3000Hz_2,MUSIC,-5,bubble 01 3000Hz .wav,1.401333,1.083333,2.888889
3000Hz_2,MUSIC_CSDM,-5,bubble 01 3000Hz .wav,0.334489,-0.027778,2.333333
3000Hz_2,CBF,-10,bubble 01 3000Hz .wav,2.571508,-2.527778,1.527778
3000Hz_2,MVDR,-10,bubble 01 3000Hz .wav,2.618341,-1.972222,3.722222
3000Hz_2,MUSIC,-10,bubble 01 3000Hz .wav,1.148335,0.611111,1.027778
3000Hz_2,MUSIC_CSDM,-10,bubble 01 3000Hz .wav,2.490104,-1.944444,3.555556
3000Hz_2,CBF,-15,bubble 01 3000Hz .wav,1.223484,0.055556,0.777778
3000Hz_2,MVDR,-15,bubble 01 3000Hz .wav,1.024770,-0.861111,1.444444
3000Hz_2,MUSIC,-15,bubble 01 3000Hz .wav,1.178839,-0.972222,1.333333
3000Hz_2,MUSIC_CSDM,-15,bubble 01 3000Hz .wav,1.024770,-0.861111,1.444444
3000Hz_2,CBF,-20,bubble 01 3000Hz .wav,1.112499,-1.111111,1.944444
3000Hz_2,MVDR,-20,bubble 01 3000Hz .wav,2.476121,2.472222,2.138889
3000Hz_2,MUSIC,-20,bubble 01 3000Hz .wav,0.975392,0.333333,1.083333
3000Hz_2,MUSIC_CSDM,-20,bubble 01 3000Hz .wav,1.890726,0.333333,0.138889
3000Hz_2,CBF,clean,bubble 02 3000Hz .wav,0.027778,0.000000,1.972222
3000Hz_2,MVDR,clean,bubble 02 3000Hz .wav,0.316715,-0.083333,1.694444
3000Hz_2,MUSIC,clean,bubble 02 3000Hz .wav,0.835183,-0.055556,1.166667
3000Hz_2,MUSIC_CSDM,clean,bubble 02 3000Hz .wav,4.000386,-0.055556,6.000000
3000Hz_2,CBF,20,bubble 02 3000Hz .wav,0.055556,0.000000,1.944444
3000Hz_2,MVDR,20,bubble 02 3000Hz .wav,0.290009,-0.083333,1.722222
3000Hz_2,MUSIC,20,bubble 02 3000Hz .wav,0.458123,-0.111111,2.444444
3000Hz_2,MUSIC_CSDM,20,bubble 02 3000Hz .wav,0.263523,-0.083333,2.250000
3000Hz_2,CBF,15,bubble 02 3000Hz .wav,0.027778,0.000000,1.972222
3000Hz_2,MVDR,15,bubble 02 3000Hz .wav,0.316715,-0.083333,1.694444
3000Hz_2,MUSIC,15,bubble 02 3000Hz .wav,1.250309,-0.027778,0.750000
3000Hz_2,MUSIC_CSDM,15,bubble 02 3000Hz .wav,0.397717,-0.083333,1.611111
3000Hz_2,CBF,10,bubble 02 3000Hz .wav,0.027778,0.000000,1.972222
3000Hz_2,MVDR,10,bubble 02 3000Hz .wav,0.290009,-0.083333,1.722222
3000Hz_2,MUSIC,10,bubble 02 3000Hz .wav,1.501028,0.055556,0.500000
3000Hz_2,MUSIC_CSDM,10,bubble 02 3000Hz .wav,0.229061,-0.055556,1.777778
3000Hz_2,CBF,5,bubble 02 3000Hz .wav,0.027778,0.000000,1.972222
3000Hz_2,MVDR,5,bubble 02 3000Hz .wav,0.290009,-0.083333,1.722222
3000Hz_2,MUSIC,5,bubble 02 3000Hz .wav,2.156135,2.000000,1.194444
3000Hz_2,MUSIC_CSDM,5,bubble 02 3000Hz .wav,0.111111,-0.111111,2.000000
3000Hz_2,CBF,0,bubble 02 3000Hz .wav,2.114033,-2.111111,2.111111
3000Hz_2,MVDR,0,bubble 02 3000Hz .wav,0.310565,-0.055556,1.694444
3000Hz_2,MUSIC,0,bubble 02 3000Hz .wav,0.609214,-0.416667,1.555556
3000Hz_2,MUSIC_CSDM,0,bubble 02 3000Hz .wav,1.921692,-1.916667,1.861111
3000Hz_2,CBF,-5,bubble 02 3000Hz .wav,0.027778,0.000000,1.972222
3000Hz_2,MVDR,-5,bubble 02 3000Hz .wav,1.394987,1.138889,1.194444
3000Hz_2,MUSIC,-5,bubble 02 3000Hz .wav,2.126044,-2.027778,1.361111
3000Hz_2,MUSIC_CSDM,-5,bubble 02 3000Hz .wav,0.896667,0.250000,1.138889
3000Hz_2,CBF,-10,bubble 02 3000Hz .wav,1.230402,-1.083333,1.416667
3000Hz_2,MVDR,-10,bubble 02 3000Hz .wav,1.765583,-0.388889,0.277778
3000Hz_2,MUSIC,-10,bubble 02 3000Hz .wav,1.061387,0.777778,2.722222
3000Hz_2,MUSIC_CSDM,-10,bubble 02 3000Hz .wav,1.765583,-0.388889,0.277778
3000Hz_2,CBF,-15,bubble 02 3000Hz .wav,1.336224,0.472222,0.750000
3000Hz_2,MVDR,-15,bubble 02 3000Hz .wav,2.261459,-1.055556,0.000000
3000Hz_2,MUSIC,-15,bubble 02 3000Hz .wav,0.444444,0.000000,1.555556
3000Hz_2,MUSIC_CSDM,-15,bubble 02 3000Hz .wav,2.261459,-1.055556,0.000000
3000Hz_2,CBF,-20,bubble 02 3000Hz .wav,2.088512,-2.027778,2.500000
3000Hz_2,MVDR,-20,bubble 02 3000Hz .wav,0.397717,-0.166667,1.638889
3000Hz_2,MUSIC,-20,bubble 02 3000Hz .wav,0.913716,-0.861111,1.694444
3000Hz_2,MUSIC_CSDM,-20,bubble 02 3000Hz .wav,0.397717,-0.166667,1.638889
3000Hz_2,CBF,clean,bubble 03 3000Hz .wav,0.055556,0.000000,1.944444
3000Hz_2,MVDR,clean,bubble 03 3000Hz .wav,0.316715,-0.083333,1.694444
3000Hz_2,MUSIC,clean,bubble 03 3000Hz .wav,4.003471,-0.166667,6.000000
3000Hz_2,MUSIC_CSDM,clean,bubble 03 3000Hz .wav,4.000386,-0.055556,6.000000
3000Hz_2,CBF,20,bubble 03 3000Hz .wav,0.055556,0.000000,1.944444
3000Hz_2,MVDR,20,bubble 03 3000Hz .wav,0.316715,-0.083333,1.694444
3000Hz_2,MUSIC,20,bubble 03 3000Hz .wav,1.681646,0.638889,0.444444
3000Hz_2,MUSIC_CSDM,20,bubble 03 3000Hz .wav,0.585973,-0.055556,2.583333
3000Hz_2,CBF,15,bubble 03 3000Hz .wav,0.027778,0.000000,1.972222
3000Hz_2,MVDR,15,bubble 03 3000Hz .wav,0.290009,-0.083333,1.722222
3000Hz_2,MUSIC,15,bubble 03 3000Hz .wav,1.911628,-1.555556,0.888889
3000Hz_2,MUSIC_CSDM,15,bubble 03 3000Hz .wav,2.717683,-2.055556,3.777778
3000Hz_2,CBF,10,bubble 03 3000Hz .wav,0.027778,0.000000,1.972222
3000Hz_2,MVDR,10,bubble 03 3000Hz .wav,0.343592,-0.083333,1.666667
3000Hz_2,MUSIC,10,bubble 03 3000Hz .wav,1.327824,-1.055556,1.194444
3000Hz_2,MUSIC_CSDM,10,bubble 03 3000Hz .wav,2.144473,-2.055556,2.611111
3000Hz_2,CBF,5,bubble 03 3000Hz .wav,0.083333,0.000000,1.916667
3000Hz_2,MVDR,5,bubble 03 3000Hz .wav,0.343592,-0.083333,1.666667
3000Hz_2,MUSIC,5,bubble 03 3000Hz .wav,0.909908,-0.777778,2.472222
3000Hz_2,MUSIC_CSDM,5,bubble 03 3000Hz .wav,1.044164,0.916667,2.500000
3000Hz_2,CBF,0,bubble 03 3000Hz .wav,0.062113,0.027778,1.944444
3000Hz_2,MVDR,0,bubble 03 3000Hz .wav,0.223952,-0.111111,1.805556
3000Hz_2,MUSIC,0,bubble 03 3000Hz .wav,1.854466,-0.527778,0.222222
3000Hz_2,MUSIC_CSDM,0,bubble 03 3000Hz .wav,1.805556,0.694444,0.333333
3000Hz_2,CBF,-5,bubble 03 3000Hz .wav,0.039284,-0.027778,2.027778
3000Hz_2,MVDR,-5,bubble 03 3000Hz .wav,0.475479,-0.055556,1.527778
3000Hz_2,MUSIC,-5,bubble 03 3000Hz .wav,1.796129,1.138889,0.611111
3000Hz_2,MUSIC_CSDM,-5,bubble 03 3000Hz .wav,0.503077,-0.055556,1.500000
3000Hz_2,CBF,-10,bubble 03 3000Hz .wav,1.089016,0.861111,2.666667
3000Hz_2,MVDR,-10,bubble 03 3000Hz .wav,1.590869,-0.333333,0.444444
3000Hz_2,MUSIC,-10,bubble 03 3000Hz .wav,2.213873,-2.111111,1.333333
3000Hz_2,MUSIC_CSDM,-10,bubble 03 3000Hz .wav,1.590869,-0.333333,0.444444
3000Hz_2,CBF,-15,bubble 03 3000Hz .wav,2.211781,-0.944444,0.000000
3000Hz_2,MVDR,-15,bubble 03 3000Hz .wav,0.913716,0.305556,1.138889
3000Hz_2,MUSIC,-15,bubble 03 3000Hz .wav,1.518660,-0.972222,3.166667
3000Hz_2,MUSIC_CSDM,-15,bubble 03 3000Hz .wav,0.913716,0.305556,1.138889
3000Hz_2,CBF,-20,bubble 03 3000Hz .wav,1.367897,0.305556,0.666667
3000Hz_2,MVDR,-20,bubble 03 3000Hz .wav,1.666898,0.027778,0.333333
3000Hz_2,MUSIC,-20,bubble 03 3000Hz .wav,4.136931,1.555556,5.833333
3000Hz_2,MUSIC_CSDM,-20,bubble 03 3000Hz .wav,1.666898,0.027778,0.333333
3000Hz_2,CBF,clean,bubble 04 3000Hz .wav,0.027778,0.000000,1.972222
3000Hz_2,MVDR,clean,bubble 04 3000Hz .wav,0.316715,-0.083333,1.694444
3000Hz_2,MUSIC,clean,bubble 04 3000Hz .wav,1.958087,1.666667,0.972222
3000Hz_2,MUSIC_CSDM,clean,bubble 04 3000Hz .wav,4.000386,-0.055556,6.000000
3000Hz_2,CBF,20,bubble 04 3000Hz .wav,0.055556,0.000000,1.944444
3000Hz_2,MVDR,20,bubble 04 3000Hz .wav,0.316715,-0.083333,1.694444
3000Hz_2,MUSIC,20,bubble 04 3000Hz .wav,1.124914,0.944444,1.388889
3000Hz_2,MUSIC_CSDM,20,bubble 04 3000Hz .wav,1.896228,0.166667,0.111111
3000Hz_2,CBF,15,bubble 04 3000Hz .wav,0.027778,0.000000,1.972222
3000Hz_2,MVDR,15,bubble 04 3000Hz .wav,0.316715,-0.083333,1.694444
3000Hz_2,MUSIC,15,bubble 04 3000Hz .wav,1.633938,-1.555556,2.500000
3000Hz_2,MUSIC_CSDM,15,bubble 04 3000Hz .wav,2.743398,2.638889,1.250000
3000Hz_2,CBF,10,bubble 04 3000Hz .wav,0.027778,0.000000,1.972222
3000Hz_2,MVDR,10,bubble 04 3000Hz .wav,0.316715,-0.083333,1.694444
3000Hz_2,MUSIC,10,bubble 04 3000Hz .wav,1.488899,-0.222222,0.527778
3000Hz_2,MUSIC_CSDM,10,bubble 04 3000Hz .wav,1.688971,1.000000,3.361111
3000Hz_2,CBF,5,bubble 04 3000Hz .wav,0.055556,0.000000,1.944444
3000Hz_2,MVDR,5,bubble 04 3000Hz .wav,0.316715,-0.083333,1.694444
3000Hz_2,MUSIC,5,bubble 04 3000Hz .wav,1.791613,-0.222222,0.222222
3000Hz_2,MUSIC_CSDM,5,bubble 04 3000Hz .wav,0.835645,-0.222222,1.194444
3000Hz_2,CBF,0,bubble 04 3000Hz .wav,0.168966,0.027778,1.833333
3000Hz_2,MVDR,0,bubble 04 3000Hz .wav,0.290009,-0.083333,1.722222
3000Hz_2,MUSIC,0,bubble 04 3000Hz .wav,0.611742,0.611111,2.027778
3000Hz_2,MUSIC_CSDM,0,bubble 04 3000Hz .wav,2.467067,-2.444444,1.666667
3000Hz_2,CBF,-5,bubble 04 3000Hz .wav,1.184389,-0.916667,1.250000
3000Hz_2,MVDR,-5,bubble 04 3000Hz .wav,0.290009,-0.083333,1.722222
3000Hz_2,MUSIC,-5,bubble 04 3000Hz .wav,2.247083,-0.333333,4.222222
3000Hz_2,MUSIC_CSDM,-5,bubble 04 3000Hz .wav,0.816969,-0.250000,1.222222
3000Hz_2,CBF,-10,bubble 04 3000Hz .wav,0.820738,-0.333333,1.250000
3000Hz_2,MVDR,-10,bubble 04 3000Hz .wav,1.890726,0.333333,0.138889
3000Hz_2,MUSIC,-10,bubble 04 3000Hz .wav,1.590141,0.527778,0.500000
3000Hz_2,MUSIC_CSDM,-10,bubble 04 3000Hz .wav,1.839426,0.472222,0.222222
3000Hz_2,CBF,-15,bubble 04 3000Hz .wav,1.753524,0.111111,0.250000
3000Hz_2,MVDR,-15,bubble 04 3000Hz .wav,0.686061,-0.250000,1.361111
3000Hz_2,MUSIC,-15,bubble 04 3000Hz .wav,2.357350,2.194444,2.861111
3000Hz_2,MUSIC_CSDM,-15,bubble 04 3000Hz .wav,0.660270,-0.250000,1.388889
3000Hz_2,CBF,-20,bubble 04 3000Hz .wav,1.493298,0.472222,0.583333
3000Hz_2,MVDR,-20,bubble 04 3000Hz .wav,2.722364,-2.194444,3.611111
3000Hz_2,MUSIC,-20,bubble 04 3000Hz .wav,2.515385,-2.500000,1.722222
3000Hz_2,MUSIC_CSDM,-20,bubble 04 3000Hz .wav,2.722364,-2.194444,3.611111
3000Hz_2,CBF,clean,bubble 05 3000Hz .wav,0.027778,0.000000,1.972222
3000Hz_2,MVDR,clean,bubble 05 3000Hz .wav,0.343592,-0.083333,1.666667
3000Hz_2,MUSIC,clean,bubble 05 3000Hz .wav,3.314996,-0.250000,5.305556
3000Hz_2,MUSIC_CSDM,clean,bubble 05 3000Hz .wav,4.000386,-0.055556,6.000000
3000Hz_2,CBF,20,bubble 05 3000Hz .wav,0.027778,0.000000,1.972222
3000Hz_2,MVDR,20,bubble 05 3000Hz .wav,0.343592,-0.083333,1.666667
3000Hz_2,MUSIC,20,bubble 05 3000Hz .wav,1.498199,-1.472222,1.722222
3000Hz_2,MUSIC_CSDM,20,bubble 05 3000Hz .wav,0.100154,-0.083333,1.944444
3000Hz_2,CBF,15,bubble 05 3000Hz .wav,0.027778,0.000000,1.972222
3000Hz_2,MVDR,15,bubble 05 3000Hz .wav,0.343592,-0.083333,1.666667
3000Hz_2,MUSIC,15,bubble 05 3000Hz .wav,1.443643,1.250000,1.277778
3000Hz_2,MUSIC_CSDM,15,bubble 05 3000Hz .wav,0.420354,-0.055556,1.583333
3000Hz_2,CBF,10,bubble 05 3000Hz .wav,0.027778,0.000000,1.972222
3000Hz_2,MVDR,10,bubble 05 3000Hz .wav,0.343592,-0.083333,1.666667
3000Hz_2,MUSIC,10,bubble 05 3000Hz .wav,0.539347,0.305556,1.555556
3000Hz_2,MUSIC_CSDM,10,bubble 05 3000Hz .wav,1.254929,-1.111111,1.416667
3000Hz_2,CBF,5,bubble 05 3000Hz .wav,0.027778,0.000000,1.972222
3000Hz_2,MVDR,5,bubble 05 3000Hz .wav,0.370602,-0.083333,1.638889
3000Hz_2,MUSIC,5,bubble 05 3000Hz .wav,0.774796,-0.194444,1.250000
3000Hz_2,MUSIC_CSDM,5,bubble 05 3000Hz .wav,0.325131,-0.111111,1.694444
3000Hz_2,CBF,0,bubble 05 3000Hz .wav,0.000000,0.000000,2.000000
3000Hz_2,MVDR,0,bubble 05 3000Hz .wav,0.290009,-0.083333,1.722222
3000Hz_2,MUSIC,0,bubble 05 3000Hz .wav,1.037120,-1.027778,2.138889
3000Hz_2,MUSIC_CSDM,0,bubble 05 3000Hz .wav,0.689986,0.527778,1.555556
3000Hz_2,CBF,-5,bubble 05 3000Hz .wav,1.292488,1.277778,2.194444
3000Hz_2,MVDR,-5,bubble 05 3000Hz .wav,0.114531,-0.111111,1.972222
3000Hz_2,MUSIC,-5,bubble 05 3000Hz .wav,1.915257,-0.638889,0.194444
3000Hz_2,MUSIC_CSDM,-5,bubble 05 3000Hz .wav,3.284128,2.583333,4.027778
3000Hz_2,CBF,-10,bubble 05 3000Hz .wav,1.757919,0.916667,0.500000
3000Hz_2,MVDR,-10,bubble 05 3000Hz .wav,1.977692,1.722222,1.027778
3000Hz_2,MUSIC,-10,bubble 05 3000Hz .wav,2.468474,1.916667,0.444444
3000Hz_2,MUSIC_CSDM,-10,bubble 05 3000Hz .wav,1.977692,1.722222,1.027778
3000Hz_2,CBF,-15,bubble 05 3000Hz .wav,2.644147,2.638889,1.833333
3000Hz_2,MVDR,-15,bubble 05 3000Hz .wav,2.019962,1.722222,0.944444
3000Hz_2,MUSIC,-15,bubble 05 3000Hz .wav,1.710759,-0.916667,0.555556
3000Hz_2,MUSIC_CSDM,-15,bubble 05 3000Hz .wav,2.019962,1.722222,0.944444
3000Hz_2,CBF,-20,bubble 05 3000Hz .wav,1.232908,0.472222,0.861111
3000Hz_2,MVDR,-20,bubble 05 3000Hz .wav,0.946077,-0.055556,1.055556
3000Hz_2,MUSIC,-20,bubble 05 3000Hz .wav,1.919885,0.111111,0.083333
3000Hz_2,MUSIC_CSDM,-20,bubble 05 3000Hz .wav,0.946077,-0.055556,1.055556
3000Hz_2,CBF,clean,bubble 06 3000Hz .wav,0.027778,0.000000,1.972222
3000Hz_2,MVDR,clean,bubble 06 3000Hz .wav,0.343592,-0.083333,1.666667
3000Hz_2,MUSIC,clean,bubble 06 3000Hz .wav,0.447903,0.388889,2.222222
3000Hz_2,MUSIC_CSDM,clean,bubble 06 3000Hz .wav,4.000868,-0.083333,6.000000
3000Hz_2,CBF,20,bubble 06 3000Hz .wav,0.027778,0.000000,1.972222
3000Hz_2,MVDR,20,bubble 06 3000Hz .wav,0.343592,-0.083333,1.666667
3000Hz_2,MUSIC,20,bubble 06 3000Hz .wav,1.368179,1.361111,2.138889
3000Hz_2,MUSIC_CSDM,20,bubble 06 3000Hz .wav,0.211549,-0.083333,1.805556
3000Hz_2,CBF,15,bubble 06 3000Hz .wav,0.027778,0.000000,1.972222
3000Hz_2,MVDR,15,bubble 06 3000Hz .wav,0.370602,-0.083333,1.638889
3000Hz_2,MUSIC,15,bubble 06 3000Hz .wav,1.549592,-0.388889,0.500000
3000Hz_2,MUSIC_CSDM,15,bubble 06 3000Hz .wav,0.458123,-0.111111,1.555556
3000Hz_2,CBF,10,bubble 06 3000Hz .wav,0.055556,0.000000,1.944444
3000Hz_2,MVDR,10,bubble 06 3000Hz .wav,0.343592,-0.083333,1.666667
3000Hz_2,MUSIC,10,bubble 06 3000Hz .wav,0.887586,0.833333,2.305556
3000Hz_2,MUSIC_CSDM,10,bubble 06 3000Hz .wav,1.530805,-0.305556,0.500000
3000Hz_2,CBF,5,bubble 06 3000Hz .wav,1.048220,-0.888889,1.444444
3000Hz_2,MVDR,5,bubble 06 3000Hz .wav,0.397717,-0.083333,1.611111
3000Hz_2,MUSIC,5,bubble 06 3000Hz .wav,2.110014,2.027778,1.416667
3000Hz_2,MUSIC_CSDM,5,bubble 06 3000Hz .wav,2.032339,0.361111,0.000000
3000Hz_2,CBF,0,bubble 06 3000Hz .wav,1.121135,-0.833333,1.250000
3000Hz_2,MVDR,0,bubble 06 3000Hz .wav,0.370602,-0.083333,1.638889
3000Hz_2,MUSIC,0,bubble 06 3000Hz .wav,1.881727,-1.611111,1.027778
3000Hz_2,MUSIC_CSDM,0,bubble 06 3000Hz .wav,0.424918,-0.083333,1.583333
3000Hz_2,CBF,-5,bubble 06 3000Hz .wav,0.087841,0.027778,1.916667
3000Hz_2,MVDR,-5,bubble 06 3000Hz .wav,0.970236,0.944444,1.777778
3000Hz_2,MUSIC,-5,bubble 06 3000Hz .wav,2.401453,-1.805556,3.583333
3000Hz_2,MUSIC_CSDM,-5,bubble 06 3000Hz .wav,0.970236,0.944444,1.777778
3000Hz_2,CBF,-10,bubble 06 3000Hz .wav,0.370602,-0.083333,1.638889
3000Hz_2,MVDR,-10,bubble 06 3000Hz .wav,1.867526,0.722222,3.722222
3000Hz_2,MUSIC,-10,bubble 06 3000Hz .wav,1.795485,1.027778,0.527778
3000Hz_2,MUSIC_CSDM,-10,bubble 06 3000Hz .wav,1.343710,-1.333333,1.833333
3000Hz_2,CBF,-15,bubble 06 3000Hz .wav,0.773799,-0.277778,1.277778
3000Hz_2,MVDR,-15,bubble 06 3000Hz .wav,2.075727,0.555556,0.000000
3000Hz_2,MUSIC,-15,bubble 06 3000Hz .wav,1.043794,0.444444,1.055556
3000Hz_2,MUSIC_CSDM,-15,bubble 06 3000Hz .wav,2.075727,0.555556,0.000000
3000Hz_2,CBF,-20,bubble 06 3000Hz .wav,1.808971,-1.805556,1.888889
3000Hz_2,MVDR,-20,bubble 06 3000Hz .wav,1.766675,1.416667,0.944444
3000Hz_2,MUSIC,-20,bubble 06 3000Hz .wav,0.984447,-0.944444,2.277778
3000Hz_2,MUSIC_CSDM,-20,bubble 06 3000Hz .wav,1.766675,1.416667,0.944444
3000Hz_2,CBF,clean,bubble 07 3000Hz .wav,0.027778,0.000000,1.972222
3000Hz_2,MVDR,clean,bubble 07 3000Hz .wav,0.370602,-0.083333,1.638889
3000Hz_2,MUSIC,clean,bubble 07 3000Hz .wav,0.216951,-0.138889,2.166667
3000Hz_2,MUSIC_CSDM,clean,bubble 07 3000Hz .wav,4.000386,-0.055556,6.000000
3000Hz_2,CBF,20,bubble 07 3000Hz .wav,0.027778,0.000000,1.972222
3000Hz_2,MVDR,20,bubble 07 3000Hz .wav,0.370602,-0.083333,1.638889
3000Hz_2,MUSIC,20,bubble 07 3000Hz .wav,1.095727,-0.944444,1.444444
3000Hz_2,MUSIC_CSDM,20,bubble 07 3000Hz .wav,2.571508,2.527778,2.472222
3000Hz_2,CBF,15,bubble 07 3000Hz .wav,0.027778,0.000000,1.972222
3000Hz_2,MVDR,15,bubble 07 3000Hz .wav,0.343592,-0.083333,1.666667
3000Hz_2,MUSIC,15,bubble 07 3000Hz .wav,1.515608,1.138889,1.000000
3000Hz_2,MUSIC_CSDM,15,bubble 07 3000Hz .wav,1.379132,1.305556,1.555556
3000Hz_2,CBF,10,bubble 07 3000Hz .wav,0.027778,0.000000,1.972222
3000Hz_2,MVDR,10,bubble 07 3000Hz .wav,0.370602,-0.083333,1.638889
3000Hz_2,MUSIC,10,bubble 07 3000Hz .wav,3.778186,-2.222222,5.055556
3000Hz_2,MUSIC_CSDM,10,bubble 07 3000Hz .wav,1.557786,-1.444444,1.416667
3000Hz_2,CBF,5,bubble 07 3000Hz .wav,1.031151,1.027778,1.916667
3000Hz_2,MVDR,5,bubble 07 3000Hz .wav,0.424918,-0.083333,1.583333
3000Hz_2,MUSIC,5,bubble 07 3000Hz .wav,0.708197,-0.694444,1.861111
3000Hz_2,MUSIC_CSDM,5,bubble 07 3000Hz .wav,1.151019,1.138889,2.166667
3000Hz_2,CBF,0,bubble 07 3000Hz .wav,0.111111,0.000000,2.111111
3000Hz_2,MVDR,0,bubble 07 3000Hz .wav,0.337931,-0.055556,1.666667
3000Hz_2,MUSIC,0,bubble 07 3000Hz .wav,0.510688,0.472222,1.805556
3000Hz_2,MUSIC_CSDM,0,bubble 07 3000Hz .wav,1.964186,-0.277778,0.055556
3000Hz_2,CBF,-5,bubble 07 3000Hz .wav,1.337955,0.111111,0.666667
3000Hz_2,MVDR,-5,bubble 07 3000Hz .wav,1.540603,-0.666667,3.388889
3000Hz_2,MUSIC,-5,bubble 07 3000Hz .wav,0.412946,-0.277778,1.694444
3000Hz_2,MUSIC_CSDM,-5,bubble 07 3000Hz .wav,2.309735,-2.305556,1.861111
3000Hz_2,CBF,-10,bubble 07 3000Hz .wav,2.534484,-1.833333,0.250000
3000Hz_2,MVDR,-10,bubble 07 3000Hz .wav,2.084074,0.750000,3.944444
3000Hz_2,MUSIC,-10,bubble 07 3000Hz .wav,2.225865,1.944444,0.916667
3000Hz_2,MUSIC_CSDM,-10,bubble 07 3000Hz .wav,2.074239,0.722222,3.944444
3000Hz_2,CBF,-15,bubble 07 3000Hz .wav,1.515608,-1.138889,1.000000
3000Hz_2,MVDR,-15,bubble 07 3000Hz .wav,1.073316,-0.194444,0.944444
3000Hz_2,MUSIC,-15,bubble 07 3000Hz .wav,0.216951,-0.138889,2.166667
3000Hz_2,MUSIC_CSDM,-15,bubble 07 3000Hz .wav,1.073316,-0.194444,0.944444
3000Hz_2,CBF,-20,bubble 07 3000Hz .wav,1.808758,0.333333,0.222222
3000Hz_2,MVDR,-20,bubble 07 3000Hz .wav,1.509486,0.333333,0.527778
3000Hz_2,MUSIC,-20,bubble 07 3000Hz .wav,0.624228,0.583333,2.222222
3000Hz_2,MUSIC_CSDM,-20,bubble 07 3000Hz .wav,1.509486,0.333333,0.527778
3000Hz_2,CBF,clean,bubble 08 3000Hz .wav,0.027778,0.000000,1.972222
3000Hz_2,MVDR,clean,bubble 08 3000Hz .wav,0.370602,-0.083333,1.638889
3000Hz_2,MUSIC,clean,bubble 08 3000Hz .wav,0.695000,-0.694444,1.972222
3000Hz_2,MUSIC_CSDM,clean,bubble 08 3000Hz .wav,4.000868,-0.083333,6.000000
3000Hz_2,CBF,20,bubble 08 3000Hz .wav,0.027778,0.000000,1.972222
3000Hz_2,MVDR,20,bubble 08 3000Hz .wav,0.370602,-0.083333,1.638889
3000Hz_2,MUSIC,20,bubble 08 3000Hz .wav,1.717062,-1.694444,2.277778
3000Hz_2,MUSIC_CSDM,20,bubble 08 3000Hz .wav,0.404451,-0.111111,1.611111
3000Hz_2,CBF,15,bubble 08 3000Hz .wav,0.027778,0.000000,1.972222
3000Hz_2,MVDR,15,bubble 08 3000Hz .wav,0.370602,-0.083333,1.638889
3000Hz_2,MUSIC,15,bubble 08 3000Hz .wav,1.343710,1.333333,2.166667
3000Hz_2,MUSIC_CSDM,15,bubble 08 3000Hz .wav,0.835183,-0.055556,1.166667
3000Hz_2,CBF,10,bubble 08 3000Hz .wav,0.027778,0.000000,1.972222
3000Hz_2,MVDR,10,bubble 08 3000Hz .wav,0.370602,-0.083333,1.638889
3000Hz_2,MUSIC,10,bubble 08 3000Hz .wav,3.444556,0.027778,5.444444
3000Hz_2,MUSIC_CSDM,10,bubble 08 3000Hz .wav,0.888889,0.000000,1.111111
3000Hz_2,CBF,5,bubble 08 3000Hz .wav,1.901916,-1.888889,1.777778
3000Hz_2,MVDR,5,bubble 08 3000Hz .wav,0.351364,-0.111111,1.666667
3000Hz_2,MUSIC,5,bubble 08 3000Hz .wav,1.831228,-1.694444,2.694444
3000Hz_2,MUSIC_CSDM,5,bubble 08 3000Hz .wav,0.667823,-0.472222,1.527778
3000Hz_2,CBF,0,bubble 08 3000Hz .wav,0.027778,0.000000,2.027778
3000Hz_2,MVDR,0,bubble 08 3000Hz .wav,0.216951,-0.166667,1.861111
3000Hz_2,MUSIC,0,bubble 08 3000Hz .wav,0.527778,-0.527778,2.000000
3000Hz_2,MUSIC_CSDM,0,bubble 08 3000Hz .wav,2.677351,-1.027778,4.472222
3000Hz_2,CBF,-5,bubble 08 3000Hz .wav,0.078567,-0.055556,2.055556
3000Hz_2,MVDR,-5,bubble 08 3000Hz .wav,2.538591,-2.333333,3.000000
3000Hz_2,MUSIC,-5,bubble 08 3000Hz .wav,2.089989,-1.916667,1.166667
3000Hz_2,MUSIC_CSDM,-5,bubble 08 3000Hz .wav,0.675863,-0.111111,1.333333
3000Hz_2,CBF,-10,bubble 08 3000Hz .wav,1.972809,-1.944444,1.666667
3000Hz_2,MVDR,-10,bubble 08 3000Hz .wav,1.336224,0.472222,0.750000
3000Hz_2,MUSIC,-10,bubble 08 3000Hz .wav,1.561744,-0.972222,0.777778
3000Hz_2,MUSIC_CSDM,-10,bubble 08 3000Hz .wav,1.336224,0.472222,0.750000
3000Hz_2,CBF,-15,bubble 08 3000Hz .wav,1.057746,1.027778,1.750000
3000Hz_2,MVDR,-15,bubble 08 3000Hz .wav,1.818331,-1.500000,0.972222
3000Hz_2,MUSIC,-15,bubble 08 3000Hz .wav,1.766675,1.055556,0.583333
3000Hz_2,MUSIC_CSDM,-15,bubble 08 3000Hz .wav,1.818331,-1.500000,0.972222
3000Hz_2,CBF,-20,bubble 08 3000Hz .wav,2.353419,2.027778,3.194444
3000Hz_2,MVDR,-20,bubble 08 3000Hz .wav,1.841313,1.527778,0.972222
3000Hz_2,MUSIC,-20,bubble 08 3000Hz .wav,1.295767,-0.666667,3.111111
3000Hz_2,MUSIC_CSDM,-20,bubble 08 3000Hz .wav,1.841313,1.527778,0.972222
3000Hz_2,CBF,clean,bubble 09 3000Hz .wav,0.027778,0.000000,1.972222
3000Hz_2,MVDR,clean,bubble 09 3000Hz .wav,0.397717,-0.083333,1.611111
3000Hz_2,MUSIC,clean,bubble 09 3000Hz .wav,0.572654,-0.138889,2.555556
3000Hz_2,MUSIC_CSDM,clean,bubble 09 3000Hz .wav,4.000868,-0.083333,6.000000
3000Hz_2,CBF,20,bubble 09 3000Hz .wav,1.764709,0.833333,0.444444
3000Hz_2,MVDR,20,bubble 09 3000Hz .wav,0.397717,-0.083333,1.611111
3000Hz_2,MUSIC,20,bubble 09 3000Hz .wav,4.080309,0.805556,6.000000
3000Hz_2,MUSIC_CSDM,20,bubble 09 3000Hz .wav,0.566558,-0.111111,2.555556
3000Hz_2,CBF,15,bubble 09 3000Hz .wav,0.027778,0.000000,1.972222
3000Hz_2,MVDR,15,bubble 09 3000Hz .wav,0.370602,-0.083333,1.638889
3000Hz_2,MUSIC,15,bubble 09 3000Hz .wav,3.028797,-3.000000,2.416667
3000Hz_2,MUSIC_CSDM,15,bubble 09 3000Hz .wav,1.802348,-0.750000,0.361111
3000Hz_2,CBF,10,bubble 09 3000Hz .wav,0.027778,0.000000,1.972222
3000Hz_2,MVDR,10,bubble 09 3000Hz .wav,0.397717,-0.083333,1.611111
3000Hz_2,MUSIC,10,bubble 09 3000Hz .wav,1.973982,1.250000,0.472222
3000Hz_2,MUSIC_CSDM,10,bubble 09 3000Hz .wav,1.835226,-0.083333,0.166667
3000Hz_2,CBF,5,bubble 09 3000Hz .wav,0.083333,0.000000,1.916667
3000Hz_2,MVDR,5,bubble 09 3000Hz .wav,0.325131,-0.111111,1.694444
3000Hz_2,MUSIC,5,bubble 09 3000Hz .wav,1.160034,0.333333,3.111111
3000Hz_2,MUSIC_CSDM,5,bubble 09 3000Hz .wav,1.391387,1.388889,2.083333
3000Hz_2,CBF,0,bubble 09 3000Hz .wav,0.997296,0.972222,1.777778
3000Hz_2,MVDR,0,bubble 09 3000Hz .wav,2.083333,-2.000000,2.583333
3000Hz_2,MUSIC,0,bubble 09 3000Hz .wav,2.553441,-2.361111,1.027778
3000Hz_2,MUSIC_CSDM,0,bubble 09 3000Hz .wav,1.705565,-1.027778,0.638889
3000Hz_2,CBF,-5,bubble 09 3000Hz .wav,1.868559,-1.833333,1.638889
3000Hz_2,MVDR,-5,bubble 09 3000Hz .wav,3.122252,1.250000,4.861111
3000Hz_2,MUSIC,-5,bubble 09 3000Hz .wav,2.898488,-2.833333,1.388889
3000Hz_2,MUSIC_CSDM,-5,bubble 09 3000Hz .wav,2.495211,-1.805556,0.277778
3000Hz_2,CBF,-10,bubble 09 3000Hz .wav,0.000000,0.000000,2.000000
3000Hz_2,MVDR,-10,bubble 09 3000Hz .wav,1.454293,1.277778,2.694444
3000Hz_2,MUSIC,-10,bubble 09 3000Hz .wav,2.468474,1.916667,0.444444
3000Hz_2,MUSIC_CSDM,-10,bubble 09 3000Hz .wav,1.776475,-0.805556,0.416667
3000Hz_2,CBF,-15,bubble 09 3000Hz .wav,1.694444,-0.305556,0.333333
3000Hz_2,MVDR,-15,bubble 09 3000Hz .wav,1.092200,-0.138889,0.916667
3000Hz_2,MUSIC,-15,bubble 09 3000Hz .wav,0.928376,-0.583333,1.277778
3000Hz_2,MUSIC_CSDM,-15,bubble 09 3000Hz .wav,1.092200,-0.138889,0.916667
3000Hz_2,CBF,-20,bubble 09 3000Hz .wav,1.006537,-0.472222,1.111111
3000Hz_2,MVDR,-20,bubble 09 3000Hz .wav,1.748235,0.527778,0.333333
3000Hz_2,MUSIC,-20,bubble 09 3000Hz .wav,1.245052,0.777778,1.027778
3000Hz_2,MUSIC_CSDM,-20,bubble 09 3000Hz .wav,1.748235,0.527778,0.333333
3000Hz_2,CBF,clean,bubble 10 3000Hz .wav,1.764709,0.833333,0.444444
3000Hz_2,MVDR,clean,bubble 10 3000Hz .wav,0.397717,-0.083333,1.611111
3000Hz_2,MUSIC,clean,bubble 10 3000Hz .wav,0.969042,-0.444444,1.138889
3000Hz_2,MUSIC_CSDM,clean,bubble 10 3000Hz .wav,4.000386,-0.055556,6.000000
3000Hz_2,CBF,20,bubble 10 3000Hz .wav,1.764709,0.833333,0.444444
3000Hz_2,MVDR,20,bubble 10 3000Hz .wav,0.404451,-0.111111,1.611111
3000Hz_2,MUSIC,20,bubble 10 3000Hz .wav,2.361111,2.333333,1.638889
3000Hz_2,MUSIC_CSDM,20,bubble 10 3000Hz .wav,2.435115,2.277778,1.138889
3000Hz_2,CBF,15,bubble 10 3000Hz .wav,1.764709,0.833333,0.444444
3000Hz_2,MVDR,15,bubble 10 3000Hz .wav,0.404451,-0.111111,1.611111
3000Hz_2,MUSIC,15,bubble 10 3000Hz .wav,1.639830,-0.055556,3.638889
3000Hz_2,MUSIC_CSDM,15,bubble 10 3000Hz .wav,1.889093,-1.777778,2.638889
3000Hz_2,CBF,10,bubble 10 3000Hz .wav,1.764709,0.833333,0.444444
3000Hz_2,MVDR,10,bubble 10 3000Hz .wav,0.377819,-0.111111,1.638889
3000Hz_2,MUSIC,10,bubble 10 3000Hz .wav,0.982093,0.694444,2.694444
3000Hz_2,MUSIC_CSDM,10,bubble 10 3000Hz .wav,1.398026,-0.500000,0.694444
3000Hz_2,CBF,5,bubble 10 3000Hz .wav,0.027778,0.000000,2.027778
3000Hz_2,MVDR,5,bubble 10 3000Hz .wav,0.397717,-0.083333,1.611111
3000Hz_2,MUSIC,5,bubble 10 3000Hz .wav,1.740273,1.583333,1.277778
3000Hz_2,MUSIC_CSDM,5,bubble 10 3000Hz .wav,1.024770,0.861111,1.444444
3000Hz_2,CBF,0,bubble 10 3000Hz .wav,1.764709,0.833333,0.444444
3000Hz_2,MVDR,0,bubble 10 3000Hz .wav,0.377819,-0.111111,1.638889
3000Hz_2,MUSIC,0,bubble 10 3000Hz .wav,0.865134,-0.083333,2.861111
3000Hz_2,MUSIC_CSDM,0,bubble 10 3000Hz .wav,1.525503,-0.277778,0.500000
3000Hz_2,CBF,-5,bubble 10 3000Hz .wav,1.232908,0.472222,3.138889
3000Hz_2,MVDR,-5,bubble 10 3000Hz .wav,2.895425,2.861111,2.444444
3000Hz_2,MUSIC,-5,bubble 10 3000Hz .wav,2.022253,-1.611111,0.777778
3000Hz_2,MUSIC_CSDM,-5,bubble 10 3000Hz .wav,2.927230,2.888889,2.472222
3000Hz_2,CBF,-10,bubble 10 3000Hz .wav,1.206016,0.583333,0.944444
3000Hz_2,MVDR,-10,bubble 10 3000Hz .wav,0.904379,-0.666667,1.388889
3000Hz_2,MUSIC,-10,bubble 10 3000Hz .wav,2.859897,-1.388889,4.500000
3000Hz_2,MUSIC_CSDM,-10,bubble 10 3000Hz .wav,0.904379,-0.666667,1.388889
3000Hz_2,CBF,-15,bubble 10 3000Hz .wav,1.467761,1.277778,1.277778
3000Hz_2,MVDR,-15,bubble 10 3000Hz .wav,1.678201,0.361111,0.361111
3000Hz_2,MUSIC,-15,bubble 10 3000Hz .wav,0.694444,-0.416667,2.555556
3000Hz_2,MUSIC_CSDM,-15,bubble 10 3000Hz .wav,1.296958,-0.888889,2.944444
3000Hz_2,CBF,-20,bubble 10 3000Hz .wav,1.772779,-1.444444,0.972222
3000Hz_2,MVDR,-20,bubble 10 3000Hz .wav,2.357677,-1.333333,3.944444
3000Hz_2,MUSIC,-20,bubble 10 3000Hz .wav,1.784925,-0.638889,0.333333
3000Hz_2,MUSIC_CSDM,-20,bubble 10 3000Hz .wav,2.357677,-1.333333,3.944444
3000Hz_2,CBF,clean,bubble 11 3000Hz .wav,1.764709,0.833333,0.444444
3000Hz_2,MVDR,clean,bubble 11 3000Hz .wav,0.431227,-0.111111,1.583333
3000Hz_2,MUSIC,clean,bubble 11 3000Hz .wav,2.380800,2.361111,1.694444
3000Hz_2,MUSIC_CSDM,clean,bubble 11 3000Hz .wav,4.000386,-0.055556,6.000000
3000Hz_2,CBF,20,bubble 11 3000Hz .wav,1.764709,0.833333,0.444444
3000Hz_2,MVDR,20,bubble 11 3000Hz .wav,0.404451,-0.111111,1.611111
3000Hz_2,MUSIC,20,bubble 11 3000Hz .wav,0.196419,-0.138889,2.138889
3000Hz_2,MUSIC_CSDM,20,bubble 11 3000Hz .wav,0.124226,-0.111111,1.944444
3000Hz_2,CBF,15,bubble 11 3000Hz .wav,1.764709,0.833333,0.444444
3000Hz_2,MVDR,15,bubble 11 3000Hz .wav,0.404451,-0.111111,1.611111
3000Hz_2,MUSIC,15,bubble 11 3000Hz .wav,1.669673,1.166667,0.805556
3000Hz_2,MUSIC_CSDM,15,bubble 11 3000Hz .wav,4.575836,-2.222222,6.000000
3000Hz_2,CBF,10,bubble 11 3000Hz .wav,1.764709,0.833333,0.444444
3000Hz_2,MVDR,10,bubble 11 3000Hz .wav,0.485118,-0.111111,1.527778
3000Hz_2,MUSIC,10,bubble 11 3000Hz .wav,0.762752,-0.138889,1.250000
3000Hz_2,MUSIC_CSDM,10,bubble 11 3000Hz .wav,0.609847,0.305556,1.472222
3000Hz_2,CBF,5,bubble 11 3000Hz .wav,3.052145,2.305556,0.000000
3000Hz_2,MVDR,5,bubble 11 3000Hz .wav,0.299176,-0.111111,1.722222
3000Hz_2,MUSIC,5,bubble 11 3000Hz .wav,1.878443,-1.472222,0.833333
3000Hz_2,MUSIC_CSDM,5,bubble 11 3000Hz .wav,1.055921,1.055556,2.027778
3000Hz_2,CBF,0,bubble 11 3000Hz .wav,1.753744,0.861111,0.472222
3000Hz_2,MVDR,0,bubble 11 3000Hz .wav,0.589256,-0.083333,1.416667
3000Hz_2,MUSIC,0,bubble 11 3000Hz .wav,1.001542,-0.055556,1.000000
3000Hz_2,MUSIC_CSDM,0,bubble 11 3000Hz .wav,0.844828,0.833333,2.138889
3000Hz_2,CBF,-5,bubble 11 3000Hz .wav,1.031151,1.027778,1.916667
3000Hz_2,MVDR,-5,bubble 11 3000Hz .wav,0.545747,-0.138889,1.472222
3000Hz_2,MUSIC,-5,bubble 11 3000Hz .wav,0.295282,-0.222222,2.194444
3000Hz_2,MUSIC_CSDM,-5,bubble 11 3000Hz .wav,3.218868,3.000000,0.833333
3000Hz_2,CBF,-10,bubble 11 3000Hz .wav,2.435115,-2.388889,1.527778
3000Hz_2,MVDR,-10,bubble 11 3000Hz .wav,2.588704,2.583333,1.833333
3000Hz_2,MUSIC,-10,bubble 11 3000Hz .wav,1.540102,-0.194444,0.472222
3000Hz_2,MUSIC_CSDM,-10,bubble 11 3000Hz .wav,2.537527,2.527778,1.777778
3000Hz_2,CBF,-15,bubble 11 3000Hz .wav,0.950958,-0.944444,2.111111
3000Hz_2,MVDR,-15,bubble 11 3000Hz .wav,1.587227,0.111111,0.416667
3000Hz_2,MUSIC,-15,bubble 11 3000Hz .wav,1.319956,-1.305556,2.194444
3000Hz_2,MUSIC_CSDM,-15,bubble 11 3000Hz .wav,1.559519,0.111111,0.444444
3000Hz_2,CBF,-20,bubble 11 3000Hz .wav,1.404633,-0.583333,0.722222
3000Hz_2,MVDR,-20,bubble 11 3000Hz .wav,2.005586,-1.027778,0.277778
3000Hz_2,MUSIC,-20,bubble 11 3000Hz .wav,1.411210,-0.833333,0.861111
3000Hz_2,MUSIC_CSDM,-20,bubble 11 3000Hz .wav,2.005586,-1.027778,0.277778
3000Hz_2,CBF,clean,bubble 12 3000Hz .wav,1.764709,0.833333,0.444444
3000Hz_2,MVDR,clean,bubble 12 3000Hz .wav,0.431227,-0.111111,1.583333
3000Hz_2,MUSIC,clean,bubble 12 3000Hz .wav,0.782229,-0.777778,2.083333
3000Hz_2,MUSIC_CSDM,clean,bubble 12 3000Hz .wav,3.500992,-0.083333,5.500000
3000Hz_2,CBF,20,bubble 12 3000Hz .wav,1.764709,0.833333,0.444444
3000Hz_2,MVDR,20,bubble 12 3000Hz .wav,0.431227,-0.111111,1.583333
3000Hz_2,MUSIC,20,bubble 12 3000Hz .wav,2.053490,-1.027778,0.222222
3000Hz_2,MUSIC_CSDM,20,bubble 12 3000Hz .wav,0.724356,-0.611111,2.388889
3000Hz_2,CBF,15,bubble 12 3000Hz .wav,1.751763,0.805556,0.444444
3000Hz_2,MVDR,15,bubble 12 3000Hz .wav,0.431227,-0.111111,1.583333
3000Hz_2,MUSIC,15,bubble 12 3000Hz .wav,3.243821,2.944444,0.638889
3000Hz_2,MUSIC_CSDM,15,bubble 12 3000Hz .wav,1.554811,-0.500000,0.527778
3000Hz_2,CBF,10,bubble 12 3000Hz .wav,1.753744,0.861111,0.472222
3000Hz_2,MVDR,10,bubble 12 3000Hz .wav,0.458123,-0.111111,1.555556
3000Hz_2,MUSIC,10,bubble 12 3000Hz .wav,0.459804,0.416667,1.805556
3000Hz_2,MUSIC_CSDM,10,bubble 12 3000Hz .wav,0.566558,-0.111111,1.444444
3000Hz_2,CBF,5,bubble 12 3000Hz .wav,1.743595,0.888889,0.500000
3000Hz_2,MVDR,5,bubble 12 3000Hz .wav,0.397717,-0.083333,1.611111
3000Hz_2,MUSIC,5,bubble 12 3000Hz .wav,1.333912,-1.138889,1.305556
3000Hz_2,MUSIC_CSDM,5,bubble 12 3000Hz .wav,1.740273,-1.527778,1.166667
3000Hz_2,CBF,0,bubble 12 3000Hz .wav,1.965756,1.333333,0.555556
3000Hz_2,MVDR,0,bubble 12 3000Hz .wav,0.475479,-0.055556,1.527778
3000Hz_2,MUSIC,0,bubble 12 3000Hz .wav,0.646095,-0.277778,1.416667
3000Hz_2,MUSIC_CSDM,0,bubble 12 3000Hz .wav,2.405786,-1.416667,3.944444
3000Hz_2,CBF,-5,bubble 12 3000Hz .wav,1.741159,0.972222,0.555556
3000Hz_2,MVDR,-5,bubble 12 3000Hz .wav,0.447903,-0.055556,1.555556
3000Hz_2,MUSIC,-5,bubble 12 3000Hz .wav,4.516943,2.750000,5.583333
3000Hz_2,MUSIC_CSDM,-5,bubble 12 3000Hz .wav,0.377819,0.361111,1.888889
3000Hz_2,CBF,-10,bubble 12 3000Hz .wav,1.666667,1.333333,1.000000
3000Hz_2,MVDR,-10,bubble 12 3000Hz .wav,1.905564,1.527778,0.861111
3000Hz_2,MUSIC,-10,bubble 12 3000Hz .wav,2.706018,2.305556,3.416667
3000Hz_2,MUSIC_CSDM,-10,bubble 12 3000Hz .wav,1.883366,1.500000,0.861111
3000Hz_2,CBF,-15,bubble 12 3000Hz .wav,2.117680,0.166667,4.111111
3000Hz_2,MVDR,-15,bubble 12 3000Hz .wav,4.189290,-2.805556,5.111111
3000Hz_2,MUSIC,-15,bubble 12 3000Hz .wav,2.891292,-2.861111,1.583333
3000Hz_2,MUSIC_CSDM,-15,bubble 12 3000Hz .wav,4.189290,-2.805556,5.111111
3000Hz_2,CBF,-20,bubble 12 3000Hz .wav,1.461966,-0.916667,3.138889
3000Hz_2,MVDR,-20,bubble 12 3000Hz .wav,2.250171,-1.972222,0.916667
3000Hz_2,MUSIC,-20,bubble 12 3000Hz .wav,1.801277,1.694444,1.388889
3000Hz_2,MUSIC_CSDM,-20,bubble 12 3000Hz .wav,2.225865,-1.944444,0.916667
3000Hz_2,CBF,clean,bubble 13 3000Hz .wav,1.764709,0.833333,0.444444
3000Hz_2,MVDR,clean,bubble 13 3000Hz .wav,0.458123,-0.111111,1.555556
3000Hz_2,MUSIC,clean,bubble 13 3000Hz .wav,1.347437,0.333333,0.694444
3000Hz_2,MUSIC_CSDM,clean,bubble 13 3000Hz .wav,4.000386,-0.055556,6.000000
3000Hz_2,CBF,20,bubble 13 3000Hz .wav,1.764709,0.833333,0.444444
3000Hz_2,MVDR,20,bubble 13 3000Hz .wav,0.431227,-0.111111,1.583333
3000Hz_2,MUSIC,20,bubble 13 3000Hz .wav,2.663482,-2.638889,1.638889
3000Hz_2,MUSIC_CSDM,20,bubble 13 3000Hz .wav,1.995752,-0.305556,0.027778
3000Hz_2,CBF,15,bubble 13 3000Hz .wav,1.751763,0.805556,0.444444
3000Hz_2,MVDR,15,bubble 13 3000Hz .wav,0.458123,-0.111111,1.555556
3000Hz_2,MUSIC,15,bubble 13 3000Hz .wav,1.874125,0.388889,0.166667
3000Hz_2,MUSIC_CSDM,15,bubble 13 3000Hz .wav,3.262322,0.888889,5.138889
3000Hz_2,CBF,10,bubble 13 3000Hz .wav,1.751763,0.805556,0.444444
3000Hz_2,MVDR,10,bubble 13 3000Hz .wav,0.458123,-0.111111,1.555556
3000Hz_2,MUSIC,10,bubble 13 3000Hz .wav,0.995747,0.388889,1.083333
3000Hz_2,MUSIC_CSDM,10,bubble 13 3000Hz .wav,1.801277,-0.611111,0.305556
3000Hz_2,CBF,5,bubble 13 3000Hz .wav,1.753744,0.861111,0.472222
3000Hz_2,MVDR,5,bubble 13 3000Hz .wav,0.377819,-0.111111,1.638889
3000Hz_2,MUSIC,5,bubble 13 3000Hz .wav,1.595228,-0.194444,3.583333
3000Hz_2,MUSIC_CSDM,5,bubble 13 3000Hz .wav,3.735053,1.444444,5.444444
3000Hz_2,CBF,0,bubble 13 3000Hz .wav,1.714364,0.777778,0.472222
3000Hz_2,MVDR,0,bubble 13 3000Hz .wav,0.458123,-0.111111,1.555556
3000Hz_2,MUSIC,0,bubble 13 3000Hz .wav,1.936691,0.277778,0.083333
3000Hz_2,MUSIC_CSDM,0,bubble 13 3000Hz .wav,2.740444,-2.694444,2.500000
3000Hz_2,CBF,-5,bubble 13 3000Hz .wav,0.943218,-0.916667,1.777778
3000Hz_2,MVDR,-5,bubble 13 3000Hz .wav,0.906935,-0.805556,1.583333
3000Hz_2,MUSIC,-5,bubble 13 3000Hz .wav,2.030060,0.583333,0.055556
3000Hz_2,MUSIC_CSDM,-5,bubble 13 3000Hz .wav,2.938148,-2.833333,1.222222
3000Hz_2,CBF,-10,bubble 13 3000Hz .wav,1.566677,0.944444,0.750000
3000Hz_2,MVDR,-10,bubble 13 3000Hz .wav,2.806106,1.027778,4.611111
3000Hz_2,MUSIC,-10,bubble 13 3000Hz .wav,1.712788,0.250000,0.305556
3000Hz_2,MUSIC_CSDM,-10,bubble 13 3000Hz .wav,2.857873,1.027778,4.666667
3000Hz_2,CBF,-15,bubble 13 3000Hz .wav,0.992643,0.944444,2.305556
3000Hz_2,MVDR,-15,bubble 13 3000Hz .wav,1.995752,1.138889,0.361111
3000Hz_2,MUSIC,-15,bubble 13 3000Hz .wav,1.591111,1.527778,1.555556
3000Hz_2,MUSIC_CSDM,-15,bubble 13 3000Hz .wav,2.018625,1.138889,0.333333
3000Hz_2,CBF,-20,bubble 13 3000Hz .wav,0.551373,-0.361111,1.583333
3000Hz_2,MVDR,-20,bubble 13 3000Hz .wav,1.926505,-1.305556,0.583333
3000Hz_2,MUSIC,-20,bubble 13 3000Hz .wav,1.253390,-0.277778,0.777778
3000Hz_2,MUSIC_CSDM,-20,bubble 13 3000Hz .wav,1.926505,-1.305556,0.583333
3000Hz_2,CBF,clean,bubble 14 3000Hz .wav,1.751763,0.805556,0.444444
3000Hz_2,MVDR,clean,bubble 14 3000Hz .wav,0.458123,-0.111111,1.555556
3000Hz_2,MUSIC,clean,bubble 14 3000Hz .wav,1.186667,-0.416667,0.888889
3000Hz_2,MUSIC_CSDM,clean,bubble 14 3000Hz .wav,0.668977,-0.055556,2.666667
3000Hz_2,CBF,20,bubble 14 3000Hz .wav,1.764709,0.833333,0.444444
3000Hz_2,MVDR,20,bubble 14 3000Hz .wav,0.458123,-0.111111,1.555556
3000Hz_2,MUSIC,20,bubble 14 3000Hz .wav,1.573557,1.472222,2.555556
3000Hz_2,MUSIC_CSDM,20,bubble 14 3000Hz .wav,0.835645,0.805556,1.777778
3000Hz_2,CBF,15,bubble 14 3000Hz .wav,1.751763,0.805556,0.444444
3000Hz_2,MVDR,15,bubble 14 3000Hz .wav,0.458123,-0.111111,1.555556
3000Hz_2,MUSIC,15,bubble 14 3000Hz .wav,0.809854,-0.083333,2.805556
3000Hz_2,MUSIC_CSDM,15,bubble 14 3000Hz .wav,0.524110,-0.444444,1.722222
3000Hz_2,CBF,10,bubble 14 3000Hz .wav,1.764709,0.833333,0.444444
3000Hz_2,MVDR,10,bubble 14 3000Hz .wav,0.458123,-0.111111,1.555556
3000Hz_2,MUSIC,10,bubble 14 3000Hz .wav,0.771802,0.666667,2.388889
3000Hz_2,MUSIC_CSDM,10,bubble 14 3000Hz .wav,1.557786,0.805556,3.333333
3000Hz_2,CBF,5,bubble 14 3000Hz .wav,1.739164,0.777778,0.444444
3000Hz_2,MVDR,5,bubble 14 3000Hz .wav,0.404451,-0.111111,1.611111
3000Hz_2,MUSIC,5,bubble 14 3000Hz .wav,0.599640,-0.138889,2.583333
3000Hz_2,MUSIC_CSDM,5,bubble 14 3000Hz .wav,1.827643,-0.750000,0.333333
3000Hz_2,CBF,0,bubble 14 3000Hz .wav,1.801277,0.805556,0.388889
3000Hz_2,MVDR,0,bubble 14 3000Hz .wav,0.458123,-0.111111,1.555556
3000Hz_2,MUSIC,0,bubble 14 3000Hz .wav,1.504110,0.111111,3.500000
3000Hz_2,MUSIC_CSDM,0,bubble 14 3000Hz .wav,1.613265,1.611111,2.083333
3000Hz_2,CBF,-5,bubble 14 3000Hz .wav,1.719756,0.888889,0.527778
3000Hz_2,MVDR,-5,bubble 14 3000Hz .wav,0.404451,-0.111111,1.611111
3000Hz_2,MUSIC,-5,bubble 14 3000Hz .wav,1.678201,0.805556,0.527778
3000Hz_2,MUSIC_CSDM,-5,bubble 14 3000Hz .wav,2.846917,-2.833333,1.722222
3000Hz_2,CBF,-10,bubble 14 3000Hz .wav,2.738895,2.194444,0.361111
3000Hz_2,MVDR,-10,bubble 14 3000Hz .wav,1.086534,0.083333,3.083333
3000Hz_2,MUSIC,-10,bubble 14 3000Hz .wav,1.656683,-0.944444,3.361111
3000Hz_2,MUSIC_CSDM,-10,bubble 14 3000Hz .wav,1.029278,0.055556,3.027778
3000Hz_2,CBF,-15,bubble 14 3000Hz .wav,0.471405,-0.333333,1.666667
3000Hz_2,MVDR,-15,bubble 14 3000Hz .wav,0.904805,0.277778,1.138889
3000Hz_2,MUSIC,-15,bubble 14 3000Hz .wav,1.583577,1.583333,2.027778
3000Hz_2,MUSIC_CSDM,-15,bubble 14 3000Hz .wav,0.904805,0.277778,1.138889
3000Hz_2,CBF,-20,bubble 14 3000Hz .wav,1.588928,0.944444,0.722222
3000Hz_2,MVDR,-20,bubble 14 3000Hz .wav,1.329276,0.583333,0.805556
3000Hz_2,MUSIC,-20,bubble 14 3000Hz .wav,1.568399,0.611111,0.555556
3000Hz_2,MUSIC_CSDM,-20,bubble 14 3000Hz .wav,1.329276,0.583333,0.805556
3000Hz_2,CBF,clean,bubble 15 3000Hz .wav,1.751763,0.805556,0.444444
3000Hz_2,MVDR,clean,bubble 15 3000Hz .wav,0.458123,-0.111111,1.555556
3000Hz_2,MUSIC,clean,bubble 15 3000Hz .wav,1.444712,-1.138889,1.111111
3000Hz_2,MUSIC_CSDM,clean,bubble 15 3000Hz .wav,4.000868,-0.083333,6.000000
3000Hz_2,CBF,20,bubble 15 3000Hz .wav,1.751763,0.805556,0.444444
3000Hz_2,MVDR,20,bubble 15 3000Hz .wav,0.458123,-0.111111,1.555556
3000Hz_2,MUSIC,20,bubble 15 3000Hz .wav,0.850290,-0.527778,1.333333
3000Hz_2,MUSIC_CSDM,20,bubble 15 3000Hz .wav,1.057746,0.972222,1.583333
3000Hz_2,CBF,15,bubble 15 3000Hz .wav,1.751763,0.805556,0.444444
3000Hz_2,MVDR,15,bubble 15 3000Hz .wav,0.458123,-0.111111,1.555556
3000Hz_2,MUSIC,15,bubble 15 3000Hz .wav,2.256164,-0.166667,4.250000
3000Hz_2,MUSIC_CSDM,15,bubble 15 3000Hz .wav,1.465919,1.305556,1.333333
3000Hz_2,CBF,10,bubble 15 3000Hz .wav,1.740273,0.833333,0.472222
3000Hz_2,MVDR,10,bubble 15 3000Hz .wav,0.458123,-0.111111,1.555556
3000Hz_2,MUSIC,10,bubble 15 3000Hz .wav,1.196703,1.111111,1.555556
3000Hz_2,MUSIC_CSDM,10,bubble 15 3000Hz .wav,2.735371,-2.250000,3.555556
3000Hz_2,CBF,5,bubble 15 3000Hz .wav,1.764709,0.833333,0.444444
3000Hz_2,MVDR,5,bubble 15 3000Hz .wav,0.485118,-0.111111,1.527778
3000Hz_2,MUSIC,5,bubble 15 3000Hz .wav,1.871241,0.194444,0.138889
3000Hz_2,MUSIC_CSDM,5,bubble 15 3000Hz .wav,1.557786,1.000000,0.805556
3000Hz_2,CBF,0,bubble 15 3000Hz .wav,1.308212,0.083333,0.694444
3000Hz_2,MVDR,0,bubble 15 3000Hz .wav,1.212716,1.138889,1.583333
3000Hz_2,MUSIC,0,bubble 15 3000Hz .wav,2.571508,-1.138889,4.305556
3000Hz_2,MUSIC_CSDM,0,bubble 15 3000Hz .wav,2.454525,-2.444444,2.222222
3000Hz_2,CBF,-5,bubble 15 3000Hz .wav,0.083333,0.000000,1.916667
3000Hz_2,MVDR,-5,bubble 15 3000Hz .wav,0.696663,-0.277778,1.361111
3000Hz_2,MUSIC,-5,bubble 15 3000Hz .wav,1.343710,0.166667,0.666667
3000Hz_2,MUSIC_CSDM,-5,bubble 15 3000Hz .wav,2.052174,-1.305556,0.416667
3000Hz_2,CBF,-10,bubble 15 3000Hz .wav,1.893173,-0.472222,0.166667
3000Hz_2,MVDR,-10,bubble 15 3000Hz .wav,0.545747,0.527778,1.861111
3000Hz_2,MUSIC,-10,bubble 15 3000Hz .wav,1.194767,1.138889,1.638889
3000Hz_2,MUSIC_CSDM,-10,bubble 15 3000Hz .wav,0.553468,0.527778,1.833333
3000Hz_2,CBF,-15,bubble 15 3000Hz .wav,1.961237,0.527778,0.111111
3000Hz_2,MVDR,-15,bubble 15 3000Hz .wav,0.906935,-0.694444,1.416667
3000Hz_2,MUSIC,-15,bubble 15 3000Hz .wav,3.564334,-0.250000,5.555556
3000Hz_2,MUSIC_CSDM,-15,bubble 15 3000Hz .wav,1.768203,-1.222222,0.722222
3000Hz_2,CBF,-20,bubble 15 3000Hz .wav,0.533594,-0.333333,2.416667
3000Hz_2,MVDR,-20,bubble 15 3000Hz .wav,3.374743,-2.833333,3.833333
3000Hz_2,MUSIC,-20,bubble 15 3000Hz .wav,0.694444,-0.555556,1.583333
3000Hz_2,MUSIC_CSDM,-20,bubble 15 3000Hz .wav,3.374743,-2.833333,3.833333
3000Hz_2,CBF,clean,bubble 16 3000Hz .wav,1.751763,0.805556,0.444444
3000Hz_2,MVDR,clean,bubble 16 3000Hz .wav,0.485118,-0.111111,1.527778
3000Hz_2,MUSIC,clean,bubble 16 3000Hz .wav,1.768203,1.222222,0.722222
3000Hz_2,MUSIC_CSDM,clean,bubble 16 3000Hz .wav,4.000386,-0.055556,6.000000
3000Hz_2,CBF,20,bubble 16 3000Hz .wav,1.751763,0.805556,0.444444
3000Hz_2,MVDR,20,bubble 16 3000Hz .wav,0.485118,-0.111111,1.527778
3000Hz_2,MUSIC,20,bubble 16 3000Hz .wav,1.199601,1.194444,1.888889
3000Hz_2,MUSIC_CSDM,20,bubble 16 3000Hz .wav,1.375491,1.000000,2.944444
3000Hz_2,CBF,15,bubble 16 3000Hz .wav,1.751763,0.805556,0.444444
3000Hz_2,MVDR,15,bubble 16 3000Hz .wav,0.458123,-0.111111,1.555556
3000Hz_2,MUSIC,15,bubble 16 3000Hz .wav,1.348582,1.138889,1.277778
3000Hz_2,MUSIC_CSDM,15,bubble 16 3000Hz .wav,0.904379,0.888889,2.166667
3000Hz_2,CBF,10,bubble 16 3000Hz .wav,1.751763,0.805556,0.444444
3000Hz_2,MVDR,10,bubble 16 3000Hz .wav,0.458123,-0.111111,1.555556
3000Hz_2,MUSIC,10,bubble 16 3000Hz .wav,1.515863,-1.472222,1.638889
3000Hz_2,MUSIC_CSDM,10,bubble 16 3000Hz .wav,1.513570,1.111111,0.972222
3000Hz_2,CBF,5,bubble 16 3000Hz .wav,1.666898,0.666667,0.472222
3000Hz_2,MVDR,5,bubble 16 3000Hz .wav,0.424918,-0.083333,1.583333
3000Hz_2,MUSIC,5,bubble 16 3000Hz .wav,1.757919,-0.166667,0.250000
3000Hz_2,MUSIC_CSDM,5,bubble 16 3000Hz .wav,2.256164,-0.166667,4.250000
3000Hz_2,CBF,0,bubble 16 3000Hz .wav,2.848137,2.027778,0.000000
3000Hz_2,MVDR,0,bubble 16 3000Hz .wav,0.335640,-0.138889,1.694444
3000Hz_2,MUSIC,0,bubble 16 3000Hz .wav,2.126407,-1.777778,0.833333
3000Hz_2,MUSIC_CSDM,0,bubble 16 3000Hz .wav,1.962810,0.888889,0.250000
3000Hz_2,CBF,-5,bubble 16 3000Hz .wav,1.630392,0.638889,0.500000
3000Hz_2,MVDR,-5,bubble 16 3000Hz .wav,2.837279,-0.888889,4.694444
3000Hz_2,MUSIC,-5,bubble 16 3000Hz .wav,2.836735,-2.833333,1.861111
3000Hz_2,MUSIC_CSDM,-5,bubble 16 3000Hz .wav,1.813232,0.166667,0.194444
3000Hz_2,CBF,-10,bubble 16 3000Hz .wav,0.386900,0.138889,2.361111
3000Hz_2,MVDR,-10,bubble 16 3000Hz .wav,1.666898,0.027778,0.333333
3000Hz_2,MUSIC,-10,bubble 16 3000Hz .wav,1.520691,0.250000,0.500000
3000Hz_2,MUSIC_CSDM,-10,bubble 16 3000Hz .wav,1.666898,0.027778,0.333333
3000Hz_2,CBF,-15,bubble 16 3000Hz .wav,0.545747,0.527778,1.861111
3000Hz_2,MVDR,-15,bubble 16 3000Hz .wav,1.732274,0.472222,0.333333
3000Hz_2,MUSIC,-15,bubble 16 3000Hz .wav,0.585973,0.305556,1.500000
3000Hz_2,MUSIC_CSDM,-15,bubble 16 3000Hz .wav,1.732274,0.472222,0.333333
3000Hz_2,CBF,-20,bubble 16 3000Hz .wav,1.583577,1.583333,2.027778
3000Hz_2,MVDR,-20,bubble 16 3000Hz .wav,1.677971,0.555556,0.416667
3000Hz_2,MUSIC,-20,bubble 16 3000Hz .wav,1.423459,1.416667,1.861111
3000Hz_2,MUSIC_CSDM,-20,bubble 16 3000Hz .wav,1.677971,0.555556,0.416667
3000Hz_2,CBF,clean,bubble 17 3000Hz .wav,1.751763,0.805556,0.444444
3000Hz_2,MVDR,clean,bubble 17 3000Hz .wav,0.485118,-0.111111,1.527778
3000Hz_2,MUSIC,clean,bubble 17 3000Hz .wav,4.004723,-0.194444,6.000000
3000Hz_2,MUSIC_CSDM,clean,bubble 17 3000Hz .wav,3.417683,-0.083333,5.416667
3000Hz_2,CBF,20,bubble 17 3000Hz .wav,1.751763,0.805556,0.444444
3000Hz_2,MVDR,20,bubble 17 3000Hz .wav,0.485118,-0.111111,1.527778
3000Hz_2,MUSIC,20,bubble 17 3000Hz .wav,2.573608,2.500000,1.388889
3000Hz_2,MUSIC_CSDM,20,bubble 17 3000Hz .wav,3.691206,1.750000,5.250000
3000Hz_2,CBF,15,bubble 17 3000Hz .wav,1.689885,0.722222,0.472222
3000Hz_2,MVDR,15,bubble 17 3000Hz .wav,0.485118,-0.111111,1.527778
3000Hz_2,MUSIC,15,bubble 17 3000Hz .wav,0.355729,-0.277778,1.777778
3000Hz_2,MUSIC_CSDM,15,bubble 17 3000Hz .wav,0.339071,-0.277778,1.805556
3000Hz_2,CBF,10,bubble 17 3000Hz .wav,1.751763,0.805556,0.444444
3000Hz_2,MVDR,10,bubble 17 3000Hz .wav,0.512197,-0.111111,1.500000
3000Hz_2,MUSIC,10,bubble 17 3000Hz .wav,0.447903,-0.222222,2.388889
3000Hz_2,MUSIC_CSDM,10,bubble 17 3000Hz .wav,1.705565,-0.861111,0.527778
3000Hz_2,CBF,5,bubble 17 3000Hz .wav,1.678201,0.694444,0.472222
3000Hz_2,MVDR,5,bubble 17 3000Hz .wav,0.485118,-0.111111,1.527778
3000Hz_2,MUSIC,5,bubble 17 3000Hz .wav,1.227891,0.972222,1.250000
3000Hz_2,MUSIC_CSDM,5,bubble 17 3000Hz .wav,2.236930,-2.027778,1.055556
3000Hz_2,CBF,0,bubble 17 3000Hz .wav,1.739164,0.777778,0.444444
3000Hz_2,MVDR,0,bubble 17 3000Hz .wav,0.439205,-0.138889,1.583333
3000Hz_2,MUSIC,0,bubble 17 3000Hz .wav,1.529797,0.750000,0.666667
3000Hz_2,MUSIC_CSDM,0,bubble 17 3000Hz .wav,1.179166,0.805556,1.138889
3000Hz_2,CBF,-5,bubble 17 3000Hz .wav,1.753744,0.861111,0.472222
3000Hz_2,MVDR,-5,bubble 17 3000Hz .wav,2.091281,-2.000000,2.611111
3000Hz_2,MUSIC,-5,bubble 17 3000Hz .wav,2.549661,2.222222,3.250000
3000Hz_2,MUSIC_CSDM,-5,bubble 17 3000Hz .wav,1.784925,1.666667,1.361111
3000Hz_2,CBF,-10,bubble 17 3000Hz .wav,1.055921,0.472222,1.055556
3000Hz_2,MVDR,-10,bubble 17 3000Hz .wav,2.496912,2.111111,3.333333
3000Hz_2,MUSIC,-10,bubble 17 3000Hz .wav,1.142947,1.027778,1.500000
3000Hz_2,MUSIC_CSDM,-10,bubble 17 3000Hz .wav,1.862976,0.638889,0.250000
3000Hz_2,CBF,-15,bubble 17 3000Hz .wav,1.863390,0.833333,0.333333
3000Hz_2,MVDR,-15,bubble 17 3000Hz .wav,1.724908,-1.666667,1.555556
3000Hz_2,MUSIC,-15,bubble 17 3000Hz .wav,0.274986,0.194444,2.194444
3000Hz_2,MUSIC_CSDM,-15,bubble 17 3000Hz .wav,0.473039,-0.305556,1.638889
3000Hz_2,CBF,-20,bubble 17 3000Hz .wav,1.150013,0.916667,2.694444
3000Hz_2,MVDR,-20,bubble 17 3000Hz .wav,1.346291,-0.500000,0.750000
3000Hz_2,MUSIC,-20,bubble 17 3000Hz .wav,1.732274,0.472222,0.333333
3000Hz_2,MUSIC_CSDM,-20,bubble 17 3000Hz .wav,1.346291,-0.500000,0.750000
3000Hz_2,CBF,clean,bubble 18 3000Hz .wav,1.689885,0.722222,0.472222
3000Hz_2,MVDR,clean,bubble 18 3000Hz .wav,0.485118,-0.111111,1.527778
3000Hz_2,MUSIC,clean,bubble 18 3000Hz .wav,1.195736,1.027778,1.388889
3000Hz_2,MUSIC_CSDM,clean,bubble 18 3000Hz .wav,4.000386,-0.055556,6.000000
3000Hz_2,CBF,20,bubble 18 3000Hz .wav,1.689885,0.722222,0.472222
3000Hz_2,MVDR,20,bubble 18 3000Hz .wav,0.485118,-0.111111,1.527778
3000Hz_2,MUSIC,20,bubble 18 3000Hz .wav,1.492005,0.722222,0.694444
3000Hz_2,MUSIC_CSDM,20,bubble 18 3000Hz .wav,1.777127,-1.611111,1.250000
3000Hz_2,CBF,15,bubble 18 3000Hz .wav,1.751763,0.805556,0.444444
3000Hz_2,MVDR,15,bubble 18 3000Hz .wav,0.492223,-0.138889,1.527778
3000Hz_2,MUSIC,15,bubble 18 3000Hz .wav,2.817083,-2.750000,1.388889
3000Hz_2,MUSIC_CSDM,15,bubble 18 3000Hz .wav,2.249829,1.222222,0.111111
3000Hz_2,CBF,10,bubble 18 3000Hz .wav,1.678201,0.694444,0.472222
3000Hz_2,MVDR,10,bubble 18 3000Hz .wav,0.492223,-0.138889,1.527778
3000Hz_2,MUSIC,10,bubble 18 3000Hz .wav,2.029489,1.027778,0.250000
3000Hz_2,MUSIC_CSDM,10,bubble 18 3000Hz .wav,1.362244,0.861111,0.944444
3000Hz_2,CBF,5,bubble 18 3000Hz .wav,1.703528,0.694444,0.444444
3000Hz_2,MVDR,5,bubble 18 3000Hz .wav,0.518932,-0.138889,1.500000
3000Hz_2,MUSIC,5,bubble 18 3000Hz .wav,1.644529,1.000000,0.694444
3000Hz_2,MUSIC_CSDM,5,bubble 18 3000Hz .wav,2.373334,-2.222222,2.833333
3000Hz_2,CBF,0,bubble 18 3000Hz .wav,1.689885,0.722222,0.472222
3000Hz_2,MVDR,0,bubble 18 3000Hz .wav,1.743595,0.888889,3.500000
3000Hz_2,MUSIC,0,bubble 18 3000Hz .wav,1.561744,-0.138889,0.444444
3000Hz_2,MUSIC_CSDM,0,bubble 18 3000Hz .wav,1.723118,-0.611111,0.388889
3000Hz_2,CBF,-5,bubble 18 3000Hz .wav,1.740273,0.722222,0.416667
3000Hz_2,MVDR,-5,bubble 18 3000Hz .wav,1.454028,0.166667,0.555556
3000Hz_2,MUSIC,-5,bubble 18 3000Hz .wav,2.567755,1.333333,4.194444
3000Hz_2,MUSIC_CSDM,-5,bubble 18 3000Hz .wav,1.483708,-0.916667,0.833333
3000Hz_2,CBF,-10,bubble 18 3000Hz .wav,3.282953,3.000000,3.333333
3000Hz_2,MVDR,-10,bubble 18 3000Hz .wav,1.729599,-1.500000,1.138889
3000Hz_2,MUSIC,-10,bubble 18 3000Hz .wav,1.181780,0.472222,0.916667
3000Hz_2,MUSIC_CSDM,-10,bubble 18 3000Hz .wav,1.139228,-0.027778,0.861111
3000Hz_2,CBF,-15,bubble 18 3000Hz .wav,1.250000,0.000000,0.750000
3000Hz_2,MVDR,-15,bubble 18 3000Hz .wav,2.970275,1.250000,4.694444
3000Hz_2,MUSIC,-15,bubble 18 3000Hz .wav,1.442306,-1.388889,2.388889
3000Hz_2,MUSIC_CSDM,-15,bubble 18 3000Hz .wav,3.516386,2.444444,4.527778
3000Hz_2,CBF,-20,bubble 18 3000Hz .wav,2.089251,-1.694444,3.222222
3000Hz_2,MVDR,-20,bubble 18 3000Hz .wav,1.392218,-0.666667,0.777778
3000Hz_2,MUSIC,-20,bubble 18 3000Hz .wav,2.000771,0.055556,0.000000
3000Hz_2,MUSIC_CSDM,-20,bubble 18 3000Hz .wav,1.392218,-0.666667,0.777778
3000Hz_2,CBF,clean,bubble 19 3000Hz .wav,1.678201,0.694444,0.472222
3000Hz_2,MVDR,clean,bubble 19 3000Hz .wav,0.518932,-0.138889,1.500000
3000Hz_2,MUSIC,clean,bubble 19 3000Hz .wav,2.230021,1.416667,0.277778
3000Hz_2,MUSIC_CSDM,clean,bubble 19 3000Hz .wav,4.000868,-0.083333,6.000000
3000Hz_2,CBF,20,bubble 19 3000Hz .wav,1.678201,0.694444,0.472222
3000Hz_2,MVDR,20,bubble 19 3000Hz .wav,0.492223,-0.138889,1.527778
3000Hz_2,MUSIC,20,bubble 19 3000Hz .wav,1.906171,-1.305556,0.611111
3000Hz_2,MUSIC_CSDM,20,bubble 19 3000Hz .wav,1.055556,1.055556,2.000000
3000Hz_2,CBF,15,bubble 19 3000Hz .wav,1.652953,0.694444,0.500000
3000Hz_2,MVDR,15,bubble 19 3000Hz .wav,0.458123,-0.111111,1.555556
3000Hz_2,MUSIC,15,bubble 19 3000Hz .wav,1.188941,0.944444,1.277778
3000Hz_2,MUSIC_CSDM,15,bubble 19 3000Hz .wav,2.619520,-2.166667,0.527778
3000Hz_2,CBF,10,bubble 19 3000Hz .wav,1.678201,0.694444,0.472222
3000Hz_2,MVDR,10,bubble 19 3000Hz .wav,0.518932,-0.138889,1.500000
3000Hz_2,MUSIC,10,bubble 19 3000Hz .wav,0.668977,0.055556,1.333333
3000Hz_2,MUSIC_CSDM,10,bubble 19 3000Hz .wav,1.456414,-0.833333,0.805556
3000Hz_2,CBF,5,bubble 19 3000Hz .wav,0.039284,-0.027778,2.027778
3000Hz_2,MVDR,5,bubble 19 3000Hz .wav,0.439205,-0.138889,1.583333
3000Hz_2,MUSIC,5,bubble 19 3000Hz .wav,1.711436,1.388889,1.000000
3000Hz_2,MUSIC_CSDM,5,bubble 19 3000Hz .wav,1.674979,1.666667,1.833333
3000Hz_2,CBF,0,bubble 19 3000Hz .wav,1.655984,0.638889,0.472222
3000Hz_2,MVDR,0,bubble 19 3000Hz .wav,0.599640,-0.138889,1.416667
3000Hz_2,MUSIC,0,bubble 19 3000Hz .wav,1.671290,-0.611111,0.444444
3000Hz_2,MUSIC_CSDM,0,bubble 19 3000Hz .wav,1.512550,-0.194444,0.500000
3000Hz_2,CBF,-5,bubble 19 3000Hz .wav,1.764272,0.972222,0.527778
3000Hz_2,MVDR,-5,bubble 19 3000Hz .wav,0.839790,-0.694444,1.527778
3000Hz_2,MUSIC,-5,bubble 19 3000Hz .wav,1.223484,-0.944444,1.222222
3000Hz_2,MUSIC_CSDM,-5,bubble 19 3000Hz .wav,0.839790,-0.694444,1.527778
3000Hz_2,CBF,-10,bubble 19 3000Hz .wav,1.478759,0.138889,0.527778
3000Hz_2,MVDR,-10,bubble 19 3000Hz .wav,2.713137,1.833333,0.000000
3000Hz_2,MUSIC,-10,bubble 19 3000Hz .wav,1.282600,1.277778,1.888889
3000Hz_2,MUSIC_CSDM,-10,bubble 19 3000Hz .wav,2.713137,1.833333,0.000000
3000Hz_2,CBF,-15,bubble 19 3000Hz .wav,2.238999,1.361111,0.222222
3000Hz_2,MVDR,-15,bubble 19 3000Hz .wav,2.011733,-0.611111,0.083333
3000Hz_2,MUSIC,-15,bubble 19 3000Hz .wav,0.729134,-0.694444,1.777778
3000Hz_2,MUSIC_CSDM,-15,bubble 19 3000Hz .wav,2.011733,-0.611111,0.083333
3000Hz_2,CBF,-20,bubble 19 3000Hz .wav,1.343710,1.333333,2.166667
3000Hz_2,MVDR,-20,bubble 19 3000Hz .wav,1.592081,-0.166667,0.416667
3000Hz_2,MUSIC,-20,bubble 19 3000Hz .wav,1.294874,-1.194444,1.500000
3000Hz_2,MUSIC_CSDM,-20,bubble 19 3000Hz .wav,1.592081,-0.166667,0.416667
3000Hz_2,CBF,clean,bubble 20 3000Hz .wav,0.039284,-0.027778,2.027778
3000Hz_2,MVDR,clean,bubble 20 3000Hz .wav,0.518932,-0.138889,1.500000
3000Hz_2,MUSIC,clean,bubble 20 3000Hz .wav,0.722756,-0.722222,1.972222
3000Hz_2,MUSIC_CSDM,clean,bubble 20 3000Hz .wav,3.834239,-0.083333,5.833333
3000Hz_2,CBF,20,bubble 20 3000Hz .wav,1.678201,0.694444,0.472222
3000Hz_2,MVDR,20,bubble 20 3000Hz .wav,0.518932,-0.138889,1.500000
3000Hz_2,MUSIC,20,bubble 20 3000Hz .wav,2.003084,1.111111,0.333333
3000Hz_2,MUSIC_CSDM,20,bubble 20 3000Hz .wav,1.410389,1.194444,1.250000
3000Hz_2,CBF,15,bubble 20 3000Hz .wav,0.039284,-0.027778,2.027778
3000Hz_2,MVDR,15,bubble 20 3000Hz .wav,2.087034,0.944444,3.861111
3000Hz_2,MUSIC,15,bubble 20 3000Hz .wav,1.932503,-0.611111,0.166667
3000Hz_2,MUSIC_CSDM,15,bubble 20 3000Hz .wav,1.441503,1.305556,1.388889
3000Hz_2,CBF,10,bubble 20 3000Hz .wav,1.678201,0.694444,0.472222
3000Hz_2,MVDR,10,bubble 20 3000Hz .wav,0.572654,-0.138889,1.444444
3000Hz_2,MUSIC,10,bubble 20 3000Hz .wav,1.398026,-0.500000,0.694444
3000Hz_2,MUSIC_CSDM,10,bubble 20 3000Hz .wav,2.263676,1.972222,3.111111
3000Hz_2,CBF,5,bubble 20 3000Hz .wav,0.062113,-0.027778,2.055556
3000Hz_2,MVDR,5,bubble 20 3000Hz .wav,0.518932,-0.138889,1.500000
3000Hz_2,MUSIC,5,bubble 20 3000Hz .wav,1.186667,0.333333,0.861111
3000Hz_2,MUSIC_CSDM,5,bubble 20 3000Hz .wav,4.272002,1.500000,6.000000
3000Hz_2,CBF,0,bubble 20 3000Hz .wav,0.237333,-0.083333,1.777778
3000Hz_2,MVDR,0,bubble 20 3000Hz .wav,0.911179,-0.722222,1.444444
3000Hz_2,MUSIC,0,bubble 20 3000Hz .wav,1.975545,-0.916667,0.250000
3000Hz_2,MUSIC_CSDM,0,bubble 20 3000Hz .wav,0.925046,-0.694444,1.388889
3000Hz_2,CBF,-5,bubble 20 3000Hz .wav,1.123542,0.166667,0.888889
3000Hz_2,MVDR,-5,bubble 20 3000Hz .wav,1.083333,1.000000,1.583333
3000Hz_2,MUSIC,-5,bubble 20 3000Hz .wav,1.701942,0.750000,0.472222
3000Hz_2,MUSIC_CSDM,-5,bubble 20 3000Hz .wav,1.024770,-0.555556,1.138889
3000Hz_2,CBF,-10,bubble 20 3000Hz .wav,1.802348,0.861111,0.416667
3000Hz_2,MVDR,-10,bubble 20 3000Hz .wav,2.184577,1.638889,0.555556
3000Hz_2,MUSIC,-10,bubble 20 3000Hz .wav,1.715039,1.555556,1.277778
3000Hz_2,MUSIC_CSDM,-10,bubble 20 3000Hz .wav,2.184577,1.638889,0.555556
3000Hz_2,CBF,-15,bubble 20 3000Hz .wav,1.981784,-1.972222,1.805556
3000Hz_2,MVDR,-15,bubble 20 3000Hz .wav,0.262055,-0.222222,1.861111
3000Hz_2,MUSIC,-15,bubble 20 3000Hz .wav,1.881727,-1.861111,2.277778
3000Hz_2,MUSIC_CSDM,-15,bubble 20 3000Hz .wav,0.285990,-0.250000,1.861111
3000Hz_2,CBF,-20,bubble 20 3000Hz .wav,1.788380,-1.305556,0.777778
3000Hz_2,MVDR,-20,bubble 20 3000Hz .wav,1.472222,-0.777778,0.750000
3000Hz_2,MUSIC,-20,bubble 20 3000Hz .wav,2.479702,2.416667,1.444444
3000Hz_2,MUSIC_CSDM,-20,bubble 20 3000Hz .wav,1.472222,-0.777778,0.750000
1000Hz_1,CBF,clean,bubble 01 1000Hz .wav,1.968894,-1.888889,0.444444
1000Hz_1,MVDR,clean,bubble 01 1000Hz .wav,1.001542,-0.055556,0.000000
1000Hz_1,MUSIC,clean,bubble 01 1000Hz .wav,1.388889,0.833333,2.111111
1000Hz_1,MUSIC_CSDM,clean,bubble 01 1000Hz .wav,0.680981,-0.666667,1.138889
1000Hz_1,CBF,20,bubble 01 1000Hz .wav,1.961237,-1.888889,0.472222
1000Hz_1,MVDR,20,bubble 01 1000Hz .wav,1.001542,-0.055556,0.000000
1000Hz_1,MUSIC,20,bubble 01 1000Hz .wav,3.619755,-0.250000,4.611111
1000Hz_1,MUSIC_CSDM,20,bubble 01 1000Hz .wav,1.105891,-0.472222,0.000000
1000Hz_1,CBF,15,bubble 01 1000Hz .wav,2.032339,-1.888889,0.250000
1000Hz_1,MVDR,15,bubble 01 1000Hz .wav,1.001542,-0.055556,0.000000
1000Hz_1,MUSIC,15,bubble 01 1000Hz .wav,1.554067,0.638889,2.416667
1000Hz_1,MUSIC_CSDM,15,bubble 01 1000Hz .wav,1.631339,-1.194444,2.111111
1000Hz_1,CBF,10,bubble 01 1000Hz .wav,1.967718,-1.861111,0.361111
1000Hz_1,MVDR,10,bubble 01 1000Hz .wav,1.001542,-0.055556,0.000000
1000Hz_1,MUSIC,10,bubble 01 1000Hz .wav,2.050670,-1.861111,1.861111
1000Hz_1,MUSIC_CSDM,10,bubble 01 1000Hz .wav,0.668977,-0.055556,0.333333
1000Hz_1,CBF,5,bubble 01 1000Hz .wav,1.850300,-1.833333,0.750000
1000Hz_1,MVDR,5,bubble 01 1000Hz .wav,1.000386,-0.027778,0.000000
1000Hz_1,MUSIC,5,bubble 01 1000Hz .wav,1.282600,1.277778,1.111111
1000Hz_1,MUSIC_CSDM,5,bubble 01 1000Hz .wav,0.770301,0.333333,0.305556
1000Hz_1,CBF,0,bubble 01 1000Hz .wav,2.027968,-2.027778,0.972222
1000Hz_1,MVDR,0,bubble 01 1000Hz .wav,0.833333,0.000000,0.166667
1000Hz_1,MUSIC,0,bubble 01 1000Hz .wav,2.588704,-0.166667,3.583333
1000Hz_1,MUSIC_CSDM,0,bubble 01 1000Hz .wav,1.425355,-1.194444,0.222222
1000Hz_1,CBF,-5,bubble 01 1000Hz .wav,1.736500,0.222222,2.722222
1000Hz_1,MVDR,-5,bubble 01 1000Hz .wav,1.000000,0.000000,0.000000
1000Hz_1,MUSIC,-5,bubble 01 1000Hz .wav,1.734054,1.416667,0.000000
1000Hz_1,MUSIC_CSDM,-5,bubble 01 1000Hz .wav,0.392837,0.277778,1.277778
1000Hz_1,CBF,-10,bubble 01 1000Hz .wav,1.068632,0.166667,2.055556
1000Hz_1,MVDR,-10,bubble 01 1000Hz .wav,3.895728,-0.833333,4.805556
1000Hz_1,MUSIC,-10,bubble 01 1000Hz .wav,2.435907,-2.416667,1.305556
1000Hz_1,MUSIC_CSDM,-10,bubble 01 1000Hz .wav,1.567661,-1.555556,0.805556
1000Hz_1,CBF,-15,bubble 01 1000Hz .wav,3.618049,2.833333,3.250000
1000Hz_1,MVDR,-15,bubble 01 1000Hz .wav,0.720618,0.333333,0.361111
1000Hz_1,MUSIC,-15,bubble 01 1000Hz .wav,2.753505,1.416667,3.361111
1000Hz_1,MUSIC_CSDM,-15,bubble 01 1000Hz .wav,0.720618,0.333333,0.361111
1000Hz_1,CBF,-20,bubble 01 1000Hz .wav,0.675863,0.111111,0.333333
1000Hz_1,MVDR,-20,bubble 01 1000Hz .wav,3.007193,2.722222,2.277778
1000Hz_1,MUSIC,-20,bubble 01 1000Hz .wav,0.561771,0.555556,1.083333
1000Hz_1,MUSIC_CSDM,-20,bubble 01 1000Hz .wav,1.739164,1.555556,0.222222
1000Hz_1,CBF,clean,bubble 02 1000Hz .wav,1.960450,-1.833333,0.305556
1000Hz_1,MVDR,clean,bubble 02 1000Hz .wav,1.000386,-0.027778,0.000000
1000Hz_1,MUSIC,clean,bubble 02 1000Hz .wav,1.372402,1.111111,0.194444
1000Hz_1,MUSIC_CSDM,clean,bubble 02 1000Hz .wav,1.308212,1.305556,1.083333
1000Hz_1,CBF,20,bubble 02 1000Hz .wav,1.934498,-1.805556,0.305556
1000Hz_1,MVDR,20,bubble 02 1000Hz .wav,1.000386,-0.027778,0.000000
1000Hz_1,MUSIC,20,bubble 02 1000Hz .wav,1.558034,0.305556,2.527778
1000Hz_1,MUSIC_CSDM,20,bubble 02 1000Hz .wav,2.498456,2.194444,2.194444
1000Hz_1,CBF,15,bubble 02 1000Hz .wav,1.915257,-1.805556,0.361111
1000Hz_1,MVDR,15,bubble 02 1000Hz .wav,0.944853,-0.027778,0.055556
1000Hz_1,MUSIC,15,bubble 02 1000Hz .wav,1.333623,-1.083333,0.222222
1000Hz_1,MUSIC_CSDM,15,bubble 02 1000Hz .wav,1.217478,-1.000000,1.694444
1000Hz_1,CBF,10,bubble 02 1000Hz .wav,1.820875,-1.694444,0.333333
1000Hz_1,MVDR,10,bubble 02 1000Hz .wav,0.944853,-0.027778,0.055556
1000Hz_1,MUSIC,10,bubble 02 1000Hz .wav,4.184775,-0.388889,5.166667
1000Hz_1,MUSIC_CSDM,10,bubble 02 1000Hz .wav,1.961237,-1.555556,2.194444
1000Hz_1,CBF,5,bubble 02 1000Hz .wav,2.250686,2.250000,0.944444
1000Hz_1,MVDR,5,bubble 02 1000Hz .wav,1.000000,0.000000,0.000000
1000Hz_1,MUSIC,5,bubble 02 1000Hz .wav,1.001542,0.055556,0.000000
1000Hz_1,MUSIC_CSDM,5,bubble 02 1000Hz .wav,3.056313,0.416667,4.027778
1000Hz_1,CBF,0,bubble 02 1000Hz .wav,1.363660,-1.361111,0.916667
1000Hz_1,MVDR,0,bubble 02 1000Hz .wav,1.000386,-0.027778,0.000000
1000Hz_1,MUSIC,0,bubble 02 1000Hz .wav,0.562457,-0.194444,1.527778
1000Hz_1,MUSIC_CSDM,0,bubble 02 1000Hz .wav,0.735456,0.138889,0.277778
1000Hz_1,CBF,-5,bubble 02 1000Hz .wav,1.892154,-1.888889,0.888889
1000Hz_1,MVDR,-5,bubble 02 1000Hz .wav,0.806034,0.027778,0.194444
1000Hz_1,MUSIC,-5,bubble 02 1000Hz .wav,2.277439,1.972222,2.138889
1000Hz_1,MUSIC_CSDM,-5,bubble 02 1000Hz .wav,2.583333,0.000000,3.583333
1000Hz_1,CBF,-10,bubble 02 1000Hz .wav,1.019864,-0.888889,1.500000
1000Hz_1,MVDR,-10,bubble 02 1000Hz .wav,0.835183,0.055556,0.166667
1000Hz_1,MUSIC,-10,bubble 02 1000Hz .wav,0.982093,-0.972222,0.861111
1000Hz_1,MUSIC_CSDM,-10,bubble 02 1000Hz .wav,3.459198,-3.000000,2.722222
1000Hz_1,CBF,-15,bubble 02 1000Hz .wav,0.412946,-0.277778,1.305556
1000Hz_1,MVDR,-15,bubble 02 1000Hz .wav,4.349684,-2.055556,4.833333
1000Hz_1,MUSIC,-15,bubble 02 1000Hz .wav,2.491498,-2.305556,1.944444
1000Hz_1,MUSIC_CSDM,-15,bubble 02 1000Hz .wav,0.598352,-0.555556,1.222222
1000Hz_1,CBF,-20,bubble 02 1000Hz .wav,1.168319,0.361111,2.111111
1000Hz_1,MVDR,-20,bubble 02 1000Hz .wav,1.151019,0.388889,2.083333
1000Hz_1,MUSIC,-20,bubble 02 1000Hz .wav,0.835645,0.222222,1.805556
1000Hz_1,MUSIC_CSDM,-20,bubble 02 1000Hz .wav,1.177201,0.388889,2.111111
1000Hz_1,CBF,clean,bubble 03 1000Hz .wav,1.950783,-1.833333,0.333333
1000Hz_1,MVDR,clean,bubble 03 1000Hz .wav,1.001542,-0.055556,0.000000
1000Hz_1,MUSIC,clean,bubble 03 1000Hz .wav,1.701942,0.750000,2.527778
1000Hz_1,MUSIC_CSDM,clean,bubble 03 1000Hz .wav,1.051527,-0.222222,2.027778
1000Hz_1,CBF,20,bubble 03 1000Hz .wav,1.955129,-1.805556,0.250000
1000Hz_1,MVDR,20,bubble 03 1000Hz .wav,1.001542,-0.055556,0.000000
1000Hz_1,MUSIC,20,bubble 03 1000Hz .wav,2.651723,-2.444444,2.027778
1000Hz_1,MUSIC_CSDM,20,bubble 03 1000Hz .wav,0.528508,-0.027778,0.472222
1000Hz_1,CBF,15,bubble 03 1000Hz .wav,1.901307,-1.722222,0.194444
1000Hz_1,MVDR,15,bubble 03 1000Hz .wav,1.000386,-0.027778,0.000000
1000Hz_1,MUSIC,15,bubble 03 1000Hz .wav,2.299020,-2.027778,2.083333
1000Hz_1,MUSIC_CSDM,15,bubble 03 1000Hz .wav,4.157861,0.916667,5.055556
1000Hz_1,CBF,10,bubble 03 1000Hz .wav,2.015564,-1.750000,0.000000
1000Hz_1,MVDR,10,bubble 03 1000Hz .wav,0.890623,-0.055556,0.111111
1000Hz_1,MUSIC,10,bubble 03 1000Hz .wav,0.946077,-0.722222,0.388889
1000Hz_1,MUSIC_CSDM,10,bubble 03 1000Hz .wav,1.179166,0.805556,1.861111
1000Hz_1,CBF,5,bubble 03 1000Hz .wav,2.075913,-1.888889,0.138889
1000Hz_1,MVDR,5,bubble 03 1000Hz .wav,0.861559,-0.027778,0.138889
1000Hz_1,MUSIC,5,bubble 03 1000Hz .wav,2.646480,-2.388889,2.138889
1000Hz_1,MUSIC_CSDM,5,bubble 03 1000Hz .wav,1.889297,-1.416667,2.250000
1000Hz_1,CBF,0,bubble 03 1000Hz .wav,1.995752,1.972222,1.305556
1000Hz_1,MVDR,0,bubble 03 1000Hz .wav,0.699427,-0.083333,0.305556
1000Hz_1,MUSIC,0,bubble 03 1000Hz .wav,3.875473,2.583333,3.888889
1000Hz_1,MUSIC_CSDM,0,bubble 03 1000Hz .wav,0.799788,-0.277778,0.250000
1000Hz_1,CBF,-5,bubble 03 1000Hz .wav,1.281697,-1.111111,0.361111
1000Hz_1,MVDR,-5,bubble 03 1000Hz .wav,0.862901,-0.055556,0.138889
1000Hz_1,MUSIC,-5,bubble 03 1000Hz .wav,0.459804,-0.194444,0.583333
1000Hz_1,MUSIC_CSDM,-5,bubble 03 1000Hz .wav,0.890623,-0.055556,0.111111
1000Hz_1,CBF,-10,bubble 03 1000Hz .wav,2.136001,-2.000000,1.750000
1000Hz_1,MVDR,-10,bubble 03 1000Hz .wav,0.572654,-0.138889,0.444444
1000Hz_1,MUSIC,-10,bubble 03 1000Hz .wav,1.703528,0.694444,2.555556
1000Hz_1,MUSIC_CSDM,-10,bubble 03 1000Hz .wav,1.932503,0.611111,2.833333
1000Hz_1,CBF,-15,bubble 03 1000Hz .wav,0.917087,-0.027778,1.916667
1000Hz_1,MVDR,-15,bubble 03 1000Hz .wav,5.101591,-1.361111,5.916667
1000Hz_1,MUSIC,-15,bubble 03 1000Hz .wav,1.829331,-1.361111,2.222222
1000Hz_1,MUSIC_CSDM,-15,bubble 03 1000Hz .wav,0.923376,0.666667,0.361111
1000Hz_1,CBF,-20,bubble 03 1000Hz .wav,4.117113,-0.222222,5.111111
1000Hz_1,MVDR,-20,bubble 03 1000Hz .wav,0.580017,-0.166667,0.444444
1000Hz_1,MUSIC,-20,bubble 03 1000Hz .wav,1.080481,0.750000,1.777778
1000Hz_1,MUSIC_CSDM,-20,bubble 03 1000Hz .wav,0.500771,-0.166667,0.527778
1000Hz_1,CBF,clean,bubble 04 1000Hz .wav,1.872684,-1.750000,0.333333
1000Hz_1,MVDR,clean,bubble 04 1000Hz .wav,1.000386,-0.027778,0.000000
1000Hz_1,MUSIC,clean,bubble 04 1000Hz .wav,3.933278,0.361111,4.916667
1000Hz_1,MUSIC_CSDM,clean,bubble 04 1000Hz .wav,3.366731,0.638889,4.305556
1000Hz_1,CBF,20,bubble 04 1000Hz .wav,1.889706,-1.722222,0.222222
1000Hz_1,MVDR,20,bubble 04 1000Hz .wav,0.890623,-0.055556,0.111111
1000Hz_1,MUSIC,20,bubble 04 1000Hz .wav,4.200235,-2.555556,4.333333
1000Hz_1,MUSIC_CSDM,20,bubble 04 1000Hz .wav,0.471405,-0.333333,0.666667
1000Hz_1,CBF,15,bubble 04 1000Hz .wav,1.792043,-1.694444,0.416667
1000Hz_1,MVDR,15,bubble 04 1000Hz .wav,0.944853,-0.027778,0.055556
1000Hz_1,MUSIC,15,bubble 04 1000Hz .wav,0.931281,-0.888889,1.277778
1000Hz_1,MUSIC_CSDM,15,bubble 04 1000Hz .wav,0.536478,-0.194444,1.500000
1000Hz_1,CBF,10,bubble 04 1000Hz .wav,1.919885,-1.638889,0.000000
1000Hz_1,MVDR,10,bubble 04 1000Hz .wav,0.917087,-0.027778,0.083333
1000Hz_1,MUSIC,10,bubble 04 1000Hz .wav,3.140855,-0.111111,4.138889
1000Hz_1,MUSIC_CSDM,10,bubble 04 1000Hz .wav,0.335640,-0.138889,1.305556
1000Hz_1,CBF,5,bubble 04 1000Hz .wav,2.001928,-1.750000,0.027778
1000Hz_1,MVDR,5,bubble 04 1000Hz .wav,1.000386,-0.027778,0.000000
1000Hz_1,MUSIC,5,bubble 04 1000Hz .wav,1.267166,-1.138889,1.555556
1000Hz_1,MUSIC_CSDM,5,bubble 04 1000Hz .wav,0.739640,-0.416667,0.388889
1000Hz_1,CBF,0,bubble 04 1000Hz .wav,2.236068,-2.000000,0.000000
1000Hz_1,MVDR,0,bubble 04 1000Hz .wav,0.855718,-0.194444,0.166667
1000Hz_1,MUSIC,0,bubble 04 1000Hz .wav,2.027968,1.861111,1.805556
1000Hz_1,MUSIC_CSDM,0,bubble 04 1000Hz .wav,0.279163,-0.277778,0.972222
1000Hz_1,CBF,-5,bubble 04 1000Hz .wav,2.871341,2.805556,1.611111
1000Hz_1,MVDR,-5,bubble 04 1000Hz .wav,0.785674,-0.111111,0.222222
1000Hz_1,MUSIC,-5,bubble 04 1000Hz .wav,2.062488,-0.888889,2.861111
1000Hz_1,MUSIC_CSDM,-5,bubble 04 1000Hz .wav,0.764268,0.250000,0.277778
1000Hz_1,CBF,-10,bubble 04 1000Hz .wav,1.045641,0.666667,0.194444
1000Hz_1,MVDR,-10,bubble 04 1000Hz .wav,0.997296,-0.222222,0.027778
1000Hz_1,MUSIC,-10,bubble 04 1000Hz .wav,0.943627,0.638889,1.694444
1000Hz_1,MUSIC_CSDM,-10,bubble 04 1000Hz .wav,2.820915,-2.555556,2.194444
1000Hz_1,CBF,-15,bubble 04 1000Hz .wav,1.055921,-0.944444,0.527778
1000Hz_1,MVDR,-15,bubble 04 1000Hz .wav,0.750514,-0.472222,0.416667
1000Hz_1,MUSIC,-15,bubble 04 1000Hz .wav,2.881401,-0.944444,3.722222
1000Hz_1,MUSIC_CSDM,-15,bubble 04 1000Hz .wav,2.429404,1.888889,2.527778
1000Hz_1,CBF,-20,bubble 04 1000Hz .wav,1.167989,-1.055556,0.500000
1000Hz_1,MVDR,-20,bubble 04 1000Hz .wav,1.472484,-0.861111,2.194444
1000Hz_1,MUSIC,-20,bubble 04 1000Hz .wav,0.223952,0.111111,0.805556
1000Hz_1,MUSIC_CSDM,-20,bubble 04 1000Hz .wav,1.533826,-0.888889,2.250000
1000Hz_1,CBF,clean,bubble 05 1000Hz .wav,2.039729,-1.777778,0.000000
1000Hz_1,MVDR,clean,bubble 05 1000Hz .wav,1.000386,-0.027778,0.000000
1000Hz_1,MUSIC,clean,bubble 05 1000Hz .wav,0.580017,-0.166667,0.444444
1000Hz_1,MUSIC_CSDM,clean,bubble 05 1000Hz .wav,0.752055,-0.055556,0.250000
1000Hz_1,CBF,20,bubble 05 1000Hz .wav,2.039729,-1.777778,0.000000
1000Hz_1,MVDR,20,bubble 05 1000Hz .wav,1.000386,-0.027778,0.000000
1000Hz_1,MUSIC,20,bubble 05 1000Hz .wav,1.932902,-0.250000,2.916667
1000Hz_1,MUSIC_CSDM,20,bubble 05 1000Hz .wav,0.431227,-0.111111,1.416667
1000Hz_1,CBF,15,bubble 05 1000Hz .wav,2.063984,-1.805556,0.000000
1000Hz_1,MVDR,15,bubble 05 1000Hz .wav,1.001542,-0.055556,0.000000
1000Hz_1,MUSIC,15,bubble 05 1000Hz .wav,4.119829,-1.277778,4.916667
1000Hz_1,MUSIC_CSDM,15,bubble 05 1000Hz .wav,0.593821,0.583333,1.111111
1000Hz_1,CBF,10,bubble 05 1000Hz .wav,1.705565,-1.638889,0.527778
1000Hz_1,MVDR,10,bubble 05 1000Hz .wav,1.000386,-0.027778,0.000000
1000Hz_1,MUSIC,10,bubble 05 1000Hz .wav,2.503855,1.388889,3.083333
1000Hz_1,MUSIC_CSDM,10,bubble 05 1000Hz .wav,0.676433,0.222222,0.361111
1000Hz_1,CBF,5,bubble 05 1000Hz .wav,1.991494,-1.722222,0.000000
1000Hz_1,MVDR,5,bubble 05 1000Hz .wav,1.001542,-0.055556,0.000000
1000Hz_1,MUSIC,5,bubble 05 1000Hz .wav,2.367638,0.888889,3.194444
1000Hz_1,MUSIC_CSDM,5,bubble 05 1000Hz .wav,0.671855,-0.083333,0.333333
1000Hz_1,CBF,0,bubble 05 1000Hz .wav,1.506416,-1.388889,0.416667
1000Hz_1,MVDR,0,bubble 05 1000Hz .wav,0.892787,-0.083333,0.111111
1000Hz_1,MUSIC,0,bubble 05 1000Hz .wav,2.012308,2.000000,1.222222
1000Hz_1,MUSIC_CSDM,0,bubble 05 1000Hz .wav,4.244459,1.055556,5.111111
1000Hz_1,CBF,-5,bubble 05 1000Hz .wav,0.995747,-0.916667,1.388889
1000Hz_1,MVDR,-5,bubble 05 1000Hz .wav,0.611111,0.000000,0.388889
1000Hz_1,MUSIC,-5,bubble 05 1000Hz .wav,0.969042,0.444444,0.138889
1000Hz_1,MUSIC_CSDM,-5,bubble 05 1000Hz .wav,1.466709,-1.166667,0.111111
1000Hz_1,CBF,-10,bubble 05 1000Hz .wav,3.027778,0.000000,4.027778
1000Hz_1,MVDR,-10,bubble 05 1000Hz .wav,2.250686,-2.055556,1.916667
1000Hz_1,MUSIC,-10,bubble 05 1000Hz .wav,2.787345,2.416667,2.388889
1000Hz_1,MUSIC_CSDM,-10,bubble 05 1000Hz .wav,2.250686,-2.055556,1.916667
1000Hz_1,CBF,-15,bubble 05 1000Hz .wav,2.947195,2.888889,1.583333
1000Hz_1,MVDR,-15,bubble 05 1000Hz .wav,1.001542,0.944444,1.333333
1000Hz_1,MUSIC,-15,bubble 05 1000Hz .wav,2.756866,-1.805556,3.083333
1000Hz_1,MUSIC_CSDM,-15,bubble 05 1000Hz .wav,1.808758,1.333333,2.222222
1000Hz_1,CBF,-20,bubble 05 1000Hz .wav,3.392075,-1.777778,3.888889
1000Hz_1,MVDR,-20,bubble 05 1000Hz .wav,2.444444,-2.444444,1.000000
1000Hz_1,MUSIC,-20,bubble 05 1000Hz .wav,3.063248,-1.555556,3.638889
1000Hz_1,MUSIC_CSDM,-20,bubble 05 1000Hz .wav,2.472222,-2.472222,1.000000
1000Hz_1,CBF,clean,bubble 06 1000Hz .wav,1.963400,-1.777778,0.166667
1000Hz_1,MVDR,clean,bubble 06 1000Hz .wav,1.001542,-0.055556,0.000000
1000Hz_1,MUSIC,clean,bubble 06 1000Hz .wav,3.092454,-2.916667,2.027778
1000Hz_1,MUSIC_CSDM,clean,bubble 06 1000Hz .wav,0.512197,0.333333,0.611111
1000Hz_1,CBF,20,bubble 06 1000Hz .wav,1.975350,-1.777778,0.138889
1000Hz_1,MVDR,20,bubble 06 1000Hz .wav,1.001542,-0.055556,0.000000
1000Hz_1,MUSIC,20,bubble 06 1000Hz .wav,0.439205,0.416667,1.138889
1000Hz_1,MUSIC_CSDM,20,bubble 06 1000Hz .wav,0.894513,-0.722222,0.472222
1000Hz_1,CBF,15,bubble 06 1000Hz .wav,2.039729,-1.777778,0.000000
1000Hz_1,MVDR,15,bubble 06 1000Hz .wav,1.001542,-0.055556,0.000000
1000Hz_1,MUSIC,15,bubble 06 1000Hz .wav,0.811282,0.500000,0.361111
1000Hz_1,MUSIC_CSDM,15,bubble 06 1000Hz .wav,4.273266,2.638889,4.361111
1000Hz_1,CBF,10,bubble 06 1000Hz .wav,1.889093,-1.805556,0.444444
1000Hz_1,MVDR,10,bubble 06 1000Hz .wav,1.000386,-0.027778,0.000000
1000Hz_1,MUSIC,10,bubble 06 1000Hz .wav,1.292488,1.138889,0.388889
1000Hz_1,MUSIC_CSDM,10,bubble 06 1000Hz .wav,1.000386,0.027778,0.000000
1000Hz_1,CBF,5,bubble 06 1000Hz .wav,1.801277,-1.694444,0.388889
1000Hz_1,MVDR,5,bubble 06 1000Hz .wav,0.862901,-0.055556,0.138889
1000Hz_1,MUSIC,5,bubble 06 1000Hz .wav,2.677351,-1.027778,3.472222
1000Hz_1,MUSIC_CSDM,5,bubble 06 1000Hz .wav,0.678142,-0.555556,1.388889
1000Hz_1,CBF,0,bubble 06 1000Hz .wav,2.502468,0.111111,3.500000
1000Hz_1,MVDR,0,bubble 06 1000Hz .wav,1.000000,0.000000,0.000000
1000Hz_1,MUSIC,0,bubble 06 1000Hz .wav,2.949288,1.472222,3.555556
1000Hz_1,MUSIC_CSDM,0,bubble 06 1000Hz .wav,2.616720,-2.083333,2.583333
1000Hz_1,CBF,-5,bubble 06 1000Hz .wav,1.282600,-0.111111,2.277778
1000Hz_1,MVDR,-5,bubble 06 1000Hz .wav,0.889323,-0.027778,0.111111
1000Hz_1,MUSIC,-5,bubble 06 1000Hz .wav,1.030776,0.250000,0.000000
1000Hz_1,MUSIC_CSDM,-5,bubble 06 1000Hz .wav,1.419116,-0.083333,2.416667
1000Hz_1,CBF,-10,bubble 06 1000Hz .wav,1.563965,-1.305556,0.138889
1000Hz_1,MVDR,-10,bubble 06 1000Hz .wav,0.611742,-0.027778,0.388889
1000Hz_1,MUSIC,-10,bubble 06 1000Hz .wav,1.306737,0.055556,2.305556
1000Hz_1,MUSIC_CSDM,-10,bubble 06 1000Hz .wav,0.524110,-0.277778,0.555556
1000Hz_1,CBF,-15,bubble 06 1000Hz .wav,0.335640,0.138889,0.694444
1000Hz_1,MVDR,-15,bubble 06 1000Hz .wav,1.777127,-1.611111,0.250000
1000Hz_1,MUSIC,-15,bubble 06 1000Hz .wav,1.133456,1.083333,1.333333
1000Hz_1,MUSIC_CSDM,-15,bubble 06 1000Hz .wav,1.789027,-1.611111,0.222222
1000Hz_1,CBF,-20,bubble 06 1000Hz .wav,3.638041,2.694444,3.444444
1000Hz_1,MVDR,-20,bubble 06 1000Hz .wav,2.754346,-2.055556,2.833333
1000Hz_1,MUSIC,-20,bubble 06 1000Hz .wav,1.429949,0.194444,2.416667
1000Hz_1,MUSIC_CSDM,-20,bubble 06 1000Hz .wav,2.754346,-2.055556,2.833333
1000Hz_1,CBF,clean,bubble 07 1000Hz .wav,1.991494,-1.722222,0.000000
1000Hz_1,MVDR,clean,bubble 07 1000Hz .wav,1.000386,-0.027778,0.000000
1000Hz_1,MUSIC,clean,bubble 07 1000Hz .wav,4.037823,-1.861111,4.583333
1000Hz_1,MUSIC_CSDM,clean,bubble 07 1000Hz .wav,0.599640,-0.138889,0.416667
1000Hz_1,CBF,20,bubble 07 1000Hz .wav,1.991494,-1.722222,0.000000
1000Hz_1,MVDR,20,bubble 07 1000Hz .wav,1.000386,-0.027778,0.000000
1000Hz_1,MUSIC,20,bubble 07 1000Hz .wav,0.500771,-0.277778,1.416667
1000Hz_1,MUSIC_CSDM,20,bubble 07 1000Hz .wav,0.882792,-0.194444,0.138889
1000Hz_1,CBF,15,bubble 07 1000Hz .wav,1.913242,-1.722222,0.166667
1000Hz_1,MVDR,15,bubble 07 1000Hz .wav,1.000386,-0.027778,0.000000
1000Hz_1,MUSIC,15,bubble 07 1000Hz .wav,0.624228,-0.222222,0.416667
1000Hz_1,MUSIC_CSDM,15,bubble 07 1000Hz .wav,2.226558,2.222222,1.138889
1000Hz_1,CBF,10,bubble 07 1000Hz .wav,1.968894,-1.888889,0.444444
1000Hz_1,MVDR,10,bubble 07 1000Hz .wav,1.000386,-0.027778,0.000000
1000Hz_1,MUSIC,10,bubble 07 1000Hz .wav,0.801234,-0.444444,0.333333
1000Hz_1,MUSIC_CSDM,10,bubble 07 1000Hz .wav,1.712788,-0.250000,2.694444
1000Hz_1,CBF,5,bubble 07 1000Hz .wav,2.112755,-1.861111,0.000000
1000Hz_1,MVDR,5,bubble 07 1000Hz .wav,0.918349,-0.055556,0.083333
1000Hz_1,MUSIC,5,bubble 07 1000Hz .wav,4.321922,1.333333,5.111111
1000Hz_1,MUSIC_CSDM,5,bubble 07 1000Hz .wav,0.647884,0.333333,0.444444
1000Hz_1,CBF,0,bubble 07 1000Hz .wav,1.398026,1.305556,0.500000
1000Hz_1,MVDR,0,bubble 07 1000Hz .wav,1.001542,-0.055556,0.000000
1000Hz_1,MUSIC,0,bubble 07 1000Hz .wav,1.206016,-0.944444,0.250000
1000Hz_1,MUSIC_CSDM,0,bubble 07 1000Hz .wav,1.213352,1.166667,0.666667
1000Hz_1,CBF,-5,bubble 07 1000Hz .wav,1.572576,-1.500000,0.527778
1000Hz_1,MVDR,-5,bubble 07 1000Hz .wav,0.762752,-0.138889,0.250000
1000Hz_1,MUSIC,-5,bubble 07 1000Hz .wav,4.648858,-2.222222,5.083333
1000Hz_1,MUSIC_CSDM,-5,bubble 07 1000Hz .wav,2.867980,-2.444444,2.500000
1000Hz_1,CBF,-10,bubble 07 1000Hz .wav,0.955814,-0.555556,1.777778
1000Hz_1,MVDR,-10,bubble 07 1000Hz .wav,1.071877,-0.555556,0.083333
1000Hz_1,MUSIC,-10,bubble 07 1000Hz .wav,0.524110,-0.277778,1.444444
1000Hz_1,MUSIC_CSDM,-10,bubble 07 1000Hz .wav,0.365360,-0.055556,1.361111
1000Hz_1,CBF,-15,bubble 07 1000Hz .wav,0.455589,0.361111,1.277778
1000Hz_1,MVDR,-15,bubble 07 1000Hz .wav,0.572654,-0.527778,0.777778
1000Hz_1,MUSIC,-15,bubble 07 1000Hz .wav,1.177201,-1.111111,1.388889
1000Hz_1,MUSIC_CSDM,-15,bubble 07 1000Hz .wav,0.606676,0.166667,0.416667
1000Hz_1,CBF,-20,bubble 07 1000Hz .wav,0.633431,-0.611111,0.833333
1000Hz_1,MVDR,-20,bubble 07 1000Hz .wav,0.647884,-0.555556,1.333333
1000Hz_1,MUSIC,-20,bubble 07 1000Hz .wav,2.249829,1.888889,2.222222
1000Hz_1,MUSIC_CSDM,-20,bubble 07 1000Hz .wav,0.647884,-0.555556,1.333333
1000Hz_1,CBF,clean,bubble 08 1000Hz .wav,1.967522,-1.694444,0.000000
1000Hz_1,MVDR,clean,bubble 08 1000Hz .wav,0.918349,-0.055556,0.083333
1000Hz_1,MUSIC,clean,bubble 08 1000Hz .wav,1.533826,0.888889,2.250000
1000Hz_1,MUSIC_CSDM,clean,bubble 08 1000Hz .wav,2.598225,0.277778,3.583333
1000Hz_1,CBF,20,bubble 08 1000Hz .wav,1.967522,-1.694444,0.000000
1000Hz_1,MVDR,20,bubble 08 1000Hz .wav,1.000386,-0.027778,0.000000
1000Hz_1,MUSIC,20,bubble 08 1000Hz .wav,2.750140,-1.972222,2.916667
1000Hz_1,MUSIC_CSDM,20,bubble 08 1000Hz .wav,2.435907,-1.694444,2.750000
1000Hz_1,CBF,15,bubble 08 1000Hz .wav,1.991494,-1.722222,0.000000
1000Hz_1,MVDR,15,bubble 08 1000Hz .wav,0.918349,-0.055556,0.083333
1000Hz_1,MUSIC,15,bubble 08 1000Hz .wav,1.455354,-1.333333,1.583333
1000Hz_1,MUSIC_CSDM,15,bubble 08 1000Hz .wav,0.982093,0.861111,0.527778
1000Hz_1,CBF,10,bubble 08 1000Hz .wav,1.839216,-1.666667,0.222222
1000Hz_1,MVDR,10,bubble 08 1000Hz .wav,0.890623,-0.055556,0.111111
1000Hz_1,MUSIC,10,bubble 08 1000Hz .wav,1.431836,-1.361111,1.444444
1000Hz_1,MUSIC_CSDM,10,bubble 08 1000Hz .wav,0.724356,0.388889,0.388889
1000Hz_1,CBF,5,bubble 08 1000Hz .wav,2.002506,-1.833333,0.194444
1000Hz_1,MVDR,5,bubble 08 1000Hz .wav,1.000386,-0.027778,0.000000
1000Hz_1,MUSIC,5,bubble 08 1000Hz .wav,1.265033,-1.250000,1.194444
1000Hz_1,MUSIC_CSDM,5,bubble 08 1000Hz .wav,3.011296,2.611111,2.500000
1000Hz_1,CBF,0,bubble 08 1000Hz .wav,1.915056,-1.750000,0.222222
1000Hz_1,MVDR,0,bubble 08 1000Hz .wav,0.917087,-0.027778,0.083333
1000Hz_1,MUSIC,0,bubble 08 1000Hz .wav,1.206016,-1.166667,0.694444
1000Hz_1,MUSIC_CSDM,0,bubble 08 1000Hz .wav,0.809854,-0.805556,1.083333
1000Hz_1,CBF,-5,bubble 08 1000Hz .wav,1.834175,-1.833333,1.055556
1000Hz_1,MVDR,-5,bubble 08 1000Hz .wav,0.828691,-0.194444,0.194444
1000Hz_1,MUSIC,-5,bubble 08 1000Hz .wav,1.785573,0.166667,2.777778
1000Hz_1,MUSIC_CSDM,-5,bubble 08 1000Hz .wav,0.202225,0.055556,0.805556
1000Hz_1,CBF,-10,bubble 08 1000Hz .wav,2.450120,2.444444,0.833333
1000Hz_1,MVDR,-10,bubble 08 1000Hz .wav,2.169158,2.138889,0.638889
1000Hz_1,MUSIC,-10,bubble 08 1000Hz .wav,2.392923,2.388889,0.861111
1000Hz_1,MUSIC_CSDM,-10,bubble 08 1000Hz .wav,1.317616,1.083333,1.750000
1000Hz_1,CBF,-15,bubble 08 1000Hz .wav,3.031725,0.722222,3.944444
1000Hz_1,MVDR,-15,bubble 08 1000Hz .wav,0.828691,0.194444,0.194444
1000Hz_1,MUSIC,-15,bubble 08 1000Hz .wav,1.336224,-0.972222,1.916667
1000Hz_1,MUSIC_CSDM,-15,bubble 08 1000Hz .wav,1.368179,-1.361111,0.861111
1000Hz_1,CBF,-20,bubble 08 1000Hz .wav,2.594659,2.500000,0.305556
1000Hz_1,MVDR,-20,bubble 08 1000Hz .wav,0.687745,-0.472222,1.500000
1000Hz_1,MUSIC,-20,bubble 08 1000Hz .wav,1.583577,0.583333,2.472222
1000Hz_1,MUSIC_CSDM,-20,bubble 08 1000Hz .wav,4.000193,-0.472222,4.972222
1000Hz_1,CBF,clean,bubble 09 1000Hz .wav,1.943651,-1.666667,0.000000
1000Hz_1,MVDR,clean,bubble 09 1000Hz .wav,0.973808,-0.055556,0.027778
1000Hz_1,MUSIC,clean,bubble 09 1000Hz .wav,1.184389,-0.916667,0.250000
1000Hz_1,MUSIC_CSDM,clean,bubble 09 1000Hz .wav,2.546633,-1.138889,3.277778
1000Hz_1,CBF,20,bubble 09 1000Hz .wav,1.943651,-1.666667,0.000000
1000Hz_1,MVDR,20,bubble 09 1000Hz .wav,1.001542,-0.055556,0.000000
1000Hz_1,MUSIC,20,bubble 09 1000Hz .wav,0.621130,-0.277778,1.555556
1000Hz_1,MUSIC_CSDM,20,bubble 09 1000Hz .wav,0.262055,0.222222,0.861111
1000Hz_1,CBF,15,bubble 09 1000Hz .wav,1.919885,-1.638889,0.000000
1000Hz_1,MVDR,15,bubble 09 1000Hz .wav,1.001542,-0.055556,0.000000
1000Hz_1,MUSIC,15,bubble 09 1000Hz .wav,3.604695,-1.722222,4.166667
1000Hz_1,MUSIC_CSDM,15,bubble 09 1000Hz .wav,0.445312,0.444444,0.972222
1000Hz_1,CBF,10,bubble 09 1000Hz .wav,1.896228,-1.611111,0.000000
1000Hz_1,MVDR,10,bubble 09 1000Hz .wav,0.973808,-0.055556,0.027778
1000Hz_1,MUSIC,10,bubble 09 1000Hz .wav,2.987887,-0.305556,3.972222
1000Hz_1,MUSIC_CSDM,10,bubble 09 1000Hz .wav,2.090912,1.972222,1.694444
1000Hz_1,CBF,5,bubble 09 1000Hz .wav,2.039729,-1.777778,0.000000
1000Hz_1,MVDR,5,bubble 09 1000Hz .wav,1.003466,-0.083333,0.000000
1000Hz_1,MUSIC,5,bubble 09 1000Hz .wav,1.326662,-0.444444,2.250000
1000Hz_1,MUSIC_CSDM,5,bubble 09 1000Hz .wav,2.869863,-2.583333,2.250000
1000Hz_1,CBF,0,bubble 09 1000Hz .wav,1.896228,-1.611111,0.000000
1000Hz_1,MVDR,0,bubble 09 1000Hz .wav,1.000386,-0.027778,0.000000
1000Hz_1,MUSIC,0,bubble 09 1000Hz .wav,3.731436,-1.833333,4.250000
1000Hz_1,MUSIC_CSDM,0,bubble 09 1000Hz .wav,0.699427,-0.083333,0.305556
1000Hz_1,CBF,-5,bubble 09 1000Hz .wav,0.707107,0.500000,1.500000
1000Hz_1,MVDR,-5,bubble 09 1000Hz .wav,0.774796,-0.194444,0.250000
1000Hz_1,MUSIC,-5,bubble 09 1000Hz .wav,2.472378,-1.138889,3.194444
1000Hz_1,MUSIC_CSDM,-5,bubble 09 1000Hz .wav,0.424009,-0.222222,0.638889
1000Hz_1,CBF,-10,bubble 09 1000Hz .wav,2.156851,-2.138889,0.722222
1000Hz_1,MVDR,-10,bubble 09 1000Hz .wav,0.639492,0.027778,0.361111
1000Hz_1,MUSIC,-10,bubble 09 1000Hz .wav,2.950858,2.472222,2.611111
1000Hz_1,MUSIC_CSDM,-10,bubble 09 1000Hz .wav,0.485913,-0.250000,1.416667
1000Hz_1,CBF,-15,bubble 09 1000Hz .wav,2.187401,1.666667,2.416667
1000Hz_1,MVDR,-15,bubble 09 1000Hz .wav,1.689656,-1.166667,2.222222
1000Hz_1,MUSIC,-15,bubble 09 1000Hz .wav,0.339071,-0.194444,0.722222
1000Hz_1,MUSIC_CSDM,-15,bubble 09 1000Hz .wav,2.313740,-2.305556,1.194444
1000Hz_1,CBF,-20,bubble 09 1000Hz .wav,1.286804,0.305556,2.250000
1000Hz_1,MVDR,-20,bubble 09 1000Hz .wav,2.874564,-2.861111,0.722222
1000Hz_1,MUSIC,-20,bubble 09 1000Hz .wav,1.094318,-0.444444,2.000000
1000Hz_1,MUSIC_CSDM,-20,bubble 09 1000Hz .wav,2.872013,-2.861111,0.750000
1000Hz_1,CBF,clean,bubble 10 1000Hz .wav,1.943651,-1.666667,0.000000
1000Hz_1,MVDR,clean,bubble 10 1000Hz .wav,1.000386,-0.027778,0.000000
1000Hz_1,MUSIC,clean,bubble 10 1000Hz .wav,2.203042,2.194444,0.805556
1000Hz_1,MUSIC_CSDM,clean,bubble 10 1000Hz .wav,2.041619,0.527778,2.972222
1000Hz_1,CBF,20,bubble 10 1000Hz .wav,1.943651,-1.666667,0.000000
1000Hz_1,MVDR,20,bubble 10 1000Hz .wav,1.000386,-0.027778,0.000000
1000Hz_1,MUSIC,20,bubble 10 1000Hz .wav,1.086534,-0.083333,2.083333
1000Hz_1,MUSIC_CSDM,20,bubble 10 1000Hz .wav,1.640536,1.444444,1.777778
1000Hz_1,CBF,15,bubble 10 1000Hz .wav,1.756821,-1.666667,0.444444
1000Hz_1,MVDR,15,bubble 10 1000Hz .wav,1.000386,-0.027778,0.000000
1000Hz_1,MUSIC,15,bubble 10 1000Hz .wav,2.169158,-2.138889,1.361111
1000Hz_1,MUSIC_CSDM,15,bubble 10 1000Hz .wav,0.392837,0.388889,1.055556
1000Hz_1,CBF,10,bubble 10 1000Hz .wav,1.943651,-1.666667,0.000000
1000Hz_1,MVDR,10,bubble 10 1000Hz .wav,1.000386,-0.027778,0.000000
1000Hz_1,MUSIC,10,bubble 10 1000Hz .wav,2.522124,2.500000,1.333333
1000Hz_1,MUSIC_CSDM,10,bubble 10 1000Hz .wav,4.443403,-3.000000,4.277778
1000Hz_1,CBF,5,bubble 10 1000Hz .wav,4.722304,0.027778,5.722222
1000Hz_1,MVDR,5,bubble 10 1000Hz .wav,1.000386,-0.027778,0.000000
1000Hz_1,MUSIC,5,bubble 10 1000Hz .wav,2.849762,-1.944444,3.083333
1000Hz_1,MUSIC_CSDM,5,bubble 10 1000Hz .wav,1.639830,-0.055556,2.638889
1000Hz_1,CBF,0,bubble 10 1000Hz .wav,3.946009,0.111111,4.944444
1000Hz_1,MVDR,0,bubble 10 1000Hz .wav,1.001542,0.055556,0.000000
1000Hz_1,MUSIC,0,bubble 10 1000Hz .wav,2.095152,0.222222,3.083333
1000Hz_1,MUSIC_CSDM,0,bubble 10 1000Hz .wav,0.779759,0.055556,1.777778
1000Hz_1,CBF,-5,bubble 10 1000Hz .wav,1.907789,-1.833333,0.472222
1000Hz_1,MVDR,-5,bubble 10 1000Hz .wav,0.779759,-0.055556,0.222222
1000Hz_1,MUSIC,-5,bubble 10 1000Hz .wav,0.919608,0.833333,0.611111
1000Hz_1,MUSIC_CSDM,-5,bubble 10 1000Hz .wav,1.117344,0.916667,0.361111
1000Hz_1,CBF,-10,bubble 10 1000Hz .wav,1.009599,0.138889,0.000000
1000Hz_1,MVDR,-10,bubble 10 1000Hz .wav,0.473039,0.027778,0.527778
1000Hz_1,MUSIC,-10,bubble 10 1000Hz .wav,1.285304,-0.138889,2.277778
1000Hz_1,MUSIC_CSDM,-10,bubble 10 1000Hz .wav,0.447903,0.055556,0.555556
1000Hz_1,CBF,-15,bubble 10 1000Hz .wav,0.512197,0.388889,0.666667
1000Hz_1,MVDR,-15,bubble 10 1000Hz .wav,1.905564,-1.638889,1.972222
1000Hz_1,MUSIC,-15,bubble 10 1000Hz .wav,0.712000,-0.666667,1.250000
1000Hz_1,MUSIC_CSDM,-15,bubble 10 1000Hz .wav,1.905564,-1.638889,1.972222
1000Hz_1,CBF,-20,bubble 10 1000Hz .wav,2.400006,2.305556,0.333333
1000Hz_1,MVDR,-20,bubble 10 1000Hz .wav,1.826798,-1.305556,2.277778
1000Hz_1,MUSIC,-20,bubble 10 1000Hz .wav,1.186667,-0.638889,0.000000
1000Hz_1,MUSIC_CSDM,-20,bubble 10 1000Hz .wav,0.809854,0.416667,1.694444
1000Hz_1,CBF,clean,bubble 11 1000Hz .wav,1.943651,-1.666667,0.000000
1000Hz_1,MVDR,clean,bubble 11 1000Hz .wav,1.000386,-0.027778,0.000000
1000Hz_1,MUSIC,clean,bubble 11 1000Hz .wav,0.202225,-0.055556,0.805556
1000Hz_1,MUSIC_CSDM,clean,bubble 11 1000Hz .wav,0.055556,0.000000,1.055556
1000Hz_1,CBF,20,bubble 11 1000Hz .wav,1.943651,-1.666667,0.000000
1000Hz_1,MVDR,20,bubble 11 1000Hz .wav,1.001542,-0.055556,0.000000
1000Hz_1,MUSIC,20,bubble 11 1000Hz .wav,0.361111,0.138889,1.333333
1000Hz_1,MUSIC_CSDM,20,bubble 11 1000Hz .wav,0.339071,-0.194444,0.722222
1000Hz_1,CBF,15,bubble 11 1000Hz .wav,1.919885,-1.638889,0.000000
1000Hz_1,MVDR,15,bubble 11 1000Hz .wav,1.001542,-0.055556,0.000000
1000Hz_1,MUSIC,15,bubble 11 1000Hz .wav,2.354730,2.250000,1.694444
1000Hz_1,MUSIC_CSDM,15,bubble 11 1000Hz .wav,1.284103,-0.805556,0.000000
1000Hz_1,CBF,10,bubble 11 1000Hz .wav,3.722326,-0.027778,4.722222
1000Hz_1,MVDR,10,bubble 11 1000Hz .wav,1.000386,-0.027778,0.000000
1000Hz_1,MUSIC,10,bubble 11 1000Hz .wav,2.013841,1.833333,1.833333
1000Hz_1,MUSIC_CSDM,10,bubble 11 1000Hz .wav,1.219694,1.055556,1.611111
1000Hz_1,CBF,5,bubble 11 1000Hz .wav,5.000000,0.000000,6.000000
1000Hz_1,MVDR,5,bubble 11 1000Hz .wav,0.917087,-0.027778,0.083333
1000Hz_1,MUSIC,5,bubble 11 1000Hz .wav,0.933350,-0.555556,0.250000
1000Hz_1,MUSIC_CSDM,5,bubble 11 1000Hz .wav,0.459804,0.416667,0.805556
1000Hz_1,CBF,0,bubble 11 1000Hz .wav,1.783195,-1.777778,0.861111
1000Hz_1,MVDR,0,bubble 11 1000Hz .wav,0.889323,-0.027778,0.111111
1000Hz_1,MUSIC,0,bubble 11 1000Hz .wav,0.472222,-0.222222,0.583333
1000Hz_1,MUSIC_CSDM,0,bubble 11 1000Hz .wav,1.934299,-1.888889,1.416667
1000Hz_1,CBF,-5,bubble 11 1000Hz .wav,1.896228,1.611111,0.000000
1000Hz_1,MVDR,-5,bubble 11 1000Hz .wav,0.675863,-0.111111,0.333333
1000Hz_1,MUSIC,-5,bubble 11 1000Hz .wav,1.206016,0.750000,0.055556
1000Hz_1,MUSIC_CSDM,-5,bubble 11 1000Hz .wav,0.473039,-0.305556,0.638889
1000Hz_1,CBF,-10,bubble 11 1000Hz .wav,1.159036,0.833333,0.194444
1000Hz_1,MVDR,-10,bubble 11 1000Hz .wav,0.196419,-0.138889,0.861111
1000Hz_1,MUSIC,-10,bubble 11 1000Hz .wav,3.603518,-2.722222,3.361111
1000Hz_1,MUSIC_CSDM,-10,bubble 11 1000Hz .wav,2.908056,-2.888889,1.333333
1000Hz_1,CBF,-15,bubble 11 1000Hz .wav,1.013794,1.000000,1.166667
1000Hz_1,MVDR,-15,bubble 11 1000Hz .wav,1.767767,1.750000,1.250000
1000Hz_1,MUSIC,-15,bubble 11 1000Hz .wav,0.972222,0.000000,0.027778
1000Hz_1,MUSIC_CSDM,-15,bubble 11 1000Hz .wav,1.084757,-0.250000,2.055556
1000Hz_1,CBF,-20,bubble 11 1000Hz .wav,5.427411,-2.111111,6.000000
1000Hz_1,MVDR,-20,bubble 11 1000Hz .wav,0.561771,0.083333,1.555556
1000Hz_1,MUSIC,-20,bubble 11 1000Hz .wav,2.584379,-2.333333,2.111111
1000Hz_1,MUSIC_CSDM,-20,bubble 11 1000Hz .wav,0.747940,0.722222,1.194444
1000Hz_1,CBF,clean,bubble 12 1000Hz .wav,1.896228,-1.611111,0.000000
1000Hz_1,MVDR,clean,bubble 12 1000Hz .wav,1.000386,-0.027778,0.000000
1000Hz_1,MUSIC,clean,bubble 12 1000Hz .wav,2.525182,1.611111,2.944444
1000Hz_1,MUSIC_CSDM,clean,bubble 12 1000Hz .wav,0.385901,0.194444,0.666667
1000Hz_1,CBF,20,bubble 12 1000Hz .wav,1.919885,-1.638889,0.000000
1000Hz_1,MVDR,20,bubble 12 1000Hz .wav,1.000386,-0.027778,0.000000
1000Hz_1,MUSIC,20,bubble 12 1000Hz .wav,1.802776,-1.500000,0.000000
1000Hz_1,MUSIC_CSDM,20,bubble 12 1000Hz .wav,0.871797,-0.750000,0.555556
1000Hz_1,CBF,15,bubble 12 1000Hz .wav,1.872684,-1.583333,0.000000
1000Hz_1,MVDR,15,bubble 12 1000Hz .wav,1.000386,-0.027778,0.000000
1000Hz_1,MUSIC,15,bubble 12 1000Hz .wav,1.437215,0.944444,2.083333
1000Hz_1,MUSIC_CSDM,15,bubble 12 1000Hz .wav,0.782722,-0.361111,0.305556
1000Hz_1,CBF,10,bubble 12 1000Hz .wav,1.919885,-1.638889,0.000000
1000Hz_1,MVDR,10,bubble 12 1000Hz .wav,1.001542,-0.055556,0.000000
1000Hz_1,MUSIC,10,bubble 12 1000Hz .wav,1.305556,0.000000,2.305556
1000Hz_1,MUSIC_CSDM,10,bubble 12 1000Hz .wav,1.625653,-0.472222,2.555556
1000Hz_1,CBF,5,bubble 12 1000Hz .wav,1.962810,-1.750000,0.111111
1000Hz_1,MVDR,5,bubble 12 1000Hz .wav,1.001542,-0.055556,0.000000
1000Hz_1,MUSIC,5,bubble 12 1000Hz .wav,0.944853,-0.388889,0.138889
1000Hz_1,MUSIC_CSDM,5,bubble 12 1000Hz .wav,3.868598,2.222222,4.166667
1000Hz_1,CBF,0,bubble 12 1000Hz .wav,2.623052,-0.250000,3.611111
1000Hz_1,MVDR,0,bubble 12 1000Hz .wav,1.000000,0.000000,0.000000
1000Hz_1,MUSIC,0,bubble 12 1000Hz .wav,2.422248,-1.444444,2.944444
1000Hz_1,MUSIC_CSDM,0,bubble 12 1000Hz .wav,1.724237,1.722222,1.083333
1000Hz_1,CBF,-5,bubble 12 1000Hz .wav,3.159592,0.361111,4.138889
1000Hz_1,MVDR,-5,bubble 12 1000Hz .wav,0.613631,-0.055556,0.388889
1000Hz_1,MUSIC,-5,bubble 12 1000Hz .wav,0.238953,-0.138889,0.805556
1000Hz_1,MUSIC_CSDM,-5,bubble 12 1000Hz .wav,0.739640,0.611111,0.583333
1000Hz_1,CBF,-10,bubble 12 1000Hz .wav,1.968306,-0.305556,2.944444
1000Hz_1,MVDR,-10,bubble 12 1000Hz .wav,3.480102,-1.000000,4.333333
1000Hz_1,MUSIC,-10,bubble 12 1000Hz .wav,0.114531,0.027778,1.111111
1000Hz_1,MUSIC_CSDM,-10,bubble 12 1000Hz .wav,0.458123,-0.111111,0.555556
1000Hz_1,CBF,-15,bubble 12 1000Hz .wav,0.741204,0.722222,0.833333
1000Hz_1,MVDR,-15,bubble 12 1000Hz .wav,1.181780,0.472222,2.083333
1000Hz_1,MUSIC,-15,bubble 12 1000Hz .wav,1.433990,1.222222,0.250000
1000Hz_1,MUSIC_CSDM,-15,bubble 12 1000Hz .wav,1.478759,-1.472222,1.138889
1000Hz_1,CBF,-20,bubble 12 1000Hz .wav,3.218029,0.388889,4.194444
1000Hz_1,MVDR,-20,bubble 12 1000Hz .wav,0.944444,0.833333,1.444444
1000Hz_1,MUSIC,-20,bubble 12 1000Hz .wav,0.527046,0.166667,0.500000
1000Hz_1,MUSIC_CSDM,-20,bubble 12 1000Hz .wav,0.944444,0.833333,1.444444
1000Hz_1,CBF,clean,bubble 13 1000Hz .wav,1.849257,-1.555556,0.000000
1000Hz_1,MVDR,clean,bubble 13 1000Hz .wav,0.973808,-0.055556,0.027778
1000Hz_1,MUSIC,clean,bubble 13 1000Hz .wav,1.118034,0.500000,0.000000
1000Hz_1,MUSIC_CSDM,clean,bubble 13 1000Hz .wav,0.944853,0.027778,1.944444
1000Hz_1,CBF,20,bubble 13 1000Hz .wav,1.872684,-1.583333,0.000000
1000Hz_1,MVDR,20,bubble 13 1000Hz .wav,0.946077,-0.055556,0.055556
1000Hz_1,MUSIC,20,bubble 13 1000Hz .wav,2.583931,-0.055556,3.583333
1000Hz_1,MUSIC_CSDM,20,bubble 13 1000Hz .wav,0.410134,0.194444,1.361111
1000Hz_1,CBF,15,bubble 13 1000Hz .wav,4.778504,-0.083333,5.777778
1000Hz_1,MVDR,15,bubble 13 1000Hz .wav,0.973808,-0.055556,0.027778
1000Hz_1,MUSIC,15,bubble 13 1000Hz .wav,1.001542,-0.944444,0.666667
1000Hz_1,MUSIC_CSDM,15,bubble 13 1000Hz .wav,1.001542,-0.055556,0.000000
1000Hz_1,CBF,10,bubble 13 1000Hz .wav,1.849257,-1.555556,0.000000
1000Hz_1,MVDR,10,bubble 13 1000Hz .wav,0.890623,-0.055556,0.111111
1000Hz_1,MUSIC,10,bubble 13 1000Hz .wav,0.687745,0.500000,0.527778
1000Hz_1,MUSIC_CSDM,10,bubble 13 1000Hz .wav,0.392837,0.055556,0.611111
1000Hz_1,CBF,5,bubble 13 1000Hz .wav,1.542855,-1.416667,0.388889
1000Hz_1,MVDR,5,bubble 13 1000Hz .wav,0.865134,-0.083333,0.138889
1000Hz_1,MUSIC,5,bubble 13 1000Hz .wav,2.571508,2.305556,2.138889
1000Hz_1,MUSIC_CSDM,5,bubble 13 1000Hz .wav,0.892787,-0.083333,0.111111
1000Hz_1,CBF,0,bubble 13 1000Hz .wav,1.495879,-1.388889,0.444444
1000Hz_1,MVDR,0,bubble 13 1000Hz .wav,1.001542,-0.055556,0.000000
1000Hz_1,MUSIC,0,bubble 13 1000Hz .wav,2.964033,2.916667,1.527778
1000Hz_1,MUSIC_CSDM,0,bubble 13 1000Hz .wav,1.388333,1.305556,0.527778
1000Hz_1,CBF,-5,bubble 13 1000Hz .wav,1.633229,-1.083333,2.222222
1000Hz_1,MVDR,-5,bubble 13 1000Hz .wav,1.000000,0.000000,0.000000
1000Hz_1,MUSIC,-5,bubble 13 1000Hz .wav,3.735156,2.333333,3.916667
1000Hz_1,MUSIC_CSDM,-5,bubble 13 1000Hz .wav,0.708197,-0.305556,1.638889
1000Hz_1,CBF,-10,bubble 13 1000Hz .wav,0.825893,0.777778,0.722222
1000Hz_1,MVDR,-10,bubble 13 1000Hz .wav,0.616767,-0.083333,0.388889
1000Hz_1,MUSIC,-10,bubble 13 1000Hz .wav,1.269599,-1.250000,1.222222
1000Hz_1,MUSIC_CSDM,-10,bubble 13 1000Hz .wav,2.084074,-2.083333,0.944444
1000Hz_1,CBF,-15,bubble 13 1000Hz .wav,2.671870,-2.666667,1.166667
1000Hz_1,MVDR,-15,bubble 13 1000Hz .wav,0.222222,-0.222222,1.000000
1000Hz_1,MUSIC,-15,bubble 13 1000Hz .wav,2.266571,-2.138889,0.250000
1000Hz_1,MUSIC_CSDM,-15,bubble 13 1000Hz .wav,1.765583,1.611111,1.722222
1000Hz_1,CBF,-20,bubble 13 1000Hz .wav,1.784925,-0.638889,2.666667
1000Hz_1,MVDR,-20,bubble 13 1000Hz .wav,1.350011,1.083333,0.194444
1000Hz_1,MUSIC,-20,bubble 13 1000Hz .wav,1.356853,1.250000,0.472222
1000Hz_1,MUSIC_CSDM,-20,bubble 13 1000Hz .wav,1.333623,1.083333,0.222222
1000Hz_1,CBF,clean,bubble 14 1000Hz .wav,5.000694,-0.083333,6.000000
1000Hz_1,MVDR,clean,bubble 14 1000Hz .wav,0.918349,-0.055556,0.083333
1000Hz_1,MUSIC,clean,bubble 14 1000Hz .wav,0.549972,0.388889,0.611111
1000Hz_1,MUSIC_CSDM,clean,bubble 14 1000Hz .wav,3.082833,2.805556,2.277778
1000Hz_1,CBF,20,bubble 14 1000Hz .wav,5.000694,-0.083333,6.000000
1000Hz_1,MVDR,20,bubble 14 1000Hz .wav,1.000386,-0.027778,0.000000
1000Hz_1,MUSIC,20,bubble 14 1000Hz .wav,2.222396,2.222222,1.027778
1000Hz_1,MUSIC_CSDM,20,bubble 14 1000Hz .wav,1.000386,-0.027778,0.000000
1000Hz_1,CBF,15,bubble 14 1000Hz .wav,4.890151,-0.111111,5.888889
1000Hz_1,MVDR,15,bubble 14 1000Hz .wav,0.946077,-0.055556,0.055556
1000Hz_1,MUSIC,15,bubble 14 1000Hz .wav,0.362178,-0.361111,0.972222
1000Hz_1,MUSIC_CSDM,15,bubble 14 1000Hz .wav,2.673746,1.083333,3.444444
1000Hz_1,CBF,10,bubble 14 1000Hz .wav,1.802776,-1.500000,0.000000
1000Hz_1,MVDR,10,bubble 14 1000Hz .wav,0.918349,-0.055556,0.083333
1000Hz_1,MUSIC,10,bubble 14 1000Hz .wav,3.002057,-3.000000,1.111111
1000Hz_1,MUSIC_CSDM,10,bubble 14 1000Hz .wav,1.347437,1.333333,0.805556
1000Hz_1,CBF,5,bubble 14 1000Hz .wav,5.003779,-0.194444,6.000000
1000Hz_1,MVDR,5,bubble 14 1000Hz .wav,0.972619,-0.027778,0.027778
1000Hz_1,MUSIC,5,bubble 14 1000Hz .wav,1.350011,-1.083333,1.805556
1000Hz_1,MUSIC_CSDM,5,bubble 14 1000Hz .wav,0.634040,-0.305556,0.444444
1000Hz_1,CBF,0,bubble 14 1000Hz .wav,4.917373,0.083333,5.916667
1000Hz_1,MVDR,0,bubble 14 1000Hz .wav,0.918349,-0.055556,0.083333
1000Hz_1,MUSIC,0,bubble 14 1000Hz .wav,0.971825,-0.500000,0.166667
1000Hz_1,MUSIC_CSDM,0,bubble 14 1000Hz .wav,1.790967,1.638889,1.722222
1000Hz_1,CBF,-5,bubble 14 1000Hz .wav,3.128177,-0.527778,4.083333
1000Hz_1,MVDR,-5,bubble 14 1000Hz .wav,0.730719,-0.111111,0.277778
1000Hz_1,MUSIC,-5,bubble 14 1000Hz .wav,0.931695,-0.833333,0.583333
1000Hz_1,MUSIC_CSDM,-5,bubble 14 1000Hz .wav,0.730719,-0.111111,0.277778
1000Hz_1,CBF,-10,bubble 14 1000Hz .wav,1.846752,1.833333,1.222222
1000Hz_1,MVDR,-10,bubble 14 1000Hz .wav,0.485913,-0.416667,0.750000
1000Hz_1,MUSIC,-10,bubble 14 1000Hz .wav,1.822358,1.111111,2.444444
1000Hz_1,MUSIC_CSDM,-10,bubble 14 1000Hz .wav,1.327824,1.277778,0.638889
1000Hz_1,CBF,-15,bubble 14 1000Hz .wav,1.438556,1.416667,0.750000
1000Hz_1,MVDR,-15,bubble 14 1000Hz .wav,0.904379,0.611111,0.333333
1000Hz_1,MUSIC,-15,bubble 14 1000Hz .wav,1.340548,0.138889,2.333333
1000Hz_1,MUSIC_CSDM,-15,bubble 14 1000Hz .wav,0.709830,0.361111,0.388889
1000Hz_1,CBF,-20,bubble 14 1000Hz .wav,0.465640,0.444444,1.138889
1000Hz_1,MVDR,-20,bubble 14 1000Hz .wav,2.459079,1.638889,2.833333
1000Hz_1,MUSIC,-20,bubble 14 1000Hz .wav,3.145151,-3.000000,1.944444
1000Hz_1,MUSIC_CSDM,-20,bubble 14 1000Hz .wav,2.459079,1.638889,2.833333
1000Hz_1,CBF,clean,bubble 15 1000Hz .wav,5.000309,-0.055556,6.000000
1000Hz_1,MVDR,clean,bubble 15 1000Hz .wav,1.000386,-0.027778,0.000000
1000Hz_1,MUSIC,clean,bubble 15 1000Hz .wav,0.687184,-0.166667,0.333333
1000Hz_1,MUSIC_CSDM,clean,bubble 15 1000Hz .wav,0.141639,0.027778,0.861111
1000Hz_1,CBF,20,bubble 15 1000Hz .wav,5.000309,-0.055556,6.000000
1000Hz_1,MVDR,20,bubble 15 1000Hz .wav,1.000386,-0.027778,0.000000
1000Hz_1,MUSIC,20,bubble 15 1000Hz .wav,1.089016,1.083333,0.888889
1000Hz_1,MUSIC_CSDM,20,bubble 15 1000Hz .wav,1.440700,-1.361111,1.472222
1000Hz_1,CBF,15,bubble 15 1000Hz .wav,5.000309,-0.055556,6.000000
1000Hz_1,MVDR,15,bubble 15 1000Hz .wav,1.000386,-0.027778,0.000000
1000Hz_1,MUSIC,15,bubble 15 1000Hz .wav,1.687371,0.583333,2.583333
1000Hz_1,MUSIC_CSDM,15,bubble 15 1000Hz .wav,1.055921,0.944444,1.472222
1000Hz_1,CBF,10,bubble 15 1000Hz .wav,5.000077,-0.027778,6.000000
1000Hz_1,MVDR,10,bubble 15 1000Hz .wav,1.000386,-0.027778,0.000000
1000Hz_1,MUSIC,10,bubble 15 1000Hz .wav,1.100645,-0.750000,0.194444
1000Hz_1,MUSIC_CSDM,10,bubble 15 1000Hz .wav,2.613031,1.805556,2.888889
1000Hz_1,CBF,5,bubble 15 1000Hz .wav,3.340733,-0.222222,4.333333
1000Hz_1,MVDR,5,bubble 15 1000Hz .wav,1.000386,-0.027778,0.000000
1000Hz_1,MUSIC,5,bubble 15 1000Hz .wav,1.018729,0.194444,0.000000
1000Hz_1,MUSIC_CSDM,5,bubble 15 1000Hz .wav,0.895806,0.111111,0.111111
1000Hz_1,CBF,0,bubble 15 1000Hz .wav,3.980082,-0.250000,4.972222
1000Hz_1,MVDR,0,bubble 15 1000Hz .wav,0.918349,-0.055556,0.083333
1000Hz_1,MUSIC,0,bubble 15 1000Hz .wav,0.894513,-0.388889,1.805556
1000Hz_1,MUSIC_CSDM,0,bubble 15 1000Hz .wav,3.119038,-0.222222,4.111111
1000Hz_1,CBF,-5,bubble 15 1000Hz .wav,2.592874,0.222222,3.583333
1000Hz_1,MVDR,-5,bubble 15 1000Hz .wav,0.727014,-0.083333,0.277778
1000Hz_1,MUSIC,-5,bubble 15 1000Hz .wav,2.334986,-1.250000,2.972222
1000Hz_1,MUSIC_CSDM,-5,bubble 15 1000Hz .wav,1.600781,1.250000,0.000000
1000Hz_1,CBF,-10,bubble 15 1000Hz .wav,1.220327,-1.194444,1.250000
1000Hz_1,MVDR,-10,bubble 15 1000Hz .wav,0.496904,0.444444,0.777778
1000Hz_1,MUSIC,-10,bubble 15 1000Hz .wav,1.665046,0.777778,2.472222
1000Hz_1,MUSIC_CSDM,-10,bubble 15 1000Hz .wav,1.167989,-1.055556,1.500000
1000Hz_1,CBF,-15,bubble 15 1000Hz .wav,1.037863,0.277778,0.000000
1000Hz_1,MVDR,-15,bubble 15 1000Hz .wav,0.872240,0.138889,0.138889
1000Hz_1,MUSIC,-15,bubble 15 1000Hz .wav,0.862901,-0.861111,1.055556
1000Hz_1,MUSIC_CSDM,-15,bubble 15 1000Hz .wav,0.899674,0.138889,0.111111
1000Hz_1,CBF,-20,bubble 15 1000Hz .wav,2.169158,-0.361111,3.138889
1000Hz_1,MVDR,-20,bubble 15 1000Hz .wav,0.809854,-0.416667,1.694444
1000Hz_1,MUSIC,-20,bubble 15 1000Hz .wav,1.764053,1.583333,1.777778
1000Hz_1,MUSIC_CSDM,-20,bubble 15 1000Hz .wav,0.809854,-0.416667,1.694444
1000Hz_1,CBF,clean,bubble 16 1000Hz .wav,5.000694,-0.083333,6.000000
1000Hz_1,MVDR,clean,bubble 16 1000Hz .wav,1.000386,-0.027778,0.000000
1000Hz_1,MUSIC,clean,bubble 16 1000Hz .wav,1.150013,-0.694444,0.083333
1000Hz_1,MUSIC_CSDM,clean,bubble 16 1000Hz .wav,2.288255,-2.250000,1.416667
1000Hz_1,CBF,20,bubble 16 1000Hz .wav,5.001234,-0.111111,6.000000
1000Hz_1,MVDR,20,bubble 16 1000Hz .wav,1.000386,-0.027778,0.000000
1000Hz_1,MUSIC,20,bubble 16 1000Hz .wav,0.256098,0.250000,1.055556
1000Hz_1,MUSIC_CSDM,20,bubble 16 1000Hz .wav,3.944249,-2.527778,4.027778
1000Hz_1,CBF,15,bubble 16 1000Hz .wav,5.000309,-0.055556,6.000000
1000Hz_1,MVDR,15,bubble 16 1000Hz .wav,1.000386,-0.027778,0.000000
1000Hz_1,MUSIC,15,bubble 16 1000Hz .wav,2.539351,0.861111,3.388889
1000Hz_1,MUSIC_CSDM,15,bubble 16 1000Hz .wav,0.729134,0.222222,1.694444
1000Hz_1,CBF,10,bubble 16 1000Hz .wav,5.001234,0.111111,6.000000
1000Hz_1,MVDR,10,bubble 16 1000Hz .wav,0.918349,-0.055556,0.083333
1000Hz_1,MUSIC,10,bubble 16 1000Hz .wav,0.789593,0.500000,0.388889
1000Hz_1,MUSIC_CSDM,10,bubble 16 1000Hz .wav,0.833333,0.500000,0.333333
1000Hz_1,CBF,5,bubble 16 1000Hz .wav,5.011099,-0.333333,6.000000
1000Hz_1,MVDR,5,bubble 16 1000Hz .wav,0.889323,-0.027778,0.111111
1000Hz_1,MUSIC,5,bubble 16 1000Hz .wav,0.671855,0.083333,0.333333
1000Hz_1,MUSIC_CSDM,5,bubble 16 1000Hz .wav,0.149588,0.138889,0.944444
1000Hz_1,CBF,0,bubble 16 1000Hz .wav,5.006246,-0.250000,6.000000
1000Hz_1,MVDR,0,bubble 16 1000Hz .wav,1.003466,-0.083333,0.000000
1000Hz_1,MUSIC,0,bubble 16 1000Hz .wav,0.439205,0.416667,0.861111
1000Hz_1,MUSIC_CSDM,0,bubble 16 1000Hz .wav,1.978277,-1.222222,2.555556
1000Hz_1,CBF,-5,bubble 16 1000Hz .wav,1.071877,-0.916667,1.555556
1000Hz_1,MVDR,-5,bubble 16 1000Hz .wav,0.730719,-0.111111,0.277778
1000Hz_1,MUSIC,-5,bubble 16 1000Hz .wav,1.474317,1.083333,2.000000
1000Hz_1,MUSIC_CSDM,-5,bubble 16 1000Hz .wav,0.512197,-0.500000,0.888889
1000Hz_1,CBF,-10,bubble 16 1000Hz .wav,1.019864,-0.888889,0.500000
1000Hz_1,MVDR,-10,bubble 16 1000Hz .wav,0.807469,0.055556,0.194444
1000Hz_1,MUSIC,-10,bubble 16 1000Hz .wav,1.116653,-1.111111,0.888889
1000Hz_1,MUSIC_CSDM,-10,bubble 16 1000Hz .wav,0.779759,0.055556,0.222222
1000Hz_1,CBF,-15,bubble 16 1000Hz .wav,1.336224,-0.916667,1.972222
1000Hz_1,MVDR,-15,bubble 16 1000Hz .wav,2.770128,2.750000,1.333333
1000Hz_1,MUSIC,-15,bubble 16 1000Hz .wav,2.535702,-1.722222,2.861111
1000Hz_1,MUSIC_CSDM,-15,bubble 16 1000Hz .wav,0.711458,-0.555556,1.444444
1000Hz_1,CBF,-20,bubble 16 1000Hz .wav,2.329527,-2.000000,2.194444
1000Hz_1,MVDR,-20,bubble 16 1000Hz .wav,0.906935,-0.805556,1.416667
1000Hz_1,MUSIC,-20,bubble 16 1000Hz .wav,0.943627,0.694444,1.638889
1000Hz_1,MUSIC_CSDM,-20,bubble 16 1000Hz .wav,0.906935,-0.805556,1.416667
1000Hz_1,CBF,clean,bubble 17 1000Hz .wav,5.000309,-0.055556,6.000000
1000Hz_1,MVDR,clean,bubble 17 1000Hz .wav,1.000386,-0.027778,0.000000
1000Hz_1,MUSIC,clean,bubble 17 1000Hz .wav,1.961237,-1.555556,2.194444
1000Hz_1,MUSIC_CSDM,clean,bubble 17 1000Hz .wav,2.806793,2.805556,0.916667
1000Hz_1,CBF,20,bubble 17 1000Hz .wav,5.000309,-0.055556,6.000000
1000Hz_1,MVDR,20,bubble 17 1000Hz .wav,1.000386,-0.027778,0.000000
1000Hz_1,MUSIC,20,bubble 17 1000Hz .wav,2.426862,2.027778,2.333333
1000Hz_1,MUSIC_CSDM,20,bubble 17 1000Hz .wav,0.837490,0.833333,0.916667
1000Hz_1,CBF,15,bubble 17 1000Hz .wav,5.000309,-0.055556,6.000000
1000Hz_1,MVDR,15,bubble 17 1000Hz .wav,0.946077,-0.055556,0.055556
1000Hz_1,MUSIC,15,bubble 17 1000Hz .wav,0.477907,0.277778,0.611111
1000Hz_1,MUSIC_CSDM,15,bubble 17 1000Hz .wav,1.357705,-1.166667,1.694444
1000Hz_1,CBF,10,bubble 17 1000Hz .wav,5.000077,-0.027778,6.000000
1000Hz_1,MVDR,10,bubble 17 1000Hz .wav,0.946077,-0.055556,0.055556
1000Hz_1,MUSIC,10,bubble 17 1000Hz .wav,2.724630,2.500000,2.083333
1000Hz_1,MUSIC_CSDM,10,bubble 17 1000Hz .wav,1.510508,-1.277778,1.805556
1000Hz_1,CBF,5,bubble 17 1000Hz .wav,5.006246,0.250000,6.000000
1000Hz_1,MVDR,5,bubble 17 1000Hz .wav,0.862901,-0.055556,0.138889
1000Hz_1,MUSIC,5,bubble 17 1000Hz .wav,1.340548,0.138889,2.333333
1000Hz_1,MUSIC_CSDM,5,bubble 17 1000Hz .wav,3.335300,0.444444,4.305556
1000Hz_1,CBF,0,bubble 17 1000Hz .wav,5.002777,0.166667,6.000000
1000Hz_1,MVDR,0,bubble 17 1000Hz .wav,0.779759,-0.055556,0.222222
1000Hz_1,MUSIC,0,bubble 17 1000Hz .wav,0.500771,0.472222,0.833333
1000Hz_1,MUSIC_CSDM,0,bubble 17 1000Hz .wav,0.779759,-0.055556,0.222222
1000Hz_1,CBF,-5,bubble 17 1000Hz .wav,1.238839,-1.166667,1.416667
1000Hz_1,MVDR,-5,bubble 17 1000Hz .wav,0.978551,-0.111111,0.027778
1000Hz_1,MUSIC,-5,bubble 17 1000Hz .wav,1.926505,-1.416667,2.305556
1000Hz_1,MUSIC_CSDM,-5,bubble 17 1000Hz .wav,1.521705,-0.555556,2.416667
1000Hz_1,CBF,-10,bubble 17 1000Hz .wav,2.852603,-1.083333,3.638889
1000Hz_1,MVDR,-10,bubble 17 1000Hz .wav,0.644301,0.083333,0.361111
1000Hz_1,MUSIC,-10,bubble 17 1000Hz .wav,1.250000,0.750000,2.000000
1000Hz_1,MUSIC_CSDM,-10,bubble 17 1000Hz .wav,0.377819,0.111111,0.638889
1000Hz_1,CBF,-15,bubble 17 1000Hz .wav,1.826164,1.638889,1.805556
1000Hz_1,MVDR,-15,bubble 17 1000Hz .wav,4.055936,0.055556,5.055556
1000Hz_1,MUSIC,-15,bubble 17 1000Hz .wav,0.062113,0.055556,1.027778
1000Hz_1,MUSIC_CSDM,-15,bubble 17 1000Hz .wav,4.139262,0.055556,5.138889
1000Hz_1,CBF,-20,bubble 17 1000Hz .wav,2.278455,-2.277778,1.055556
1000Hz_1,MVDR,-20,bubble 17 1000Hz .wav,2.334986,1.250000,2.972222
1000Hz_1,MUSIC,-20,bubble 17 1000Hz .wav,1.118034,-1.000000,0.500000
1000Hz_1,MUSIC_CSDM,-20,bubble 17 1000Hz .wav,2.334986,1.250000,2.972222
1000Hz_1,CBF,clean,bubble 18 1000Hz .wav,5.000694,-0.083333,6.000000
1000Hz_1,MVDR,clean,bubble 18 1000Hz .wav,0.918349,-0.055556,0.083333
1000Hz_1,MUSIC,clean,bubble 18 1000Hz .wav,0.323942,-0.166667,1.277778
1000Hz_1,MUSIC_CSDM,clean,bubble 18 1000Hz .wav,0.177865,-0.111111,0.861111
1000Hz_1,CBF,20,bubble 18 1000Hz .wav,5.000694,-0.083333,6.000000
1000Hz_1,MVDR,20,bubble 18 1000Hz .wav,0.890623,-0.055556,0.111111
1000Hz_1,MUSIC,20,bubble 18 1000Hz .wav,4.414657,1.194444,5.250000
1000Hz_1,MUSIC_CSDM,20,bubble 18 1000Hz .wav,1.500257,1.500000,0.972222
1000Hz_1,CBF,15,bubble 18 1000Hz .wav,5.000077,-0.027778,6.000000
1000Hz_1,MVDR,15,bubble 18 1000Hz .wav,0.890623,-0.055556,0.111111
1000Hz_1,MUSIC,15,bubble 18 1000Hz .wav,1.163355,-0.972222,0.361111
1000Hz_1,MUSIC_CSDM,15,bubble 18 1000Hz .wav,0.752055,0.055556,0.250000
1000Hz_1,CBF,10,bubble 18 1000Hz .wav,5.000077,-0.027778,6.000000
1000Hz_1,MVDR,10,bubble 18 1000Hz .wav,0.944853,-0.027778,0.055556
1000Hz_1,MUSIC,10,bubble 18 1000Hz .wav,0.528508,-0.027778,0.472222
1000Hz_1,MUSIC_CSDM,10,bubble 18 1000Hz .wav,1.040091,-0.583333,1.861111
1000Hz_1,CBF,5,bubble 18 1000Hz .wav,5.001929,-0.138889,6.000000
1000Hz_1,MVDR,5,bubble 18 1000Hz .wav,0.890623,-0.055556,0.111111
1000Hz_1,MUSIC,5,bubble 18 1000Hz .wav,3.402636,2.277778,3.527778
1000Hz_1,MUSIC_CSDM,5,bubble 18 1000Hz .wav,1.949398,-1.472222,2.277778
1000Hz_1,CBF,0,bubble 18 1000Hz .wav,1.923097,-1.888889,0.638889
1000Hz_1,MVDR,0,bubble 18 1000Hz .wav,0.972222,0.000000,0.027778
1000Hz_1,MUSIC,0,bubble 18 1000Hz .wav,0.794464,-0.638889,0.527778
1000Hz_1,MUSIC_CSDM,0,bubble 18 1000Hz .wav,0.957830,0.833333,1.472222
1000Hz_1,CBF,-5,bubble 18 1000Hz .wav,4.399951,0.583333,5.361111
1000Hz_1,MVDR,-5,bubble 18 1000Hz .wav,1.003466,-0.083333,0.000000
1000Hz_1,MUSIC,-5,bubble 18 1000Hz .wav,2.022253,-1.222222,2.611111
1000Hz_1,MUSIC_CSDM,-5,bubble 18 1000Hz .wav,1.029278,-1.027778,0.944444
1000Hz_1,CBF,-10,bubble 18 1000Hz .wav,1.871241,-1.861111,0.805556
1000Hz_1,MVDR,-10,bubble 18 1000Hz .wav,0.397717,-0.166667,0.638889
1000Hz_1,MUSIC,-10,bubble 18 1000Hz .wav,1.398853,1.388889,0.833333
1000Hz_1,MUSIC_CSDM,-10,bubble 18 1000Hz .wav,1.125600,1.083333,1.305556
1000Hz_1,CBF,-15,bubble 18 1000Hz .wav,0.377819,0.305556,1.222222
1000Hz_1,MVDR,-15,bubble 18 1000Hz .wav,0.709830,-0.361111,0.388889
1000Hz_1,MUSIC,-15,bubble 18 1000Hz .wav,2.416028,1.722222,2.694444
1000Hz_1,MUSIC_CSDM,-15,bubble 18 1000Hz .wav,0.709830,-0.361111,0.388889
1000Hz_1,CBF,-20,bubble 18 1000Hz .wav,2.602231,0.722222,3.500000
1000Hz_1,MVDR,-20,bubble 18 1000Hz .wav,2.644147,-0.166667,3.638889
1000Hz_1,MUSIC,-20,bubble 18 1000Hz .wav,2.892226,-2.777778,0.194444
1000Hz_1,MUSIC_CSDM,-20,bubble 18 1000Hz .wav,1.055921,0.861111,0.388889
1000Hz_1,CBF,clean,bubble 19 1000Hz .wav,5.000077,-0.027778,6.000000
1000Hz_1,MVDR,clean,bubble 19 1000Hz .wav,1.000386,-0.027778,0.000000
1000Hz_1,MUSIC,clean,bubble 19 1000Hz .wav,1.223484,1.222222,1.055556
1000Hz_1,MUSIC_CSDM,clean,bubble 19 1000Hz .wav,3.850004,2.694444,3.750000
1000Hz_1,CBF,20,bubble 19 1000Hz .wav,5.000077,-0.027778,6.000000
1000Hz_1,MVDR,20,bubble 19 1000Hz .wav,1.000386,-0.027778,0.000000
1000Hz_1,MUSIC,20,bubble 19 1000Hz .wav,0.555556,0.000000,0.444444
1000Hz_1,MUSIC_CSDM,20,bubble 19 1000Hz .wav,0.283279,0.277778,0.944444
1000Hz_1,CBF,15,bubble 19 1000Hz .wav,5.001234,-0.111111,6.000000
1000Hz_1,MVDR,15,bubble 19 1000Hz .wav,1.000386,-0.027778,0.000000
1000Hz_1,MUSIC,15,bubble 19 1000Hz .wav,2.311071,0.527778,3.250000
1000Hz_1,MUSIC_CSDM,15,bubble 19 1000Hz .wav,0.475479,-0.055556,0.527778
1000Hz_1,CBF,10,bubble 19 1000Hz .wav,5.000077,-0.027778,6.000000
1000Hz_1,MVDR,10,bubble 19 1000Hz .wav,0.918349,-0.055556,0.083333
1000Hz_1,MUSIC,10,bubble 19 1000Hz .wav,2.389050,-2.388889,1.027778
1000Hz_1,MUSIC_CSDM,10,bubble 19 1000Hz .wav,3.464992,-2.611111,3.277778
1000Hz_1,CBF,5,bubble 19 1000Hz .wav,5.003779,-0.194444,6.000000
1000Hz_1,MVDR,5,bubble 19 1000Hz .wav,1.000386,-0.027778,0.000000
1000Hz_1,MUSIC,5,bubble 19 1000Hz .wav,0.485118,-0.472222,0.888889
1000Hz_1,MUSIC_CSDM,5,bubble 19 1000Hz .wav,1.715938,1.500000,1.833333
1000Hz_1,CBF,0,bubble 19 1000Hz .wav,3.963569,-0.388889,4.944444
1000Hz_1,MVDR,0,bubble 19 1000Hz .wav,0.889323,-0.027778,0.111111
1000Hz_1,MUSIC,0,bubble 19 1000Hz .wav,1.072237,0.638889,0.138889
1000Hz_1,MUSIC_CSDM,0,bubble 19 1000Hz .wav,0.351364,0.111111,0.666667
1000Hz_1,CBF,-5,bubble 19 1000Hz .wav,0.768295,-0.750000,0.833333
1000Hz_1,MVDR,-5,bubble 19 1000Hz .wav,1.009599,-0.138889,0.000000
1000Hz_1,MUSIC,-5,bubble 19 1000Hz .wav,1.617087,-1.611111,1.138889
1000Hz_1,MUSIC_CSDM,-5,bubble 19 1000Hz .wav,0.485913,0.416667,1.250000
1000Hz_1,CBF,-10,bubble 19 1000Hz .wav,1.045641,-0.305556,0.000000
1000Hz_1,MVDR,-10,bubble 19 1000Hz .wav,0.837490,-0.083333,0.166667
1000Hz_1,MUSIC,-10,bubble 19 1000Hz .wav,2.724489,2.722222,0.888889
1000Hz_1,MUSIC_CSDM,-10,bubble 19 1000Hz .wav,1.019108,-0.305556,0.027778
1000Hz_1,CBF,-15,bubble 19 1000Hz .wav,0.997296,0.972222,0.777778
1000Hz_1,MVDR,-15,bubble 19 1000Hz .wav,1.037120,1.027778,0.861111
1000Hz_1,MUSIC,-15,bubble 19 1000Hz .wav,2.160961,-1.500000,2.555556
1000Hz_1,MUSIC_CSDM,-15,bubble 19 1000Hz .wav,2.029299,-1.916667,0.333333
1000Hz_1,CBF,-20,bubble 19 1000Hz .wav,0.708197,0.472222,0.472222
1000Hz_1,MVDR,-20,bubble 19 1000Hz .wav,0.694444,0.416667,0.444444
1000Hz_1,MUSIC,-20,bubble 19 1000Hz .wav,5.666667,-2.666667,6.000000
1000Hz_1,MUSIC_CSDM,-20,bubble 19 1000Hz .wav,0.392837,0.277778,0.722222
1000Hz_1,CBF,clean,bubble 20 1000Hz .wav,5.000077,-0.027778,6.000000
1000Hz_1,MVDR,clean,bubble 20 1000Hz .wav,1.000386,-0.027778,0.000000
1000Hz_1,MUSIC,clean,bubble 20 1000Hz .wav,0.559017,0.500000,1.250000
1000Hz_1,MUSIC_CSDM,clean,bubble 20 1000Hz .wav,0.918349,-0.055556,1.916667
1000Hz_1,CBF,20,bubble 20 1000Hz .wav,5.000309,-0.055556,6.000000
1000Hz_1,MVDR,20,bubble 20 1000Hz .wav,1.000386,-0.027778,0.000000
1000Hz_1,MUSIC,20,bubble 20 1000Hz .wav,0.944853,-0.388889,0.138889
1000Hz_1,MUSIC_CSDM,20,bubble 20 1000Hz .wav,1.681416,0.222222,2.666667
1000Hz_1,CBF,15,bubble 20 1000Hz .wav,5.000077,-0.027778,6.000000
1000Hz_1,MVDR,15,bubble 20 1000Hz .wav,0.918349,-0.055556,0.083333
1000Hz_1,MUSIC,15,bubble 20 1000Hz .wav,0.920028,-0.805556,0.555556
1000Hz_1,MUSIC_CSDM,15,bubble 20 1000Hz .wav,0.355729,-0.277778,1.222222
1000Hz_1,CBF,10,bubble 20 1000Hz .wav,5.000077,0.027778,6.000000
1000Hz_1,MVDR,10,bubble 20 1000Hz .wav,1.001542,-0.055556,0.000000
1000Hz_1,MUSIC,10,bubble 20 1000Hz .wav,1.705565,1.027778,2.361111
1000Hz_1,MUSIC_CSDM,10,bubble 20 1000Hz .wav,2.681095,0.277778,3.666667
1000Hz_1,CBF,5,bubble 20 1000Hz .wav,5.007710,0.277778,6.000000
1000Hz_1,MVDR,5,bubble 20 1000Hz .wav,1.001542,-0.055556,0.000000
1000Hz_1,MUSIC,5,bubble 20 1000Hz .wav,0.920447,0.083333,1.916667
1000Hz_1,MUSIC_CSDM,5,bubble 20 1000Hz .wav,0.865134,-0.083333,0.138889
1000Hz_1,CBF,0,bubble 20 1000Hz .wav,4.528119,-0.055556,5.527778
1000Hz_1,MVDR,0,bubble 20 1000Hz .wav,1.001542,-0.055556,0.000000
1000Hz_1,MUSIC,0,bubble 20 1000Hz .wav,1.916868,1.916667,1.027778
1000Hz_1,MUSIC_CSDM,0,bubble 20 1000Hz .wav,1.528030,-0.694444,2.361111
1000Hz_1,CBF,-5,bubble 20 1000Hz .wav,1.585281,-1.555556,1.305556
1000Hz_1,MVDR,-5,bubble 20 1000Hz .wav,0.730719,-0.111111,0.277778
1000Hz_1,MUSIC,-5,bubble 20 1000Hz .wav,0.648479,0.638889,0.888889
1000Hz_1,MUSIC_CSDM,-5,bubble 20 1000Hz .wav,2.046715,-2.027778,1.277778
1000Hz_1,CBF,-10,bubble 20 1000Hz .wav,0.686061,0.250000,1.638889
1000Hz_1,MVDR,-10,bubble 20 1000Hz .wav,0.306816,-0.027778,0.694444
1000Hz_1,MUSIC,-10,bubble 20 1000Hz .wav,0.729134,0.222222,0.305556
1000Hz_1,MUSIC_CSDM,-10,bubble 20 1000Hz .wav,0.439205,-0.138889,0.583333
1000Hz_1,CBF,-15,bubble 20 1000Hz .wav,0.806034,-0.805556,0.972222
1000Hz_1,MVDR,-15,bubble 20 1000Hz .wav,3.060098,-2.944444,1.833333
1000Hz_1,MUSIC,-15,bubble 20 1000Hz .wav,4.988026,2.611111,5.250000
1000Hz_1,MUSIC_CSDM,-15,bubble 20 1000Hz .wav,2.589747,-2.388889,0.000000
1000Hz_1,CBF,-20,bubble 20 1000Hz .wav,2.018625,1.666667,2.138889
1000Hz_1,MVDR,-20,bubble 20 1000Hz .wav,1.454293,1.277778,1.694444
1000Hz_1,MUSIC,-20,bubble 20 1000Hz .wav,0.970236,0.944444,1.222222
1000Hz_1,MUSIC_CSDM,-20,bubble 20 1000Hz .wav,2.223958,2.194444,1.361111
11000Hz_1,CBF,clean,bubble 01 11000Hz .wav,2.838367,2.777778,1.583333
11000Hz_1,MVDR,clean,bubble 01 11000Hz .wav,0.141639,-0.027778,0.861111
11000Hz_1,MUSIC,clean,bubble 01 11000Hz .wav,1.861940,-0.055556,2.861111
11000Hz_1,MUSIC_CSDM,clean,bubble 01 11000Hz .wav,0.168966,-0.027778,0.833333
11000Hz_1,CBF,20,bubble 01 11000Hz .wav,2.838367,2.777778,1.583333
11000Hz_1,MVDR,20,bubble 01 11000Hz .wav,0.141639,-0.027778,0.861111
11000Hz_1,MUSIC,20,bubble 01 11000Hz .wav,1.806410,-0.055556,2.805556
11000Hz_1,MUSIC_CSDM,20,bubble 01 11000Hz .wav,4.638307,-1.416667,5.416667
11000Hz_1,CBF,15,bubble 01 11000Hz .wav,2.838367,2.777778,1.583333
11000Hz_1,MVDR,15,bubble 01 11000Hz .wav,0.141639,-0.027778,0.861111
11000Hz_1,MUSIC,15,bubble 01 11000Hz .wav,1.057746,0.416667,1.972222
11000Hz_1,MUSIC_CSDM,15,bubble 01 11000Hz .wav,0.168966,-0.027778,0.833333
11000Hz_1,CBF,10,bubble 01 11000Hz .wav,1.662263,-1.638889,0.722222
11000Hz_1,MVDR,10,bubble 01 11000Hz .wav,0.141639,-0.027778,0.861111
11000Hz_1,MUSIC,10,bubble 01 11000Hz .wav,1.861940,-0.055556,2.861111
11000Hz_1,MUSIC_CSDM,10,bubble 01 11000Hz .wav,0.141639,-0.027778,0.861111
11000Hz_1,CBF,5,bubble 01 11000Hz .wav,1.662263,-1.638889,0.722222
11000Hz_1,MVDR,5,bubble 01 11000Hz .wav,0.141639,-0.027778,0.861111
11000Hz_1,MUSIC,5,bubble 01 11000Hz .wav,3.031343,1.388889,3.694444
11000Hz_1,MUSIC_CSDM,5,bubble 01 11000Hz .wav,0.168966,-0.027778,0.833333
11000Hz_1,CBF,0,bubble 01 11000Hz .wav,2.871341,2.805556,1.611111
11000Hz_1,MVDR,0,bubble 01 11000Hz .wav,0.141639,-0.027778,0.861111
11000Hz_1,MUSIC,0,bubble 01 11000Hz .wav,2.239516,0.277778,3.222222
11000Hz_1,MUSIC_CSDM,0,bubble 01 11000Hz .wav,2.555707,2.555556,0.972222
11000Hz_1,CBF,-5,bubble 01 11000Hz .wav,0.527778,0.000000,1.527778
11000Hz_1,MVDR,-5,bubble 01 11000Hz .wav,0.680981,0.666667,0.861111
11000Hz_1,MUSIC,-5,bubble 01 11000Hz .wav,1.459854,-1.361111,0.472222
11000Hz_1,MUSIC_CSDM,-5,bubble 01 11000Hz .wav,0.680981,0.666667,0.861111
11000Hz_1,CBF,-10,bubble 01 11000Hz .wav,0.472222,0.000000,1.472222
11000Hz_1,MVDR,-10,bubble 01 11000Hz .wav,1.448712,1.222222,0.222222
11000Hz_1,MUSIC,-10,bubble 01 11000Hz .wav,2.027778,1.333333,2.527778
11000Hz_1,MUSIC_CSDM,-10,bubble 01 11000Hz .wav,1.448712,1.222222,0.222222
11000Hz_1,CBF,-15,bubble 01 11000Hz .wav,3.059593,-1.500000,3.666667
11000Hz_1,MVDR,-15,bubble 01 11000Hz .wav,0.782229,-0.083333,0.222222
11000Hz_1,MUSIC,-15,bubble 01 11000Hz .wav,1.206016,1.055556,1.583333
11000Hz_1,MUSIC_CSDM,-15,bubble 01 11000Hz .wav,0.782229,-0.083333,0.222222
11000Hz_1,CBF,-20,bubble 01 11000Hz .wav,1.793335,-1.722222,1.500000
11000Hz_1,MVDR,-20,bubble 01 11000Hz .wav,1.166005,1.138889,1.250000
11000Hz_1,MUSIC,-20,bubble 01 11000Hz .wav,2.251543,2.250000,0.916667
11000Hz_1,MUSIC_CSDM,-20,bubble 01 11000Hz .wav,1.166005,1.138889,1.250000
11000Hz_1,CBF,clean,bubble 02 11000Hz .wav,2.838367,2.777778,1.583333
11000Hz_1,MVDR,clean,bubble 02 11000Hz .wav,0.141639,-0.027778,0.861111
11000Hz_1,MUSIC,clean,bubble 02 11000Hz .wav,1.422103,1.388889,1.305556
11000Hz_1,MUSIC_CSDM,clean,bubble 02 11000Hz .wav,0.062113,-0.027778,0.944444
11000Hz_1,CBF,20,bubble 02 11000Hz .wav,2.838367,2.777778,1.583333
11000Hz_1,MVDR,20,bubble 02 11000Hz .wav,0.141639,-0.027778,0.861111
11000Hz_1,MUSIC,20,bubble 02 11000Hz .wav,1.081908,-0.805556,0.277778
11000Hz_1,MUSIC_CSDM,20,bubble 02 11000Hz .wav,0.062113,-0.027778,0.944444
11000Hz_1,CBF,15,bubble 02 11000Hz .wav,2.838367,2.777778,1.583333
11000Hz_1,MVDR,15,bubble 02 11000Hz .wav,0.141639,-0.027778,0.861111
11000Hz_1,MUSIC,15,bubble 02 11000Hz .wav,0.062113,-0.027778,0.944444
11000Hz_1,MUSIC_CSDM,15,bubble 02 11000Hz .wav,0.141639,-0.027778,0.861111
11000Hz_1,CBF,10,bubble 02 11000Hz .wav,2.838367,2.777778,1.583333
11000Hz_1,MVDR,10,bubble 02 11000Hz .wav,0.141639,-0.027778,0.861111
11000Hz_1,MUSIC,10,bubble 02 11000Hz .wav,3.568228,-0.694444,4.500000
11000Hz_1,MUSIC_CSDM,10,bubble 02 11000Hz .wav,5.250073,2.750000,5.472222
11000Hz_1,CBF,5,bubble 02 11000Hz .wav,2.838367,2.777778,1.583333
11000Hz_1,MVDR,5,bubble 02 11000Hz .wav,4.483853,-2.500000,4.722222
11000Hz_1,MUSIC,5,bubble 02 11000Hz .wav,2.857873,1.222222,3.583333
11000Hz_1,MUSIC_CSDM,5,bubble 02 11000Hz .wav,1.625653,1.361111,0.111111
11000Hz_1,CBF,0,bubble 02 11000Hz .wav,2.832789,2.777778,1.555556
11000Hz_1,MVDR,0,bubble 02 11000Hz .wav,3.662455,-0.611111,4.611111
11000Hz_1,MUSIC,0,bubble 02 11000Hz .wav,2.226558,-1.694444,2.444444
11000Hz_1,MUSIC_CSDM,0,bubble 02 11000Hz .wav,0.933763,-0.472222,0.194444
11000Hz_1,CBF,-5,bubble 02 11000Hz .wav,1.662263,-1.638889,0.722222
11000Hz_1,MVDR,-5,bubble 02 11000Hz .wav,0.168966,-0.027778,0.833333
11000Hz_1,MUSIC,-5,bubble 02 11000Hz .wav,3.609936,2.777778,3.305556
11000Hz_1,MUSIC_CSDM,-5,bubble 02 11000Hz .wav,0.141639,-0.027778,0.861111
11000Hz_1,CBF,-10,bubble 02 11000Hz .wav,1.037863,0.277778,0.000000
11000Hz_1,MVDR,-10,bubble 02 11000Hz .wav,0.747940,-0.388889,1.638889
11000Hz_1,MUSIC,-10,bubble 02 11000Hz .wav,0.848019,-0.722222,1.444444
11000Hz_1,MUSIC_CSDM,-10,bubble 02 11000Hz .wav,0.747940,-0.388889,1.638889
11000Hz_1,CBF,-15,bubble 02 11000Hz .wav,3.568228,0.694444,4.500000
11000Hz_1,MVDR,-15,bubble 02 11000Hz .wav,0.878410,0.277778,1.833333
11000Hz_1,MUSIC,-15,bubble 02 11000Hz .wav,2.231232,2.111111,0.277778
11000Hz_1,MUSIC_CSDM,-15,bubble 02 11000Hz .wav,0.904805,0.277778,1.861111
11000Hz_1,CBF,-20,bubble 02 11000Hz .wav,1.433990,0.527778,2.333333
11000Hz_1,MVDR,-20,bubble 02 11000Hz .wav,2.809403,-0.694444,3.722222
11000Hz_1,MUSIC,-20,bubble 02 11000Hz .wav,0.844828,-0.611111,0.416667
11000Hz_1,MUSIC_CSDM,-20,bubble 02 11000Hz .wav,2.809403,-0.694444,3.722222
11000Hz_1,CBF,clean,bubble 03 11000Hz .wav,2.838367,2.777778,1.583333
11000Hz_1,MVDR,clean,bubble 03 11000Hz .wav,0.141639,-0.027778,0.861111
11000Hz_1,MUSIC,clean,bubble 03 11000Hz .wav,1.422103,-0.305556,2.388889
11000Hz_1,MUSIC_CSDM,clean,bubble 03 11000Hz .wav,0.168966,-0.027778,0.833333
11000Hz_1,CBF,20,bubble 03 11000Hz .wav,2.838367,2.777778,1.583333
11000Hz_1,MVDR,20,bubble 03 11000Hz .wav,0.141639,-0.027778,0.861111
11000Hz_1,MUSIC,20,bubble 03 11000Hz .wav,0.762752,-0.416667,0.361111
11000Hz_1,MUSIC_CSDM,20,bubble 03 11000Hz .wav,0.196419,-0.027778,0.805556
11000Hz_1,CBF,15,bubble 03 11000Hz .wav,2.838367,2.777778,1.583333
11000Hz_1,MVDR,15,bubble 03 11000Hz .wav,0.141639,-0.027778,0.861111
11000Hz_1,MUSIC,15,bubble 03 11000Hz .wav,1.243812,-0.611111,2.083333
11000Hz_1,MUSIC_CSDM,15,bubble 03 11000Hz .wav,4.685560,-2.694444,4.833333
11000Hz_1,CBF,10,bubble 03 11000Hz .wav,2.838367,2.777778,1.583333
11000Hz_1,MVDR,10,bubble 03 11000Hz .wav,0.141639,-0.027778,0.861111
11000Hz_1,MUSIC,10,bubble 03 11000Hz .wav,0.533594,-0.416667,0.666667
11000Hz_1,MUSIC_CSDM,10,bubble 03 11000Hz .wav,1.343710,-1.333333,1.166667
11000Hz_1,CBF,5,bubble 03 11000Hz .wav,2.800187,2.750000,1.527778
11000Hz_1,MVDR,5,bubble 03 11000Hz .wav,0.141639,-0.027778,0.861111
11000Hz_1,MUSIC,5,bubble 03 11000Hz .wav,3.958991,-3.000000,3.583333
11000Hz_1,MUSIC_CSDM,5,bubble 03 11000Hz .wav,0.117851,0.083333,1.083333
11000Hz_1,CBF,0,bubble 03 11000Hz .wav,1.634882,-1.611111,0.722222
11000Hz_1,MVDR,0,bubble 03 11000Hz .wav,0.141639,-0.027778,0.861111
11000Hz_1,MUSIC,0,bubble 03 11000Hz .wav,1.537846,-1.472222,1.444444
11000Hz_1,MUSIC_CSDM,0,bubble 03 11000Hz .wav,0.290009,-0.277778,1.083333
11000Hz_1,CBF,-5,bubble 03 11000Hz .wav,2.832789,2.777778,1.555556
11000Hz_1,MVDR,-5,bubble 03 11000Hz .wav,0.809854,-0.083333,0.194444
11000Hz_1,MUSIC,-5,bubble 03 11000Hz .wav,0.447903,0.388889,0.777778
11000Hz_1,MUSIC_CSDM,-5,bubble 03 11000Hz .wav,2.851386,-2.333333,2.638889
11000Hz_1,CBF,-10,bubble 03 11000Hz .wav,0.828691,0.638889,1.527778
11000Hz_1,MVDR,-10,bubble 03 11000Hz .wav,1.472222,-1.250000,0.222222
11000Hz_1,MUSIC,-10,bubble 03 11000Hz .wav,1.394987,-1.361111,1.305556
11000Hz_1,MUSIC_CSDM,-10,bubble 03 11000Hz .wav,1.472222,-1.250000,0.222222
11000Hz_1,CBF,-15,bubble 03 11000Hz .wav,0.500771,0.500000,0.972222
11000Hz_1,MVDR,-15,bubble 03 11000Hz .wav,1.042685,0.777778,0.305556
11000Hz_1,MUSIC,-15,bubble 03 11000Hz .wav,2.799085,2.138889,2.805556
11000Hz_1,MUSIC_CSDM,-15,bubble 03 11000Hz .wav,1.042685,0.777778,0.305556
11000Hz_1,CBF,-20,bubble 03 11000Hz .wav,0.455589,0.361111,0.722222
11000Hz_1,MVDR,-20,bubble 03 11000Hz .wav,2.240377,0.666667,3.138889
11000Hz_1,MUSIC,-20,bubble 03 11000Hz .wav,0.316715,0.250000,0.805556
11000Hz_1,MUSIC_CSDM,-20,bubble 03 11000Hz .wav,2.240377,0.666667,3.138889
11000Hz_1,CBF,clean,bubble 04 11000Hz .wav,2.838367,2.777778,1.583333
11000Hz_1,MVDR,clean,bubble 04 11000Hz .wav,0.141639,-0.027778,0.861111
11000Hz_1,MUSIC,clean,bubble 04 11000Hz .wav,0.555556,0.000000,1.555556
11000Hz_1,MUSIC_CSDM,clean,bubble 04 11000Hz .wav,4.446614,-0.138889,5.444444
11000Hz_1,CBF,20,bubble 04 11000Hz .wav,2.838367,2.777778,1.583333
11000Hz_1,MVDR,20,bubble 04 11000Hz .wav,0.141639,-0.027778,0.861111
11000Hz_1,MUSIC,20,bubble 04 11000Hz .wav,1.853633,0.611111,2.750000
11000Hz_1,MUSIC_CSDM,20,bubble 04 11000Hz .wav,4.624145,-2.666667,4.777778
11000Hz_1,CBF,15,bubble 04 11000Hz .wav,2.838367,2.777778,1.583333
11000Hz_1,MVDR,15,bubble 04 11000Hz .wav,0.141639,-0.027778,0.861111
11000Hz_1,MUSIC,15,bubble 04 11000Hz .wav,0.933350,0.555556,0.250000
11000Hz_1,MUSIC_CSDM,15,bubble 04 11000Hz .wav,1.607515,0.500000,2.527778
11000Hz_1,CBF,10,bubble 04 11000Hz .wav,2.838367,2.777778,1.583333
11000Hz_1,MVDR,10,bubble 04 11000Hz .wav,0.141639,-0.027778,0.861111
11000Hz_1,MUSIC,10,bubble 04 11000Hz .wav,1.525503,-1.500000,1.277778
11000Hz_1,MUSIC_CSDM,10,bubble 04 11000Hz .wav,4.378416,2.305556,4.722222
11000Hz_1,CBF,5,bubble 04 11000Hz .wav,2.832789,2.777778,1.555556
11000Hz_1,MVDR,5,bubble 04 11000Hz .wav,0.141639,-0.027778,0.861111
11000Hz_1,MUSIC,5,bubble 04 11000Hz .wav,0.452189,-0.333333,0.694444
11000Hz_1,MUSIC_CSDM,5,bubble 04 11000Hz .wav,2.416028,2.305556,0.277778
11000Hz_1,CBF,0,bubble 04 11000Hz .wav,0.412946,0.305556,1.277778
11000Hz_1,MVDR,0,bubble 04 11000Hz .wav,0.708197,0.638889,0.694444
11000Hz_1,MUSIC,0,bubble 04 11000Hz .wav,2.303547,-1.277778,2.916667
11000Hz_1,MUSIC_CSDM,0,bubble 04 11000Hz .wav,2.417305,-2.416667,0.944444
11000Hz_1,CBF,-5,bubble 04 11000Hz .wav,2.832789,2.777778,1.555556
11000Hz_1,MVDR,-5,bubble 04 11000Hz .wav,2.931576,2.861111,1.638889
11000Hz_1,MUSIC,-5,bubble 04 11000Hz .wav,2.084074,-0.055556,3.083333
11000Hz_1,MUSIC_CSDM,-5,bubble 04 11000Hz .wav,2.931576,2.861111,1.638889
11000Hz_1,CBF,-10,bubble 04 11000Hz .wav,2.865557,2.805556,1.583333
11000Hz_1,MVDR,-10,bubble 04 11000Hz .wav,0.745356,-0.666667,0.666667
11000Hz_1,MUSIC,-10,bubble 04 11000Hz .wav,2.718393,-2.666667,1.527778
11000Hz_1,MUSIC_CSDM,-10,bubble 04 11000Hz .wav,0.745356,-0.666667,0.666667
11000Hz_1,CBF,-15,bubble 04 11000Hz .wav,0.762752,-0.416667,1.638889
11000Hz_1,MVDR,-15,bubble 04 11000Hz .wav,1.431836,-1.361111,1.444444
11000Hz_1,MUSIC,-15,bubble 04 11000Hz .wav,3.820530,-0.861111,4.722222
11000Hz_1,MUSIC_CSDM,-15,bubble 04 11000Hz .wav,1.431836,-1.361111,1.444444
11000Hz_1,CBF,-20,bubble 04 11000Hz .wav,0.909908,-0.888889,0.805556
11000Hz_1,MVDR,-20,bubble 04 11000Hz .wav,0.839790,-0.472222,0.305556
11000Hz_1,MUSIC,-20,bubble 04 11000Hz .wav,2.182457,1.611111,2.472222
11000Hz_1,MUSIC_CSDM,-20,bubble 04 11000Hz .wav,0.839790,-0.472222,0.305556
11000Hz_1,CBF,clean,bubble 05 11000Hz .wav,2.838367,2.777778,1.583333
11000Hz_1,MVDR,clean,bubble 05 11000Hz .wav,0.141639,-0.027778,0.861111
11000Hz_1,MUSIC,clean,bubble 05 11000Hz .wav,1.889706,-0.055556,2.888889
11000Hz_1,MUSIC_CSDM,clean,bubble 05 11000Hz .wav,4.668733,-0.138889,5.666667
11000Hz_1,CBF,20,bubble 05 11000Hz .wav,2.838367,2.777778,1.583333
11000Hz_1,MVDR,20,bubble 05 11000Hz .wav,0.141639,-0.027778,0.861111
11000Hz_1,MUSIC,20,bubble 05 11000Hz .wav,0.703277,-0.694444,0.888889
11000Hz_1,MUSIC_CSDM,20,bubble 05 11000Hz .wav,1.554811,0.500000,2.472222
11000Hz_1,CBF,15,bubble 05 11000Hz .wav,2.838367,2.777778,1.583333
11000Hz_1,MVDR,15,bubble 05 11000Hz .wav,0.141639,-0.027778,0.861111
11000Hz_1,MUSIC,15,bubble 05 11000Hz .wav,3.165326,2.138889,3.333333
11000Hz_1,MUSIC_CSDM,15,bubble 05 11000Hz .wav,0.168966,-0.027778,0.833333
11000Hz_1,CBF,10,bubble 05 11000Hz .wav,2.838367,2.777778,1.583333
11000Hz_1,MVDR,10,bubble 05 11000Hz .wav,0.141639,-0.027778,0.861111
11000Hz_1,MUSIC,10,bubble 05 11000Hz .wav,2.800187,-0.527778,3.750000
11000Hz_1,MUSIC_CSDM,10,bubble 05 11000Hz .wav,0.913716,-0.861111,1.305556
11000Hz_1,CBF,5,bubble 05 11000Hz .wav,1.662263,-1.638889,0.722222
11000Hz_1,MVDR,5,bubble 05 11000Hz .wav,0.141639,-0.027778,0.861111
11000Hz_1,MUSIC,5,bubble 05 11000Hz .wav,0.062113,-0.055556,1.027778
11000Hz_1,MUSIC_CSDM,5,bubble 05 11000Hz .wav,4.388977,-2.611111,4.527778
11000Hz_1,CBF,0,bubble 05 11000Hz .wav,2.838367,2.777778,1.583333
11000Hz_1,MVDR,0,bubble 05 11000Hz .wav,0.168966,-0.027778,0.833333
11000Hz_1,MUSIC,0,bubble 05 11000Hz .wav,0.262055,0.222222,1.138889
11000Hz_1,MUSIC_CSDM,0,bubble 05 11000Hz .wav,1.501028,-0.055556,2.500000
11000Hz_1,CBF,-5,bubble 05 11000Hz .wav,0.500000,0.000000,1.500000
11000Hz_1,MVDR,-5,bubble 05 11000Hz .wav,0.906935,-0.416667,0.194444
11000Hz_1,MUSIC,-5,bubble 05 11000Hz .wav,0.896667,0.861111,1.250000
11000Hz_1,MUSIC_CSDM,-5,bubble 05 11000Hz .wav,0.906935,-0.416667,0.194444
11000Hz_1,CBF,-10,bubble 05 11000Hz .wav,1.001542,0.944444,0.666667
11000Hz_1,MVDR,-10,bubble 05 11000Hz .wav,0.919608,0.388889,0.166667
11000Hz_1,MUSIC,-10,bubble 05 11000Hz .wav,3.337613,-1.277778,4.083333
11000Hz_1,MUSIC_CSDM,-10,bubble 05 11000Hz .wav,0.919608,0.388889,0.166667
11000Hz_1,CBF,-15,bubble 05 11000Hz .wav,0.943218,0.222222,0.083333
11000Hz_1,MVDR,-15,bubble 05 11000Hz .wav,1.756821,1.666667,0.444444
11000Hz_1,MUSIC,-15,bubble 05 11000Hz .wav,1.674979,1.666667,1.166667
11000Hz_1,MUSIC_CSDM,-15,bubble 05 11000Hz .wav,1.756821,1.666667,0.444444
11000Hz_1,CBF,-20,bubble 05 11000Hz .wav,0.277778,0.000000,1.277778
11000Hz_1,MVDR,-20,bubble 05 11000Hz .wav,0.828691,-0.527778,1.638889
11000Hz_1,MUSIC,-20,bubble 05 11000Hz .wav,3.056187,0.583333,4.000000
11000Hz_1,MUSIC_CSDM,-20,bubble 05 11000Hz .wav,0.828691,-0.527778,1.638889
11000Hz_1,CBF,clean,bubble 06 11000Hz .wav,2.838367,2.777778,1.583333
11000Hz_1,MVDR,clean,bubble 06 11000Hz .wav,0.141639,-0.027778,0.861111
11000Hz_1,MUSIC,clean,bubble 06 11000Hz .wav,0.611111,0.000000,1.611111
11000Hz_1,MUSIC_CSDM,clean,bubble 06 11000Hz .wav,4.696499,-0.138889,5.694444
11000Hz_1,CBF,20,bubble 06 11000Hz .wav,2.838367,2.777778,1.583333
11000Hz_1,MVDR,20,bubble 06 11000Hz .wav,0.141639,-0.027778,0.861111
11000Hz_1,MUSIC,20,bubble 06 11000Hz .wav,0.982093,-0.138889,1.972222
11000Hz_1,MUSIC_CSDM,20,bubble 06 11000Hz .wav,0.695000,-0.027778,1.694444
11000Hz_1,CBF,15,bubble 06 11000Hz .wav,2.838367,2.777778,1.583333
11000Hz_1,MVDR,15,bubble 06 11000Hz .wav,0.141639,-0.027778,0.861111
11000Hz_1,MUSIC,15,bubble 06 11000Hz .wav,3.004754,-2.916667,1.722222
11000Hz_1,MUSIC_CSDM,15,bubble 06 11000Hz .wav,0.062113,-0.027778,0.944444
11000Hz_1,CBF,10,bubble 06 11000Hz .wav,2.838367,2.777778,1.583333
11000Hz_1,MVDR,10,bubble 06 11000Hz .wav,0.141639,-0.027778,0.861111
11000Hz_1,MUSIC,10,bubble 06 11000Hz .wav,0.394796,-0.305556,1.250000
11000Hz_1,MUSIC_CSDM,10,bubble 06 11000Hz .wav,1.304373,1.166667,0.416667
11000Hz_1,CBF,5,bubble 06 11000Hz .wav,2.838367,2.777778,1.583333
11000Hz_1,MVDR,5,bubble 06 11000Hz .wav,0.141639,-0.027778,0.861111
11000Hz_1,MUSIC,5,bubble 06 11000Hz .wav,1.356568,-1.333333,0.750000
11000Hz_1,MUSIC_CSDM,5,bubble 06 11000Hz .wav,1.186667,0.638889,0.000000
11000Hz_1,CBF,0,bubble 06 11000Hz .wav,2.871341,2.805556,1.611111
11000Hz_1,MVDR,0,bubble 06 11000Hz .wav,3.031725,2.944444,1.722222
11000Hz_1,MUSIC,0,bubble 06 11000Hz .wav,1.424001,0.500000,2.333333
11000Hz_1,MUSIC_CSDM,0,bubble 06 11000Hz .wav,3.099183,3.000000,1.777778
11000Hz_1,CBF,-5,bubble 06 11000Hz .wav,4.068188,-1.194444,4.888889
11000Hz_1,MVDR,-5,bubble 06 11000Hz .wav,0.660270,-0.250000,0.388889
11000Hz_1,MUSIC,-5,bubble 06 11000Hz .wav,0.985230,-0.361111,1.916667
11000Hz_1,MUSIC_CSDM,-5,bubble 06 11000Hz .wav,0.660270,-0.250000,0.388889
11000Hz_1,CBF,-10,bubble 06 11000Hz .wav,1.274755,-1.250000,0.750000
11000Hz_1,MVDR,-10,bubble 06 11000Hz .wav,0.310565,0.277778,1.138889
11000Hz_1,MUSIC,-10,bubble 06 11000Hz .wav,2.808854,-2.472222,2.333333
11000Hz_1,MUSIC_CSDM,-10,bubble 06 11000Hz .wav,0.310565,0.277778,1.138889
11000Hz_1,CBF,-15,bubble 06 11000Hz .wav,1.042685,0.777778,1.694444
11000Hz_1,MVDR,-15,bubble 06 11000Hz .wav,0.889323,0.555556,0.305556
11000Hz_1,MUSIC,-15,bubble 06 11000Hz .wav,0.727014,0.722222,1.083333
11000Hz_1,MUSIC_CSDM,-15,bubble 06 11000Hz .wav,0.889323,0.555556,0.305556
11000Hz_1,CBF,-20,bubble 06 11000Hz .wav,0.708197,0.305556,0.361111
11000Hz_1,MVDR,-20,bubble 06 11000Hz .wav,3.383534,-0.722222,4.305556
11000Hz_1,MUSIC,-20,bubble 06 11000Hz .wav,3.279778,2.916667,2.500000
11000Hz_1,MUSIC_CSDM,-20,bubble 06 11000Hz .wav,3.383534,-0.722222,4.305556
11000Hz_1,CBF,clean,bubble 07 11000Hz .wav,2.838367,2.777778,1.583333
11000Hz_1,MVDR,clean,bubble 07 11000Hz .wav,0.141639,-0.027778,0.861111
11000Hz_1,MUSIC,clean,bubble 07 11000Hz .wav,0.716860,0.416667,0.416667
11000Hz_1,MUSIC_CSDM,clean,bubble 07 11000Hz .wav,0.062113,-0.027778,0.944444
11000Hz_1,CBF,20,bubble 07 11000Hz .wav,2.838367,2.777778,1.583333
11000Hz_1,MVDR,20,bubble 07 11000Hz .wav,0.141639,-0.027778,0.861111
11000Hz_1,MUSIC,20,bubble 07 11000Hz .wav,1.931305,1.250000,2.472222
11000Hz_1,MUSIC_CSDM,20,bubble 07 11000Hz .wav,0.062113,-0.027778,0.944444
11000Hz_1,CBF,15,bubble 07 11000Hz .wav,2.838367,2.777778,1.583333
11000Hz_1,MVDR,15,bubble 07 11000Hz .wav,0.141639,-0.027778,0.861111
11000Hz_1,MUSIC,15,bubble 07 11000Hz .wav,2.331514,-0.861111,3.166667
11000Hz_1,MUSIC_CSDM,15,bubble 07 11000Hz .wav,1.124914,-0.611111,1.944444
11000Hz_1,CBF,10,bubble 07 11000Hz .wav,2.838367,2.777778,1.583333
11000Hz_1,MVDR,10,bubble 07 11000Hz .wav,0.141639,-0.027778,0.861111
11000Hz_1,MUSIC,10,bubble 07 11000Hz .wav,2.144473,2.055556,1.611111
11000Hz_1,MUSIC_CSDM,10,bubble 07 11000Hz .wav,0.141639,-0.027778,0.861111
11000Hz_1,CBF,5,bubble 07 11000Hz .wav,2.838367,2.777778,1.583333
11000Hz_1,MVDR,5,bubble 07 11000Hz .wav,0.141639,-0.027778,0.861111
11000Hz_1,MUSIC,5,bubble 07 11000Hz .wav,2.439547,-2.416667,1.333333
11000Hz_1,MUSIC_CSDM,5,bubble 07 11000Hz .wav,0.920447,-0.916667,0.916667
11000Hz_1,CBF,0,bubble 07 11000Hz .wav,2.871341,2.805556,1.611111
11000Hz_1,MVDR,0,bubble 07 11000Hz .wav,3.003213,-3.000000,0.861111
11000Hz_1,MUSIC,0,bubble 07 11000Hz .wav,2.373334,-1.277778,3.000000
11000Hz_1,MUSIC_CSDM,0,bubble 07 11000Hz .wav,3.003213,-3.000000,0.861111
11000Hz_1,CBF,-5,bubble 07 11000Hz .wav,2.800187,2.750000,1.527778
11000Hz_1,MVDR,-5,bubble 07 11000Hz .wav,2.059681,-2.027778,0.638889
11000Hz_1,MUSIC,-5,bubble 07 11000Hz .wav,0.969042,-0.444444,0.138889
11000Hz_1,MUSIC_CSDM,-5,bubble 07 11000Hz .wav,2.059681,-2.027778,0.638889
11000Hz_1,CBF,-10,bubble 07 11000Hz .wav,1.199601,-0.888889,0.194444
11000Hz_1,MVDR,-10,bubble 07 11000Hz .wav,1.044164,-0.916667,0.500000
11000Hz_1,MUSIC,-10,bubble 07 11000Hz .wav,1.901916,-1.888889,1.222222
11000Hz_1,MUSIC_CSDM,-10,bubble 07 11000Hz .wav,1.044164,-0.916667,0.500000
11000Hz_1,CBF,-15,bubble 07 11000Hz .wav,1.055921,-0.944444,0.527778
11000Hz_1,MVDR,-15,bubble 07 11000Hz .wav,0.445312,-0.444444,1.027778
11000Hz_1,MUSIC,-15,bubble 07 11000Hz .wav,2.056681,1.972222,1.583333
11000Hz_1,MUSIC_CSDM,-15,bubble 07 11000Hz .wav,0.445312,-0.444444,1.027778
11000Hz_1,CBF,-20,bubble 07 11000Hz .wav,0.995747,0.916667,1.388889
11000Hz_1,MVDR,-20,bubble 07 11000Hz .wav,1.186667,0.333333,2.138889
11000Hz_1,MUSIC,-20,bubble 07 11000Hz .wav,1.320540,-0.333333,2.277778
11000Hz_1,MUSIC_CSDM,-20,bubble 07 11000Hz .wav,1.186667,0.333333,2.138889
11000Hz_1,CBF,clean,bubble 08 11000Hz .wav,2.838367,2.777778,1.583333
11000Hz_1,MVDR,clean,bubble 08 11000Hz .wav,0.141639,-0.027778,0.861111
11000Hz_1,MUSIC,clean,bubble 08 11000Hz .wav,0.283279,0.277778,1.055556
11000Hz_1,MUSIC_CSDM,clean,bubble 08 11000Hz .wav,4.334758,-0.111111,5.333333
11000Hz_1,CBF,20,bubble 08 11000Hz .wav,2.838367,2.777778,1.583333
11000Hz_1,MVDR,20,bubble 08 11000Hz .wav,0.141639,-0.027778,0.861111
11000Hz_1,MUSIC,20,bubble 08 11000Hz .wav,0.555556,0.000000,1.555556
11000Hz_1,MUSIC_CSDM,20,bubble 08 11000Hz .wav,2.494593,-2.472222,1.333333
11000Hz_1,CBF,15,bubble 08 11000Hz .wav,2.838367,2.777778,1.583333
11000Hz_1,MVDR,15,bubble 08 11000Hz .wav,0.141639,-0.027778,0.861111
11000Hz_1,MUSIC,15,bubble 08 11000Hz .wav,2.648666,-2.611111,1.444444
11000Hz_1,MUSIC_CSDM,15,bubble 08 11000Hz .wav,1.790105,-1.194444,2.333333
11000Hz_1,CBF,10,bubble 08 11000Hz .wav,2.838367,2.777778,1.583333
11000Hz_1,MVDR,10,bubble 08 11000Hz .wav,0.141639,-0.027778,0.861111
11000Hz_1,MUSIC,10,bubble 08 11000Hz .wav,1.320540,0.500000,2.222222
11000Hz_1,MUSIC_CSDM,10,bubble 08 11000Hz .wav,4.561142,1.138889,5.416667
11000Hz_1,CBF,5,bubble 08 11000Hz .wav,2.838367,2.777778,1.583333
11000Hz_1,MVDR,5,bubble 08 11000Hz .wav,0.168966,-0.027778,0.833333
11000Hz_1,MUSIC,5,bubble 08 11000Hz .wav,0.909908,-0.777778,0.527778
11000Hz_1,MUSIC_CSDM,5,bubble 08 11000Hz .wav,1.280492,-0.972222,0.166667
11000Hz_1,CBF,0,bubble 08 11000Hz .wav,1.662263,-1.638889,0.722222
11000Hz_1,MVDR,0,bubble 08 11000Hz .wav,0.141639,-0.027778,0.861111
11000Hz_1,MUSIC,0,bubble 08 11000Hz .wav,2.064732,2.055556,0.805556
11000Hz_1,MUSIC_CSDM,0,bubble 08 11000Hz .wav,0.141639,-0.027778,0.861111
11000Hz_1,CBF,-5,bubble 08 11000Hz .wav,1.363660,-0.083333,2.361111
11000Hz_1,MVDR,-5,bubble 08 11000Hz .wav,1.986451,-1.861111,1.694444
11000Hz_1,MUSIC,-5,bubble 08 11000Hz .wav,2.192334,-2.027778,1.833333
11000Hz_1,MUSIC_CSDM,-5,bubble 08 11000Hz .wav,1.986451,-1.861111,1.694444
11000Hz_1,CBF,-10,bubble 08 11000Hz .wav,0.754615,-0.083333,0.250000
11000Hz_1,MVDR,-10,bubble 08 11000Hz .wav,1.395816,1.194444,1.722222
11000Hz_1,MUSIC,-10,bubble 08 11000Hz .wav,2.925120,2.916667,1.222222
11000Hz_1,MUSIC_CSDM,-10,bubble 08 11000Hz .wav,1.178839,0.972222,1.666667
11000Hz_1,CBF,-15,bubble 08 11000Hz .wav,1.862976,1.861111,1.083333
11000Hz_1,MVDR,-15,bubble 08 11000Hz .wav,5.816709,-2.972222,6.000000
11000Hz_1,MUSIC,-15,bubble 08 11000Hz .wav,1.874331,-1.861111,1.222222
11000Hz_1,MUSIC_CSDM,-15,bubble 08 11000Hz .wav,5.816709,-2.972222,6.000000
11000Hz_1,CBF,-20,bubble 08 11000Hz .wav,2.507550,2.500000,1.194444
11000Hz_1,MVDR,-20,bubble 08 11000Hz .wav,0.492223,-0.472222,1.138889
11000Hz_1,MUSIC,-20,bubble 08 11000Hz .wav,2.487779,-2.472222,1.277778
11000Hz_1,MUSIC_CSDM,-20,bubble 08 11000Hz .wav,0.492223,-0.472222,1.138889
11000Hz_1,CBF,clean,bubble 09 11000Hz .wav,2.838367,2.777778,1.583333
11000Hz_1,MVDR,clean,bubble 09 11000Hz .wav,0.141639,-0.027778,0.861111
11000Hz_1,MUSIC,clean,bubble 09 11000Hz .wav,0.039284,-0.027778,0.972222
11000Hz_1,MUSIC_CSDM,clean,bubble 09 11000Hz .wav,0.168966,-0.027778,0.833333
11000Hz_1,CBF,20,bubble 09 11000Hz .wav,2.838367,2.777778,1.583333
11000Hz_1,MVDR,20,bubble 09 11000Hz .wav,0.141639,-0.027778,0.861111
11000Hz_1,MUSIC,20,bubble 09 11000Hz .wav,0.832407,0.361111,1.750000
11000Hz_1,MUSIC_CSDM,20,bubble 09 11000Hz .wav,0.168966,-0.027778,0.833333
11000Hz_1,CBF,15,bubble 09 11000Hz .wav,2.838367,2.777778,1.583333
11000Hz_1,MVDR,15,bubble 09 11000Hz .wav,0.141639,-0.027778,0.861111
11000Hz_1,MUSIC,15,bubble 09 11000Hz .wav,1.626365,1.611111,1.222222
11000Hz_1,MUSIC_CSDM,15,bubble 09 11000Hz .wav,0.805556,-0.555556,1.583333
11000Hz_1,CBF,10,bubble 09 11000Hz .wav,2.838367,2.777778,1.583333
11000Hz_1,MVDR,10,bubble 09 11000Hz .wav,0.141639,-0.027778,0.861111
11000Hz_1,MUSIC,10,bubble 09 11000Hz .wav,2.485296,1.166667,3.194444
11000Hz_1,MUSIC_CSDM,10,bubble 09 11000Hz .wav,4.656404,-1.388889,5.444444
11000Hz_1,CBF,5,bubble 09 11000Hz .wav,2.838367,2.777778,1.583333
11000Hz_1,MVDR,5,bubble 09 11000Hz .wav,0.141639,-0.027778,0.861111
11000Hz_1,MUSIC,5,bubble 09 11000Hz .wav,0.394796,-0.305556,1.250000
11000Hz_1,MUSIC_CSDM,5,bubble 09 11000Hz .wav,4.345158,-2.416667,4.611111
11000Hz_1,CBF,0,bubble 09 11000Hz .wav,0.527778,0.000000,1.527778
11000Hz_1,MVDR,0,bubble 09 11000Hz .wav,0.168966,-0.027778,0.833333
11000Hz_1,MUSIC,0,bubble 09 11000Hz .wav,2.691006,1.916667,2.888889
11000Hz_1,MUSIC_CSDM,0,bubble 09 11000Hz .wav,1.368179,1.361111,1.138889
11000Hz_1,CBF,-5,bubble 09 11000Hz .wav,2.298181,-1.638889,2.611111
11000Hz_1,MVDR,-5,bubble 09 11000Hz .wav,1.394710,0.972222,0.000000
11000Hz_1,MUSIC,-5,bubble 09 11000Hz .wav,1.691710,-0.833333,2.472222
11000Hz_1,MUSIC_CSDM,-5,bubble 09 11000Hz .wav,1.732496,1.694444,1.361111
11000Hz_1,CBF,-10,bubble 09 11000Hz .wav,2.513083,-2.444444,1.583333
11000Hz_1,MVDR,-10,bubble 09 11000Hz .wav,2.856253,1.861111,3.166667
11000Hz_1,MUSIC,-10,bubble 09 11000Hz .wav,2.167379,2.166667,0.944444
11000Hz_1,MUSIC_CSDM,-10,bubble 09 11000Hz .wav,2.856253,1.861111,3.166667
11000Hz_1,CBF,-15,bubble 09 11000Hz .wav,3.153604,-3.000000,0.027778
11000Hz_1,MVDR,-15,bubble 09 11000Hz .wav,1.702621,1.694444,0.833333
11000Hz_1,MUSIC,-15,bubble 09 11000Hz .wav,0.782229,-0.222222,0.250000
11000Hz_1,MUSIC_CSDM,-15,bubble 09 11000Hz .wav,1.702621,1.694444,0.833333
11000Hz_1,CBF,-20,bubble 09 11000Hz .wav,0.516697,-0.416667,1.305556
11000Hz_1,MVDR,-20,bubble 09 11000Hz .wav,0.609214,0.416667,0.555556
11000Hz_1,MUSIC,-20,bubble 09 11000Hz .wav,0.494569,-0.305556,1.388889
11000Hz_1,MUSIC_CSDM,-20,bubble 09 11000Hz .wav,0.609214,0.416667,0.555556
11000Hz_1,CBF,clean,bubble 10 11000Hz .wav,2.838367,2.777778,1.583333
11000Hz_1,MVDR,clean,bubble 10 11000Hz .wav,0.141639,-0.027778,0.861111
11000Hz_1,MUSIC,clean,bubble 10 11000Hz .wav,1.478498,-1.333333,1.638889
11000Hz_1,MUSIC_CSDM,clean,bubble 10 11000Hz .wav,4.613202,-0.138889,5.611111
11000Hz_1,CBF,20,bubble 10 11000Hz .wav,2.838367,2.777778,1.583333
11000Hz_1,MVDR,20,bubble 10 11000Hz .wav,0.141639,-0.027778,0.861111
11000Hz_1,MUSIC,20,bubble 10 11000Hz .wav,2.182987,2.111111,0.444444
11000Hz_1,MUSIC_CSDM,20,bubble 10 11000Hz .wav,0.485118,-0.444444,0.805556
11000Hz_1,CBF,15,bubble 10 11000Hz .wav,2.838367,2.777778,1.583333
11000Hz_1,MVDR,15,bubble 10 11000Hz .wav,0.141639,-0.027778,0.861111
11000Hz_1,MUSIC,15,bubble 10 11000Hz .wav,1.603430,-0.388889,2.555556
11000Hz_1,MUSIC_CSDM,15,bubble 10 11000Hz .wav,5.706356,-2.750000,6.000000
11000Hz_1,CBF,10,bubble 10 11000Hz .wav,2.838367,2.777778,1.583333
11000Hz_1,MVDR,10,bubble 10 11000Hz .wav,0.141639,-0.027778,0.861111
11000Hz_1,MUSIC,10,bubble 10 11000Hz .wav,1.196703,1.111111,1.444444
11000Hz_1,MUSIC_CSDM,10,bubble 10 11000Hz .wav,4.668733,-0.138889,5.666667
11000Hz_1,CBF,5,bubble 10 11000Hz .wav,2.838367,2.777778,1.583333
11000Hz_1,MVDR,5,bubble 10 11000Hz .wav,0.141639,-0.027778,0.861111
11000Hz_1,MUSIC,5,bubble 10 11000Hz .wav,1.769294,0.666667,2.638889
11000Hz_1,MUSIC_CSDM,5,bubble 10 11000Hz .wav,3.528106,1.555556,4.166667
11000Hz_1,CBF,0,bubble 10 11000Hz .wav,1.662263,-1.638889,0.722222
11000Hz_1,MVDR,0,bubble 10 11000Hz .wav,0.141639,-0.027778,0.861111
11000Hz_1,MUSIC,0,bubble 10 11000Hz .wav,0.943218,-0.916667,1.222222
11000Hz_1,MUSIC_CSDM,0,bubble 10 11000Hz .wav,0.300463,0.250000,1.166667
11000Hz_1,CBF,-5,bubble 10 11000Hz .wav,1.662263,-1.638889,0.722222
11000Hz_1,MVDR,-5,bubble 10 11000Hz .wav,4.684160,-2.611111,4.888889
11000Hz_1,MUSIC,-5,bubble 10 11000Hz .wav,1.534078,1.527778,0.861111
11000Hz_1,MUSIC_CSDM,-5,bubble 10 11000Hz .wav,4.722712,-2.638889,4.916667
11000Hz_1,CBF,-10,bubble 10 11000Hz .wav,1.327824,1.277778,1.361111
11000Hz_1,MVDR,-10,bubble 10 11000Hz .wav,4.420945,2.250000,4.805556
11000Hz_1,MUSIC,-10,bubble 10 11000Hz .wav,0.991476,-0.972222,1.194444
11000Hz_1,MUSIC_CSDM,-10,bubble 10 11000Hz .wav,0.784200,-0.305556,0.277778
11000Hz_1,CBF,-15,bubble 10 11000Hz .wav,1.302005,0.250000,2.277778
11000Hz_1,MVDR,-15,bubble 10 11000Hz .wav,0.733354,0.305556,0.333333
11000Hz_1,MUSIC,-15,bubble 10 11000Hz .wav,1.233846,-1.055556,1.638889
11000Hz_1,MUSIC_CSDM,-15,bubble 10 11000Hz .wav,2.338123,-2.277778,1.527778
11000Hz_1,CBF,-20,bubble 10 11000Hz .wav,1.848005,1.250000,2.361111
11000Hz_1,MVDR,-20,bubble 10 11000Hz .wav,0.916667,0.000000,1.916667
11000Hz_1,MUSIC,-20,bubble 10 11000Hz .wav,0.746390,0.527778,0.472222
11000Hz_1,MUSIC_CSDM,-20,bubble 10 11000Hz .wav,0.916667,0.000000,1.916667
11000Hz_1,CBF,clean,bubble 11 11000Hz .wav,2.838367,2.777778,1.583333
11000Hz_1,MVDR,clean,bubble 11 11000Hz .wav,0.141639,-0.027778,0.861111
11000Hz_1,MUSIC,clean,bubble 11 11000Hz .wav,2.001735,-0.083333,3.000000
11000Hz_1,MUSIC_CSDM,clean,bubble 11 11000Hz .wav,4.362526,-0.111111,5.361111
11000Hz_1,CBF,20,bubble 11 11000Hz .wav,2.838367,2.777778,1.583333
11000Hz_1,MVDR,20,bubble 11 11000Hz .wav,0.141639,-0.027778,0.861111
11000Hz_1,MUSIC,20,bubble 11 11000Hz .wav,0.448764,-0.416667,0.833333
11000Hz_1,MUSIC_CSDM,20,bubble 11 11000Hz .wav,4.462636,-2.583333,4.638889
11000Hz_1,CBF,15,bubble 11 11000Hz .wav,2.838367,2.777778,1.583333
11000Hz_1,MVDR,15,bubble 11 11000Hz .wav,0.141639,-0.027778,0.861111
11000Hz_1,MUSIC,15,bubble 11 11000Hz .wav,0.882792,0.361111,1.805556
11000Hz_1,MUSIC_CSDM,15,bubble 11 11000Hz .wav,0.141639,-0.027778,0.861111
11000Hz_1,CBF,10,bubble 11 11000Hz .wav,2.838367,2.777778,1.583333
11000Hz_1,MVDR,10,bubble 11 11000Hz .wav,0.168966,-0.027778,0.833333
11000Hz_1,MUSIC,10,bubble 11 11000Hz .wav,0.773799,0.277778,1.722222
11000Hz_1,MUSIC_CSDM,10,bubble 11 11000Hz .wav,1.083333,1.000000,0.583333
11000Hz_1,CBF,5,bubble 11 11000Hz .wav,2.838367,2.777778,1.583333
11000Hz_1,MVDR,5,bubble 11 11000Hz .wav,4.345158,-2.416667,4.611111
11000Hz_1,MUSIC,5,bubble 11 11000Hz .wav,1.167989,1.055556,0.500000
11000Hz_1,MUSIC_CSDM,5,bubble 11 11000Hz .wav,0.562457,-0.527778,0.805556
11000Hz_1,CBF,0,bubble 11 11000Hz .wav,2.838367,2.777778,1.583333
11000Hz_1,MVDR,0,bubble 11 11000Hz .wav,0.168966,-0.027778,0.833333
11000Hz_1,MUSIC,0,bubble 11 11000Hz .wav,1.548845,-1.305556,0.166667
11000Hz_1,MUSIC_CSDM,0,bubble 11 11000Hz .wav,0.141639,-0.027778,0.861111
11000Hz_1,CBF,-5,bubble 11 11000Hz .wav,1.280492,1.250000,1.277778
11000Hz_1,MVDR,-5,bubble 11 11000Hz .wav,1.068993,0.972222,0.555556
11000Hz_1,MUSIC,-5,bubble 11 11000Hz .wav,0.512197,-0.111111,1.500000
11000Hz_1,MUSIC_CSDM,-5,bubble 11 11000Hz .wav,1.068993,0.972222,0.555556
11000Hz_1,CBF,-10,bubble 11 11000Hz .wav,0.687745,-0.472222,0.500000
11000Hz_1,MVDR,-10,bubble 11 11000Hz .wav,2.863268,-2.861111,0.888889
11000Hz_1,MUSIC,-10,bubble 11 11000Hz .wav,0.840708,-0.111111,1.833333
11000Hz_1,MUSIC_CSDM,-10,bubble 11 11000Hz .wav,2.863268,-2.861111,0.888889
11000Hz_1,CBF,-15,bubble 11 11000Hz .wav,0.699427,0.083333,0.305556
11000Hz_1,MVDR,-15,bubble 11 11000Hz .wav,1.030776,-1.000000,0.750000
11000Hz_1,MUSIC,-15,bubble 11 11000Hz .wav,1.024394,-0.222222,0.000000
11000Hz_1,MUSIC_CSDM,-15,bubble 11 11000Hz .wav,1.030776,-1.000000,0.750000
11000Hz_1,CBF,-20,bubble 11 11000Hz .wav,0.455589,0.361111,0.722222
11000Hz_1,MVDR,-20,bubble 11 11000Hz .wav,1.102746,0.833333,0.277778
11000Hz_1,MUSIC,-20,bubble 11 11000Hz .wav,3.487190,-1.777778,4.000000
11000Hz_1,MUSIC_CSDM,-20,bubble 11 11000Hz .wav,1.102746,0.833333,0.277778
11000Hz_1,CBF,clean,bubble 12 11000Hz .wav,2.838367,2.777778,1.583333
11000Hz_1,MVDR,clean,bubble 12 11000Hz .wav,0.141639,-0.027778,0.861111
11000Hz_1,MUSIC,clean,bubble 12 11000Hz .wav,1.689656,1.666667,1.277778
11000Hz_1,MUSIC_CSDM,clean,bubble 12 11000Hz .wav,0.168966,-0.027778,0.833333
11000Hz_1,CBF,20,bubble 12 11000Hz .wav,2.838367,2.777778,1.583333
11000Hz_1,MVDR,20,bubble 12 11000Hz .wav,0.141639,-0.027778,0.861111
11000Hz_1,MUSIC,20,bubble 12 11000Hz .wav,0.916667,-0.916667,1.000000
11000Hz_1,MUSIC_CSDM,20,bubble 12 11000Hz .wav,0.784200,-0.722222,1.305556
11000Hz_1,CBF,15,bubble 12 11000Hz .wav,2.838367,2.777778,1.583333
11000Hz_1,MVDR,15,bubble 12 11000Hz .wav,0.141639,-0.027778,0.861111
11000Hz_1,MUSIC,15,bubble 12 11000Hz .wav,0.686061,0.250000,0.361111
11000Hz_1,MUSIC_CSDM,15,bubble 12 11000Hz .wav,0.141639,-0.027778,0.861111
11000Hz_1,CBF,10,bubble 12 11000Hz .wav,2.838367,2.777778,1.583333
11000Hz_1,MVDR,10,bubble 12 11000Hz .wav,0.141639,-0.027778,0.861111
11000Hz_1,MUSIC,10,bubble 12 11000Hz .wav,1.426437,1.416667,1.166667
11000Hz_1,MUSIC_CSDM,10,bubble 12 11000Hz .wav,1.915257,1.805556,1.638889
11000Hz_1,CBF,5,bubble 12 11000Hz .wav,1.662263,-1.638889,0.722222
11000Hz_1,MVDR,5,bubble 12 11000Hz .wav,0.141639,-0.027778,0.861111
11000Hz_1,MUSIC,5,bubble 12 11000Hz .wav,1.630392,1.583333,0.611111
11000Hz_1,MUSIC_CSDM,5,bubble 12 11000Hz .wav,0.229061,-0.222222,0.944444
11000Hz_1,CBF,0,bubble 12 11000Hz .wav,1.634882,-1.611111,0.722222
11000Hz_1,MVDR,0,bubble 12 11000Hz .wav,0.417592,-0.027778,1.416667
11000Hz_1,MUSIC,0,bubble 12 11000Hz .wav,3.450040,-2.083333,3.750000
11000Hz_1,MUSIC_CSDM,0,bubble 12 11000Hz .wav,2.353419,-2.027778,2.194444
11000Hz_1,CBF,-5,bubble 12 11000Hz .wav,2.800187,2.750000,1.527778
11000Hz_1,MVDR,-5,bubble 12 11000Hz .wav,4.331285,2.305556,4.666667
11000Hz_1,MUSIC,-5,bubble 12 11000Hz .wav,2.496448,1.694444,2.833333
11000Hz_1,MUSIC_CSDM,-5,bubble 12 11000Hz .wav,4.407923,2.361111,4.722222
11000Hz_1,CBF,-10,bubble 12 11000Hz .wav,1.776475,-1.583333,1.805556
11000Hz_1,MVDR,-10,bubble 12 11000Hz .wav,2.377882,1.888889,2.444444
11000Hz_1,MUSIC,-10,bubble 12 11000Hz .wav,1.169639,-1.166667,1.083333
11000Hz_1,MUSIC_CSDM,-10,bubble 12 11000Hz .wav,2.377882,1.888889,2.444444
11000Hz_1,CBF,-15,bubble 12 11000Hz .wav,1.850300,-1.833333,0.750000
11000Hz_1,MVDR,-15,bubble 12 11000Hz .wav,1.630392,-1.583333,0.611111
11000Hz_1,MUSIC,-15,bubble 12 11000Hz .wav,4.844894,-2.472222,5.166667
11000Hz_1,MUSIC_CSDM,-15,bubble 12 11000Hz .wav,1.630392,-1.583333,0.611111
11000Hz_1,CBF,-20,bubble 12 11000Hz .wav,0.727014,-0.083333,0.277778
11000Hz_1,MVDR,-20,bubble 12 11000Hz .wav,0.724356,0.388889,1.611111
11000Hz_1,MUSIC,-20,bubble 12 11000Hz .wav,3.539024,2.611111,3.388889
11000Hz_1,MUSIC_CSDM,-20,bubble 12 11000Hz .wav,0.724356,0.388889,1.611111
11000Hz_1,CBF,clean,bubble 13 11000Hz .wav,2.838367,2.777778,1.583333
11000Hz_1,MVDR,clean,bubble 13 11000Hz .wav,0.141639,-0.027778,0.861111
11000Hz_1,MUSIC,clean,bubble 13 11000Hz .wav,1.206016,-0.305556,2.166667
11000Hz_1,MUSIC_CSDM,clean,bubble 13 11000Hz .wav,0.062113,-0.027778,0.944444
11000Hz_1,CBF,20,bubble 13 11000Hz .wav,2.838367,2.777778,1.583333
11000Hz_1,MVDR,20,bubble 13 11000Hz .wav,0.141639,-0.027778,0.861111
11000Hz_1,MUSIC,20,bubble 13 11000Hz .wav,0.871797,0.444444,1.750000
11000Hz_1,MUSIC_CSDM,20,bubble 13 11000Hz .wav,0.062113,-0.027778,0.944444
11000Hz_1,CBF,15,bubble 13 11000Hz .wav,2.838367,2.777778,1.583333
11000Hz_1,MVDR,15,bubble 13 11000Hz .wav,0.141639,-0.027778,0.861111
11000Hz_1,MUSIC,15,bubble 13 11000Hz .wav,0.901388,0.500000,0.250000
11000Hz_1,MUSIC_CSDM,15,bubble 13 11000Hz .wav,0.062113,-0.027778,0.944444
11000Hz_1,CBF,10,bubble 13 11000Hz .wav,1.662263,-1.638889,0.722222
11000Hz_1,MVDR,10,bubble 13 11000Hz .wav,0.141639,-0.027778,0.861111
11000Hz_1,MUSIC,10,bubble 13 11000Hz .wav,1.591111,-1.111111,2.138889
11000Hz_1,MUSIC_CSDM,10,bubble 13 11000Hz .wav,0.889323,0.694444,0.444444
11000Hz_1,CBF,5,bubble 13 11000Hz .wav,2.838367,2.777778,1.583333
11000Hz_1,MVDR,5,bubble 13 11000Hz .wav,0.141639,-0.027778,0.861111
11000Hz_1,MUSIC,5,bubble 13 11000Hz .wav,3.215750,-1.083333,4.027778
11000Hz_1,MUSIC_CSDM,5,bubble 13 11000Hz .wav,0.462314,-0.388889,0.750000
11000Hz_1,CBF,0,bubble 13 11000Hz .wav,2.838367,2.777778,1.583333
11000Hz_1,MVDR,0,bubble 13 11000Hz .wav,1.850300,-1.833333,1.250000
11000Hz_1,MUSIC,0,bubble 13 11000Hz .wav,0.500000,0.000000,1.500000
11000Hz_1,MUSIC_CSDM,0,bubble 13 11000Hz .wav,1.850300,-1.833333,1.250000
11000Hz_1,CBF,-5,bubble 13 11000Hz .wav,1.703528,-1.555556,1.694444
11000Hz_1,MVDR,-5,bubble 13 11000Hz .wav,1.198314,-0.833333,1.861111
11000Hz_1,MUSIC,-5,bubble 13 11000Hz .wav,0.964253,-0.722222,1.638889
11000Hz_1,MUSIC_CSDM,-5,bubble 13 11000Hz .wav,1.198314,-0.833333,1.861111
11000Hz_1,CBF,-10,bubble 13 11000Hz .wav,4.037345,-2.194444,4.388889
11000Hz_1,MVDR,-10,bubble 13 11000Hz .wav,2.533723,1.555556,3.000000
11000Hz_1,MUSIC,-10,bubble 13 11000Hz .wav,5.192662,2.861111,5.333333
11000Hz_1,MUSIC_CSDM,-10,bubble 13 11000Hz .wav,2.533723,1.555556,3.000000
11000Hz_1,CBF,-15,bubble 13 11000Hz .wav,0.931695,0.416667,0.166667
11000Hz_1,MVDR,-15,bubble 13 11000Hz .wav,2.713705,2.500000,2.055556
11000Hz_1,MUSIC,-15,bubble 13 11000Hz .wav,1.144296,-1.138889,1.111111
11000Hz_1,MUSIC_CSDM,-15,bubble 13 11000Hz .wav,2.713705,2.500000,2.055556
11000Hz_1,CBF,-20,bubble 13 11000Hz .wav,1.110069,-0.944444,1.583333
11000Hz_1,MVDR,-20,bubble 13 11000Hz .wav,0.337931,0.055556,0.666667
11000Hz_1,MUSIC,-20,bubble 13 11000Hz .wav,0.816969,-0.250000,0.222222
11000Hz_1,MUSIC_CSDM,-20,bubble 13 11000Hz .wav,0.337931,0.055556,0.666667
11000Hz_1,CBF,clean,bubble 14 11000Hz .wav,2.838367,2.777778,1.583333
11000Hz_1,MVDR,clean,bubble 14 11000Hz .wav,0.141639,-0.027778,0.861111
11000Hz_1,MUSIC,clean,bubble 14 11000Hz .wav,4.228066,-0.222222,5.222222
11000Hz_1,MUSIC_CSDM,clean,bubble 14 11000Hz .wav,0.168966,-0.027778,0.833333
11000Hz_1,CBF,20,bubble 14 11000Hz .wav,2.838367,2.777778,1.583333
11000Hz_1,MVDR,20,bubble 14 11000Hz .wav,0.141639,-0.027778,0.861111
11000Hz_1,MUSIC,20,bubble 14 11000Hz .wav,2.667390,-0.388889,3.638889
11000Hz_1,MUSIC_CSDM,20,bubble 14 11000Hz .wav,0.168966,-0.027778,0.833333
11000Hz_1,CBF,15,bubble 14 11000Hz .wav,2.832789,2.777778,1.555556
11000Hz_1,MVDR,15,bubble 14 11000Hz .wav,0.141639,-0.027778,0.861111
11000Hz_1,MUSIC,15,bubble 14 11000Hz .wav,1.618041,-1.333333,0.083333
11000Hz_1,MUSIC_CSDM,15,bubble 14 11000Hz .wav,0.168966,-0.027778,0.833333
11000Hz_1,CBF,10,bubble 14 11000Hz .wav,1.662263,-1.638889,0.722222
11000Hz_1,MVDR,10,bubble 14 11000Hz .wav,0.141639,-0.027778,0.861111
11000Hz_1,MUSIC,10,bubble 14 11000Hz .wav,1.853633,0.611111,2.750000
11000Hz_1,MUSIC_CSDM,10,bubble 14 11000Hz .wav,0.168966,-0.027778,0.833333
11000Hz_1,CBF,5,bubble 14 11000Hz .wav,2.838367,2.777778,1.583333
11000Hz_1,MVDR,5,bubble 14 11000Hz .wav,0.141639,-0.027778,0.861111
11000Hz_1,MUSIC,5,bubble 14 11000Hz .wav,0.795435,-0.333333,1.722222
11000Hz_1,MUSIC_CSDM,5,bubble 14 11000Hz .wav,5.140690,2.583333,5.444444
11000Hz_1,CBF,0,bubble 14 11000Hz .wav,2.838367,2.777778,1.583333
11000Hz_1,MVDR,0,bubble 14 11000Hz .wav,0.141639,-0.027778,0.861111
11000Hz_1,MUSIC,0,bubble 14 11000Hz .wav,1.084757,0.055556,2.083333
11000Hz_1,MUSIC_CSDM,0,bubble 14 11000Hz .wav,0.492223,-0.138889,0.527778
11000Hz_1,CBF,-5,bubble 14 11000Hz .wav,0.754615,-0.083333,0.250000
11000Hz_1,MVDR,-5,bubble 14 11000Hz .wav,0.596414,0.277778,1.527778
11000Hz_1,MUSIC,-5,bubble 14 11000Hz .wav,1.702621,-1.694444,1.166667
11000Hz_1,MUSIC_CSDM,-5,bubble 14 11000Hz .wav,0.596414,0.277778,1.527778
11000Hz_1,CBF,-10,bubble 14 11000Hz .wav,0.385901,0.333333,1.194444
11000Hz_1,MVDR,-10,bubble 14 11000Hz .wav,0.892787,-0.888889,0.916667
11000Hz_1,MUSIC,-10,bubble 14 11000Hz .wav,3.807177,-0.472222,4.777778
11000Hz_1,MUSIC_CSDM,-10,bubble 14 11000Hz .wav,0.892787,-0.888889,0.916667
11000Hz_1,CBF,-15,bubble 14 11000Hz .wav,3.866004,0.194444,4.861111
11000Hz_1,MVDR,-15,bubble 14 11000Hz .wav,0.785674,0.111111,0.222222
11000Hz_1,MUSIC,-15,bubble 14 11000Hz .wav,1.372402,-1.111111,0.194444
11000Hz_1,MUSIC_CSDM,-15,bubble 14 11000Hz .wav,0.785674,0.111111,0.222222
11000Hz_1,CBF,-20,bubble 14 11000Hz .wav,1.945238,-0.055556,2.944444
11000Hz_1,MVDR,-20,bubble 14 11000Hz .wav,1.340835,-1.027778,1.861111
11000Hz_1,MUSIC,-20,bubble 14 11000Hz .wav,3.146745,0.472222,4.111111
11000Hz_1,MUSIC_CSDM,-20,bubble 14 11000Hz .wav,1.340835,-1.027778,1.861111
11000Hz_1,CBF,clean,bubble 15 11000Hz .wav,2.838367,2.777778,1.583333
11000Hz_1,MVDR,clean,bubble 15 11000Hz .wav,0.141639,-0.027778,0.861111
11000Hz_1,MUSIC,clean,bubble 15 11000Hz .wav,1.374930,1.361111,0.805556
11000Hz_1,MUSIC_CSDM,clean,bubble 15 11000Hz .wav,0.168966,-0.027778,0.833333
11000Hz_1,CBF,20,bubble 15 11000Hz .wav,2.838367,2.777778,1.583333
11000Hz_1,MVDR,20,bubble 15 11000Hz .wav,0.141639,-0.027778,0.861111
11000Hz_1,MUSIC,20,bubble 15 11000Hz .wav,1.973005,-0.055556,2.972222
11000Hz_1,MUSIC_CSDM,20,bubble 15 11000Hz .wav,0.909908,-0.194444,1.888889
11000Hz_1,CBF,15,bubble 15 11000Hz .wav,2.838367,2.777778,1.583333
11000Hz_1,MVDR,15,bubble 15 11000Hz .wav,0.141639,-0.027778,0.861111
11000Hz_1,MUSIC,15,bubble 15 11000Hz .wav,0.754615,-0.750000,0.916667
11000Hz_1,MUSIC_CSDM,15,bubble 15 11000Hz .wav,4.687783,2.444444,5.000000
11000Hz_1,CBF,10,bubble 15 11000Hz .wav,2.838367,2.777778,1.583333
11000Hz_1,MVDR,10,bubble 15 11000Hz .wav,0.141639,-0.027778,0.861111
11000Hz_1,MUSIC,10,bubble 15 11000Hz .wav,1.110069,-0.583333,0.055556
11000Hz_1,MUSIC_CSDM,10,bubble 15 11000Hz .wav,3.908285,-0.388889,4.888889
11000Hz_1,CBF,5,bubble 15 11000Hz .wav,2.838367,2.777778,1.583333
11000Hz_1,MVDR,5,bubble 15 11000Hz .wav,0.141639,-0.027778,0.861111
11000Hz_1,MUSIC,5,bubble 15 11000Hz .wav,1.096079,1.083333,1.166667
11000Hz_1,MUSIC_CSDM,5,bubble 15 11000Hz .wav,0.141639,-0.027778,0.861111
11000Hz_1,CBF,0,bubble 15 11000Hz .wav,2.838367,2.777778,1.583333
11000Hz_1,MVDR,0,bubble 15 11000Hz .wav,0.141639,-0.027778,0.861111
11000Hz_1,MUSIC,0,bubble 15 11000Hz .wav,1.080481,-0.777778,0.250000
11000Hz_1,MUSIC_CSDM,0,bubble 15 11000Hz .wav,1.988586,1.805556,0.166667
11000Hz_1,CBF,-5,bubble 15 11000Hz .wav,1.242260,1.222222,1.222222
11000Hz_1,MVDR,-5,bubble 15 11000Hz .wav,4.201888,2.194444,4.583333
11000Hz_1,MUSIC,-5,bubble 15 11000Hz .wav,1.343997,-0.416667,2.277778
11000Hz_1,MUSIC_CSDM,-5,bubble 15 11000Hz .wav,3.567039,1.972222,3.972222
11000Hz_1,CBF,-10,bubble 15 11000Hz .wav,4.040688,1.277778,4.833333
11000Hz_1,MVDR,-10,bubble 15 11000Hz .wav,0.500771,0.500000,1.027778
11000Hz_1,MUSIC,-10,bubble 15 11000Hz .wav,1.907183,0.416667,2.861111
11000Hz_1,MUSIC_CSDM,-10,bubble 15 11000Hz .wav,0.534316,0.527778,1.083333
11000Hz_1,CBF,-15,bubble 15 11000Hz .wav,0.055556,0.000000,0.944444
11000Hz_1,MVDR,-15,bubble 15 11000Hz .wav,0.848019,-0.444444,0.277778
11000Hz_1,MUSIC,-15,bubble 15 11000Hz .wav,0.840708,0.833333,0.888889
11000Hz_1,MUSIC_CSDM,-15,bubble 15 11000Hz .wav,0.848019,-0.444444,0.277778
11000Hz_1,CBF,-20,bubble 15 11000Hz .wav,4.655824,2.833333,4.694444
11000Hz_1,MVDR,-20,bubble 15 11000Hz .wav,0.686061,-0.361111,0.416667
11000Hz_1,MUSIC,-20,bubble 15 11000Hz .wav,1.641006,1.361111,0.083333
11000Hz_1,MUSIC_CSDM,-20,bubble 15 11000Hz .wav,0.686061,-0.361111,0.416667
11000Hz_1,CBF,clean,bubble 16 11000Hz .wav,2.832789,2.777778,1.555556
11000Hz_1,MVDR,clean,bubble 16 11000Hz .wav,0.141639,-0.027778,0.861111
11000Hz_1,MUSIC,clean,bubble 16 11000Hz .wav,2.223784,-0.083333,3.222222
11000Hz_1,MUSIC_CSDM,clean,bubble 16 11000Hz .wav,4.306989,-0.111111,5.305556
11000Hz_1,CBF,20,bubble 16 11000Hz .wav,2.832789,2.777778,1.555556
11000Hz_1,MVDR,20,bubble 16 11000Hz .wav,0.141639,-0.027778,0.861111
11000Hz_1,MUSIC,20,bubble 16 11000Hz .wav,1.003466,0.750000,0.333333
11000Hz_1,MUSIC_CSDM,20,bubble 16 11000Hz .wav,1.232908,-1.138889,0.527778
11000Hz_1,CBF,15,bubble 16 11000Hz .wav,2.832789,2.777778,1.555556
11000Hz_1,MVDR,15,bubble 16 11000Hz .wav,0.141639,-0.027778,0.861111
11000Hz_1,MUSIC,15,bubble 16 11000Hz .wav,0.277778,0.277778,1.000000
11000Hz_1,MUSIC_CSDM,15,bubble 16 11000Hz .wav,0.062113,-0.027778,0.944444
11000Hz_1,CBF,10,bubble 16 11000Hz .wav,2.838367,2.777778,1.583333
11000Hz_1,MVDR,10,bubble 16 11000Hz .wav,0.141639,-0.027778,0.861111
11000Hz_1,MUSIC,10,bubble 16 11000Hz .wav,2.621286,-2.555556,1.583333
11000Hz_1,MUSIC_CSDM,10,bubble 16 11000Hz .wav,4.416667,-2.333333,4.750000
11000Hz_1,CBF,5,bubble 16 11000Hz .wav,1.740273,-1.583333,1.722222
11000Hz_1,MVDR,5,bubble 16 11000Hz .wav,0.141639,-0.027778,0.861111
11000Hz_1,MUSIC,5,bubble 16 11000Hz .wav,1.497426,-1.138889,1.972222
11000Hz_1,MUSIC_CSDM,5,bubble 16 11000Hz .wav,0.773799,0.277778,0.277778
11000Hz_1,CBF,0,bubble 16 11000Hz .wav,1.334779,-1.305556,0.722222
11000Hz_1,MVDR,0,bubble 16 11000Hz .wav,0.141639,-0.027778,0.861111
11000Hz_1,MUSIC,0,bubble 16 11000Hz .wav,2.081851,-1.777778,2.083333
11000Hz_1,MUSIC_CSDM,0,bubble 16 11000Hz .wav,0.946077,-0.611111,0.277778
11000Hz_1,CBF,-5,bubble 16 11000Hz .wav,2.832789,2.777778,1.555556
11000Hz_1,MVDR,-5,bubble 16 11000Hz .wav,5.695528,2.777778,5.972222
11000Hz_1,MUSIC,-5,bubble 16 11000Hz .wav,2.312072,1.333333,2.888889
11000Hz_1,MUSIC_CSDM,-5,bubble 16 11000Hz .wav,5.719795,2.777778,6.000000
11000Hz_1,CBF,-10,bubble 16 11000Hz .wav,0.908210,-0.361111,1.833333
11000Hz_1,MVDR,-10,bubble 16 11000Hz .wav,1.666667,1.000000,2.333333
11000Hz_1,MUSIC,-10,bubble 16 11000Hz .wav,0.629766,0.416667,0.527778
11000Hz_1,MUSIC_CSDM,-10,bubble 16 11000Hz .wav,1.666667,1.000000,2.333333
11000Hz_1,CBF,-15,bubble 16 11000Hz .wav,1.202492,1.194444,1.138889
11000Hz_1,MVDR,-15,bubble 16 11000Hz .wav,1.067187,0.833333,1.666667
11000Hz_1,MUSIC,-15,bubble 16 11000Hz .wav,1.783411,-1.083333,2.416667
11000Hz_1,MUSIC_CSDM,-15,bubble 16 11000Hz .wav,1.067187,0.833333,1.666667
11000Hz_1,CBF,-20,bubble 16 11000Hz .wav,2.023206,2.000000,0.694444
11000Hz_1,MVDR,-20,bubble 16 11000Hz .wav,1.280492,-0.083333,2.277778
11000Hz_1,MUSIC,-20,bubble 16 11000Hz .wav,0.512197,-0.111111,0.500000
11000Hz_1,MUSIC_CSDM,-20,bubble 16 11000Hz .wav,1.280492,-0.083333,2.277778
11000Hz_1,CBF,clean,bubble 17 11000Hz .wav,2.832789,2.777778,1.555556
11000Hz_1,MVDR,clean,bubble 17 11000Hz .wav,0.141639,-0.027778,0.861111
11000Hz_1,MUSIC,clean,bubble 17 11000Hz .wav,0.931695,-0.416667,1.833333
11000Hz_1,MUSIC_CSDM,clean,bubble 17 11000Hz .wav,4.251452,-0.111111,5.250000
11000Hz_1,CBF,20,bubble 17 11000Hz .wav,2.832789,2.777778,1.555556
11000Hz_1,MVDR,20,bubble 17 11000Hz .wav,0.141639,-0.027778,0.861111
11000Hz_1,MUSIC,20,bubble 17 11000Hz .wav,4.562072,0.750000,5.500000
11000Hz_1,MUSIC_CSDM,20,bubble 17 11000Hz .wav,1.424001,0.500000,2.333333
11000Hz_1,CBF,15,bubble 17 11000Hz .wav,2.832789,2.777778,1.555556
11000Hz_1,MVDR,15,bubble 17 11000Hz .wav,0.141639,-0.027778,0.861111
11000Hz_1,MUSIC,15,bubble 17 11000Hz .wav,0.671855,0.083333,0.333333
11000Hz_1,MUSIC_CSDM,15,bubble 17 11000Hz .wav,1.515608,1.138889,0.000000
11000Hz_1,CBF,10,bubble 17 11000Hz .wav,1.662263,-1.638889,0.722222
11000Hz_1,MVDR,10,bubble 17 11000Hz .wav,0.141639,-0.027778,0.861111
11000Hz_1,MUSIC,10,bubble 17 11000Hz .wav,1.225060,-1.222222,1.083333
11000Hz_1,MUSIC_CSDM,10,bubble 17 11000Hz .wav,0.485118,-0.194444,0.555556
11000Hz_1,CBF,5,bubble 17 11000Hz .wav,1.662263,-1.638889,0.722222
11000Hz_1,MVDR,5,bubble 17 11000Hz .wav,0.141639,-0.027778,0.861111
11000Hz_1,MUSIC,5,bubble 17 11000Hz .wav,2.583931,2.583333,1.055556
11000Hz_1,MUSIC_CSDM,5,bubble 17 11000Hz .wav,1.525503,-0.833333,2.277778
11000Hz_1,CBF,0,bubble 17 11000Hz .wav,1.831860,-1.194444,2.388889
11000Hz_1,MVDR,0,bubble 17 11000Hz .wav,0.923376,-0.916667,1.111111
11000Hz_1,MUSIC,0,bubble 17 11000Hz .wav,2.916534,-0.888889,3.777778
11000Hz_1,MUSIC_CSDM,0,bubble 17 11000Hz .wav,0.923376,-0.916667,1.111111
11000Hz_1,CBF,-5,bubble 17 11000Hz .wav,0.323942,0.166667,0.722222
11000Hz_1,MVDR,-5,bubble 17 11000Hz .wav,0.138889,-0.111111,1.083333
11000Hz_1,MUSIC,-5,bubble 17 11000Hz .wav,0.351364,0.333333,0.888889
11000Hz_1,MUSIC_CSDM,-5,bubble 17 11000Hz .wav,0.138889,-0.111111,1.083333
11000Hz_1,CBF,-10,bubble 17 11000Hz .wav,0.609214,-0.250000,0.444444
11000Hz_1,MVDR,-10,bubble 17 11000Hz .wav,3.655391,0.722222,4.583333
11000Hz_1,MUSIC,-10,bubble 17 11000Hz .wav,1.057017,-1.055556,0.944444
11000Hz_1,MUSIC_CSDM,-10,bubble 17 11000Hz .wav,3.655391,0.722222,4.583333
11000Hz_1,CBF,-15,bubble 17 11000Hz .wav,1.057746,0.916667,0.472222
11000Hz_1,MVDR,-15,bubble 17 11000Hz .wav,1.403809,0.638889,2.250000
11000Hz_1,MUSIC,-15,bubble 17 11000Hz .wav,0.553468,0.166667,1.527778
11000Hz_1,MUSIC_CSDM,-15,bubble 17 11000Hz .wav,1.403809,0.638889,2.250000
11000Hz_1,CBF,-20,bubble 17 11000Hz .wav,0.392837,0.388889,0.944444
11000Hz_1,MVDR,-20,bubble 17 11000Hz .wav,1.729599,-1.500000,1.861111
11000Hz_1,MUSIC,-20,bubble 17 11000Hz .wav,5.104540,1.027778,6.000000
11000Hz_1,MUSIC_CSDM,-20,bubble 17 11000Hz .wav,1.729599,-1.500000,1.861111
11000Hz_1,CBF,clean,bubble 18 11000Hz .wav,2.832789,2.777778,1.555556
11000Hz_1,MVDR,clean,bubble 18 11000Hz .wav,0.141639,-0.027778,0.861111
11000Hz_1,MUSIC,clean,bubble 18 11000Hz .wav,2.000771,-0.055556,3.000000
11000Hz_1,MUSIC_CSDM,clean,bubble 18 11000Hz .wav,0.168966,-0.027778,0.833333
11000Hz_1,CBF,20,bubble 18 11000Hz .wav,2.832789,2.777778,1.555556
11000Hz_1,MVDR,20,bubble 18 11000Hz .wav,0.141639,-0.027778,0.861111
11000Hz_1,MUSIC,20,bubble 18 11000Hz .wav,1.416667,1.250000,0.333333
11000Hz_1,MUSIC_CSDM,20,bubble 18 11000Hz .wav,0.196419,-0.027778,0.805556
11000Hz_1,CBF,15,bubble 18 11000Hz .wav,2.832789,2.777778,1.555556
11000Hz_1,MVDR,15,bubble 18 11000Hz .wav,0.141639,-0.027778,0.861111
11000Hz_1,MUSIC,15,bubble 18 11000Hz .wav,1.548097,-1.527778,1.250000
11000Hz_1,MUSIC_CSDM,15,bubble 18 11000Hz .wav,4.485316,-2.583333,4.666667
11000Hz_1,CBF,10,bubble 18 11000Hz .wav,2.838367,2.777778,1.583333
11000Hz_1,MVDR,10,bubble 18 11000Hz .wav,0.168966,-0.027778,0.833333
11000Hz_1,MUSIC,10,bubble 18 11000Hz .wav,1.543855,-1.527778,1.222222
11000Hz_1,MUSIC_CSDM,10,bubble 18 11000Hz .wav,2.228637,2.194444,1.388889
11000Hz_1,CBF,5,bubble 18 11000Hz .wav,1.662263,-1.638889,0.722222
11000Hz_1,MVDR,5,bubble 18 11000Hz .wav,0.141639,-0.027778,0.861111
11000Hz_1,MUSIC,5,bubble 18 11000Hz .wav,1.515608,-1.361111,1.666667
11000Hz_1,MUSIC_CSDM,5,bubble 18 11000Hz .wav,5.147215,1.222222,6.000000
11000Hz_1,CBF,0,bubble 18 11000Hz .wav,0.931695,0.416667,0.166667
11000Hz_1,MVDR,0,bubble 18 11000Hz .wav,0.377819,-0.111111,1.361111
11000Hz_1,MUSIC,0,bubble 18 11000Hz .wav,1.139228,-0.027778,2.138889
11000Hz_1,MUSIC_CSDM,0,bubble 18 11000Hz .wav,0.404451,-0.111111,1.388889
11000Hz_1,CBF,-5,bubble 18 11000Hz .wav,1.307622,-1.277778,0.722222
11000Hz_1,MVDR,-5,bubble 18 11000Hz .wav,2.784575,-2.638889,1.888889
11000Hz_1,MUSIC,-5,bubble 18 11000Hz .wav,1.169639,1.166667,1.083333
11000Hz_1,MUSIC_CSDM,-5,bubble 18 11000Hz .wav,2.188106,-2.166667,1.305556
11000Hz_1,CBF,-10,bubble 18 11000Hz .wav,1.810890,-1.805556,1.138889
11000Hz_1,MVDR,-10,bubble 18 11000Hz .wav,1.540603,1.388889,1.666667
11000Hz_1,MUSIC,-10,bubble 18 11000Hz .wav,1.266862,-1.222222,1.333333
11000Hz_1,MUSIC_CSDM,-10,bubble 18 11000Hz .wav,3.064381,-2.194444,3.138889
11000Hz_1,CBF,-15,bubble 18 11000Hz .wav,1.284403,-1.194444,0.527778
11000Hz_1,MVDR,-15,bubble 18 11000Hz .wav,2.734242,2.555556,1.972222
11000Hz_1,MUSIC,-15,bubble 18 11000Hz .wav,0.348055,-0.166667,1.305556
11000Hz_1,MUSIC_CSDM,-15,bubble 18 11000Hz .wav,2.343891,-2.333333,1.222222
11000Hz_1,CBF,-20,bubble 18 11000Hz .wav,1.041204,-0.722222,1.750000
11000Hz_1,MVDR,-20,bubble 18 11000Hz .wav,2.187401,1.666667,2.416667
11000Hz_1,MUSIC,-20,bubble 18 11000Hz .wav,1.033766,0.527778,0.111111
11000Hz_1,MUSIC_CSDM,-20,bubble 18 11000Hz .wav,2.187401,1.666667,2.416667
11000Hz_1,CBF,clean,bubble 19 11000Hz .wav,2.832789,2.777778,1.555556
11000Hz_1,MVDR,clean,bubble 19 11000Hz .wav,0.141639,-0.027778,0.861111
11000Hz_1,MUSIC,clean,bubble 19 11000Hz .wav,0.039284,-0.027778,0.972222
11000Hz_1,MUSIC_CSDM,clean,bubble 19 11000Hz .wav,0.062113,-0.027778,0.944444
11000Hz_1,CBF,20,bubble 19 11000Hz .wav,2.832789,2.777778,1.555556
11000Hz_1,MVDR,20,bubble 19 11000Hz .wav,0.141639,-0.027778,0.861111
11000Hz_1,MUSIC,20,bubble 19 11000Hz .wav,1.696038,-1.444444,1.888889
11000Hz_1,MUSIC_CSDM,20,bubble 19 11000Hz .wav,0.168966,-0.027778,0.833333
11000Hz_1,CBF,15,bubble 19 11000Hz .wav,2.832789,2.777778,1.555556
11000Hz_1,MVDR,15,bubble 19 11000Hz .wav,0.141639,-0.027778,0.861111
11000Hz_1,MUSIC,15,bubble 19 11000Hz .wav,1.915056,-1.750000,0.222222
11000Hz_1,MUSIC_CSDM,15,bubble 19 11000Hz .wav,0.141639,-0.027778,0.861111
11000Hz_1,CBF,10,bubble 19 11000Hz .wav,1.662263,-1.638889,0.722222
11000Hz_1,MVDR,10,bubble 19 11000Hz .wav,0.141639,-0.027778,0.861111
11000Hz_1,MUSIC,10,bubble 19 11000Hz .wav,0.412946,0.388889,0.861111
11000Hz_1,MUSIC_CSDM,10,bubble 19 11000Hz .wav,0.141639,-0.027778,0.861111
11000Hz_1,CBF,5,bubble 19 11000Hz .wav,1.662263,-1.638889,0.722222
11000Hz_1,MVDR,5,bubble 19 11000Hz .wav,0.141639,-0.027778,0.861111
11000Hz_1,MUSIC,5,bubble 19 11000Hz .wav,2.444602,-2.444444,0.972222
11000Hz_1,MUSIC_CSDM,5,bubble 19 11000Hz .wav,1.147326,-1.138889,0.861111
11000Hz_1,CBF,0,bubble 19 11000Hz .wav,0.527778,0.000000,1.527778
11000Hz_1,MVDR,0,bubble 19 11000Hz .wav,0.168966,-0.027778,0.833333
11000Hz_1,MUSIC,0,bubble 19 11000Hz .wav,1.939279,-1.527778,2.194444
11000Hz_1,MUSIC_CSDM,0,bubble 19 11000Hz .wav,0.141639,-0.027778,0.861111
11000Hz_1,CBF,-5,bubble 19 11000Hz .wav,1.334779,-1.305556,0.722222
11000Hz_1,MVDR,-5,bubble 19 11000Hz .wav,2.194444,0.000000,3.194444
11000Hz_1,MUSIC,-5,bubble 19 11000Hz .wav,2.403861,-2.222222,1.916667
11000Hz_1,MUSIC_CSDM,-5,bubble 19 11000Hz .wav,1.019108,0.305556,1.972222
11000Hz_1,CBF,-10,bubble 19 11000Hz .wav,1.288602,1.277778,0.833333
11000Hz_1,MVDR,-10,bubble 19 11000Hz .wav,4.236999,-1.972222,4.750000
11000Hz_1,MUSIC,-10,bubble 19 11000Hz .wav,0.609847,0.527778,1.305556
11000Hz_1,MUSIC_CSDM,-10,bubble 19 11000Hz .wav,4.236999,-1.972222,4.750000
11000Hz_1,CBF,-15,bubble 19 11000Hz .wav,3.057070,-2.888889,2.000000
11000Hz_1,MVDR,-15,bubble 19 11000Hz .wav,0.351364,0.333333,0.888889
11000Hz_1,MUSIC,-15,bubble 19 11000Hz .wav,1.352866,1.277778,1.444444
11000Hz_1,MUSIC_CSDM,-15,bubble 19 11000Hz .wav,0.351364,0.333333,0.888889
11000Hz_1,CBF,-20,bubble 19 11000Hz .wav,1.027778,-0.333333,0.027778
11000Hz_1,MVDR,-20,bubble 19 11000Hz .wav,2.328202,-2.194444,1.777778
11000Hz_1,MUSIC,-20,bubble 19 11000Hz .wav,0.237333,0.083333,0.777778
11000Hz_1,MUSIC_CSDM,-20,bubble 19 11000Hz .wav,2.328202,-2.194444,1.777778
11000Hz_1,CBF,clean,bubble 20 11000Hz .wav,2.832789,2.777778,1.555556
11000Hz_1,MVDR,clean,bubble 20 11000Hz .wav,0.141639,-0.027778,0.861111
11000Hz_1,MUSIC,clean,bubble 20 11000Hz .wav,2.001735,-0.083333,3.000000
11000Hz_1,MUSIC_CSDM,clean,bubble 20 11000Hz .wav,4.306989,-0.111111,5.305556
11000Hz_1,CBF,20,bubble 20 11000Hz .wav,1.662263,-1.638889,0.722222
11000Hz_1,MVDR,20,bubble 20 11000Hz .wav,0.141639,-0.027778,0.861111
11000Hz_1,MUSIC,20,bubble 20 11000Hz .wav,2.824196,2.194444,2.777778
11000Hz_1,MUSIC_CSDM,20,bubble 20 11000Hz .wav,4.239184,1.138889,5.083333
11000Hz_1,CBF,15,bubble 20 11000Hz .wav,2.832789,2.777778,1.555556
11000Hz_1,MVDR,15,bubble 20 11000Hz .wav,0.141639,-0.027778,0.861111
11000Hz_1,MUSIC,15,bubble 20 11000Hz .wav,2.043131,2.027778,1.250000
11000Hz_1,MUSIC_CSDM,15,bubble 20 11000Hz .wav,1.612547,-1.583333,1.305556
11000Hz_1,CBF,10,bubble 20 11000Hz .wav,0.754615,-0.083333,0.250000
11000Hz_1,MVDR,10,bubble 20 11000Hz .wav,0.141639,-0.027778,0.861111
11000Hz_1,MUSIC,10,bubble 20 11000Hz .wav,0.702728,-0.222222,0.333333
11000Hz_1,MUSIC_CSDM,10,bubble 20 11000Hz .wav,0.927129,-0.138889,0.083333
11000Hz_1,CBF,5,bubble 20 11000Hz .wav,1.662263,-1.638889,0.722222
11000Hz_1,MVDR,5,bubble 20 11000Hz .wav,0.141639,-0.027778,0.861111
11000Hz_1,MUSIC,5,bubble 20 11000Hz .wav,4.403720,0.611111,5.361111
11000Hz_1,MUSIC_CSDM,5,bubble 20 11000Hz .wav,1.672444,1.638889,0.666667
11000Hz_1,CBF,0,bubble 20 11000Hz .wav,0.527778,0.000000,1.527778
11000Hz_1,MVDR,0,bubble 20 11000Hz .wav,0.141639,-0.027778,0.861111
11000Hz_1,MUSIC,0,bubble 20 11000Hz .wav,2.568205,2.000000,2.611111
11000Hz_1,MUSIC_CSDM,0,bubble 20 11000Hz .wav,0.784200,0.305556,1.722222
11000Hz_1,CBF,-5,bubble 20 11000Hz .wav,0.555556,0.000000,1.555556
11000Hz_1,MVDR,-5,bubble 20 11000Hz .wav,1.040091,-0.583333,0.138889
11000Hz_1,MUSIC,-5,bubble 20 11000Hz .wav,1.622565,-1.277778,2.000000
11000Hz_1,MUSIC_CSDM,-5,bubble 20 11000Hz .wav,1.017213,-0.583333,0.166667
11000Hz_1,CBF,-10,bubble 20 11000Hz .wav,4.083239,2.277778,4.388889
11000Hz_1,MVDR,-10,bubble 20 11000Hz .wav,0.948114,-0.083333,1.944444
11000Hz_1,MUSIC,-10,bubble 20 11000Hz .wav,0.889323,0.694444,0.444444
11000Hz_1,MUSIC_CSDM,-10,bubble 20 11000Hz .wav,1.017213,-0.583333,1.833333
11000Hz_1,CBF,-15,bubble 20 11000Hz .wav,1.783195,-0.555556,2.694444
11000Hz_1,MVDR,-15,bubble 20 11000Hz .wav,0.547159,0.222222,0.500000
11000Hz_1,MUSIC,-15,bubble 20 11000Hz .wav,1.084757,1.055556,1.250000
11000Hz_1,MUSIC_CSDM,-15,bubble 20 11000Hz .wav,0.547159,0.222222,0.500000
11000Hz_1,CBF,-20,bubble 20 11000Hz .wav,0.578018,0.472222,1.333333
11000Hz_1,MVDR,-20,bubble 20 11000Hz .wav,0.474667,0.444444,1.166667
11000Hz_1,MUSIC,-20,bubble 20 11000Hz .wav,4.819985,-2.166667,5.305556
11000Hz_1,MUSIC_CSDM,-20,bubble 20 11000Hz .wav,0.474667,0.444444,1.166667